month,bank,bank_name_as_published,bank_group,atms_onsite,atms_offsite,pos_terminals,micro_atms,bharat_qr_codes,upi_qr_codes,credit_cards,debit_cards,credit_pos_n,credit_pos_v,credit_online_n,credit_online_v,credit_other_n,credit_other_v,credit_atm_cash_n,credit_atm_cash_v,debit_pos_n,debit_pos_v,debit_online_n,debit_online_v,debit_other_n,debit_other_v,debit_atm_cash_n,debit_atm_cash_v,debit_pos_cash_n,debit_pos_cash_v
2023-01,AIRTEL PAYMENTS BANK,AIRTEL PAYMENTS BANK,Payments bank,0.0,0.0,0.0,48575.0,0.0,4459903.0,0.0,3817705.0,0.0,0.0,0.0,0.0,0.0,0.0,0.0,0.0,0.0,0.0,254817.0,193167.0,0.0,0.0,3.0,2.0,0.0,0.0
2023-01,AMERICAN EXPRESS BANKING CORPORATION,AMERICAN EXPRESS BANKING CORPORATION,Foreign,0.0,0.0,51207.0,0.0,0.0,0.0,1326051.0,0.0,1094967.0,8108053.0,3094806.0,23604039.0,0.0,0.0,0.0,0.0,0.0,0.0,0.0,0.0,0.0,0.0,0.0,0.0,0.0,0.0
2023-01,AU SMALL FINANCE BANK,AU SMALL FINANCE BANK LTD,Small finance,485.0,3.0,0.0,356.0,0.0,928370.0,418680.0,2425014.0,601536.0,3328694.0,709219.0,4302552.0,1665.0,836.0,5374.0,33231.0,238273.0,609226.0,251550.0,662656.0,175.0,2739.0,979181.0,6308578.0,338.0,335.0
2023-01,AXIS BANK,AXIS BANK LTD,Private sector,5620.0,9827.0,1378867.0,847.0,560053.0,52888182.0,9585255.0,28890599.0,19596982.0,61611990.0,12950202.0,56022077.0,0.0,0.0,67818.0,267744.0,9329694.0,22540610.0,3986633.0,13125277.0,18305.0,463450.0,20730852.0,127513892.0,0.0,0.0
2023-01,BANDHAN BANK,BANDHAN BANK LTD,Private sector,423.0,5.0,38431.0,0.0,0.0,0.0,0.0,5329042.0,0.0,0.0,0.0,0.0,0.0,0.0,0.0,0.0,476876.0,1189557.0,215592.0,628480.0,0.0,0.0,2584931.0,13316387.0,30107.0,29693.0
2023-01,BANK OF AMERICA,BANK OF AMERICA,Foreign,0.0,0.0,0.0,0.0,0.0,0.0,3.0,0.0,0.0,0.0,0.0,0.0,0.0,0.0,0.0,0.0,0.0,0.0,0.0,0.0,0.0,0.0,0.0,0.0,0.0,0.0
2023-01,BANK OF BARODA,BANK OF BARODA,Public sector,8799.0,2662.0,23381.0,40945.0,9372.0,1042439.0,1824299.0,80696087.0,2309745.0,6792765.0,2053933.0,10337950.0,0.0,0.0,11844.0,57225.0,6606778.0,13114662.0,2267410.0,5713638.0,9.0,25.0,26702683.0,124798526.0,1018.0,909.0
2023-01,BANK OF INDIA,BANK OF INDIA,Public sector,5318.0,2866.0,42778.0,15608.0,103.0,557616.0,84722.0,46824899.0,160155.0,552853.0,70937.0,253456.0,0.0,0.0,10155.0,59109.0,4362722.0,7660196.0,1597922.0,2554862.0,0.0,0.0,17499410.0,68313617.0,3385.0,3295.0
2023-01,BANK OF MAHARASHTRA,BANK OF MAHARASHTRA,Public sector,1851.0,434.0,1884.0,1971.0,355014.0,1061100.0,33716.0,13271463.0,60253.0,235888.0,23581.0,119705.0,0.0,0.0,1080.0,4998.0,1836309.0,2878445.0,696053.0,1060807.0,7757.0,87053.0,6396878.0,26966288.0,0.0,0.0
2023-01,BARCLAYS BANK,BARCLAYS BANK PLC,Foreign,0.0,361.0,0.0,0.0,1.0,0.0,0.0,890.0,0.0,0.0,0.0,0.0,0.0,0.0,0.0,0.0,18.0,133.0,1.0,23.0,0.0,0.0,287.0,2450.0,0.0,0.0
2023-01,CANARA BANK,CANARA BANK,Public sector,8097.0,4030.0,61949.0,10273.0,58.0,2378299.0,610068.0,49589295.0,809740.0,2288331.0,280410.0,1077445.0,0.0,0.0,66160.0,341154.0,9080661.0,19345275.0,1991696.0,4372541.0,5697.0,89363.0,33347105.0,149646726.0,1313.0,1121.0
2023-01,CAPITAL SMALL FINANCE BANK,CAPITAL SMALL FINANCE BANK LTD,Small finance,168.0,2.0,0.0,0.0,0.0,0.0,0.0,207556.0,0.0,0.0,0.0,0.0,0.0,0.0,0.0,0.0,39130.0,112537.0,11658.0,31273.0,0.0,0.0,124582.0,698867.0,0.0,0.0
2023-01,CENTRAL BANK OF INDIA,CENTRAL BANK OF INDIA,Public sector,1696.0,324.0,2060.0,9254.0,7038.0,327546.0,0.0,28029550.0,0.0,0.0,0.0,0.0,0.0,0.0,0.0,0.0,2804597.0,6212433.0,508168.0,1170727.0,0.0,0.0,8798451.0,39090354.0,9762.0,9876.0
2023-01,CITI BANK,CITI BANK,Foreign,430.0,47.0,0.0,0.0,0.0,0.0,2477654.0,1237591.0,8666792.0,23629110.0,2985272.0,18167027.0,0.0,0.0,11451.0,67892.0,723109.0,1940295.0,770574.0,2601919.0,0.0,0.0,766718.0,4288467.0,0.0,0.0
2023-01,CITY UNION BANK,CITY UNION BANK LTD.,Private sector,1123.0,563.0,7023.0,32449.0,0.0,42951.0,4199.0,2715112.0,7804.0,17196.0,2820.0,13708.0,0.0,0.0,97.0,366.0,791129.0,1635204.0,125844.0,264151.0,0.0,0.0,2682169.0,13737168.0,0.0,0.0
2023-01,CSB BANK,CSB BANK LTD.,Private sector,462.0,53.0,0.0,1188.0,5733.0,0.0,1400.0,871705.0,1994.0,10170.0,2062.0,22605.0,0.0,0.0,0.0,0.0,247100.0,441167.0,31331.0,69058.0,12.0,101.0,513844.0,2396451.0,10.0,6.0
2023-01,DBS BANK INDIA,DBS INDIA BANK LTD,Foreign,449.0,499.0,473.0,83.0,0.0,3457.0,171575.0,1841460.0,199132.0,733832.0,123739.0,1048166.0,0.0,0.0,2845.0,8847.0,475765.0,802631.0,140323.0,303198.0,0.0,0.0,1061234.0,4836852.0,0.0,0.0
2023-01,DCB BANK,DCB BANK LTD,Private sector,383.0,7.0,8727.0,0.0,7035.0,0.0,0.0,942892.0,0.0,0.0,0.0,0.0,0.0,0.0,0.0,0.0,142836.0,350371.0,31729.0,130496.0,392.0,13152.0,281689.0,1563917.0,0.0,0.0
2023-01,DEUTSCHE BANK,DEUTSCHE BANK LTD,Foreign,13.0,18.0,0.0,0.0,0.0,4.0,0.0,116575.0,0.0,0.0,0.0,0.0,0.0,0.0,0.0,0.0,48637.0,129075.0,23217.0,69721.0,0.0,0.0,46228.0,254340.0,0.0,0.0
2023-01,DHANALAKSHMI BANK,DHANALAKSHMI BANK LTD,Private sector,225.0,42.0,1472.0,0.0,0.0,27100.0,8781.0,533066.0,22238.0,46553.0,6011.0,19197.0,9.0,28.0,202.0,674.0,247915.0,399335.0,22532.0,56937.0,0.0,0.0,482142.0,2062798.0,0.0,0.0
2023-01,EQUITAS SMALL FINANCE BANK,EQUITAS SMALL FINANCE BANK LTD,Small finance,345.0,3.0,22008.0,287.0,41285.0,0.0,0.0,3237558.0,0.0,0.0,0.0,0.0,0.0,0.0,0.0,0.0,245605.0,412624.0,75002.0,302063.0,0.0,0.0,1267202.0,3577094.0,0.0,0.0
2023-01,ESAF SMALL FINANCE BANK,ESAF SMALL FINANCE BANK LTD,Small finance,501.0,2.0,0.0,1802.0,0.0,0.0,0.0,4920739.0,0.0,0.0,0.0,0.0,0.0,0.0,0.0,0.0,257621.0,343930.0,17068.0,33986.0,0.0,0.0,995372.0,4645291.0,51.0,36.0
2023-01,FEDERAL BANK,FEDERAL BANK LTD,Private sector,1549.0,350.0,18268.0,0.0,61809.0,3874238.0,491928.0,12092975.0,1127130.0,3445977.0,1069702.0,5788406.0,0.0,0.0,4342.0,18538.0,5015373.0,9290073.0,1699018.0,4276755.0,2336.0,29062.0,9194584.0,44634147.0,215.0,186.0
2023-01,FINCARE SMALL FINANCE BANK,FINCARE SMALL FINANCE BANK LTD,Small finance,138.0,0.0,0.0,0.0,0.0,0.0,0.0,4249826.0,0.0,0.0,0.0,0.0,0.0,0.0,0.0,0.0,48300.0,62346.0,5817.0,10944.0,0.0,0.0,784622.0,3921973.0,0.0,0.0
2023-01,FINO PAYMENTS BANK,FINO PAYMENTS BANK,Payments bank,0.0,0.0,0.0,360336.0,0.0,18713.0,0.0,6219214.0,0.0,0.0,0.0,0.0,0.0,0.0,0.0,0.0,204988.0,455860.0,15928.0,20392.0,0.0,0.0,1842123.0,5811603.0,189.0,111.0
2023-01,HDFC BANK,HDFC BANK LTD,Private sector,9834.0,9391.0,1568092.0,4232.0,1682104.0,0.0,17235273.0,50135874.0,33708287.0,130533154.0,29259189.0,221783618.0,0.0,0.0,210331.0,1189855.0,21043810.0,54080884.0,13615454.0,39580662.0,95602.0,1594360.0,40939446.0,244580730.0,67209.0,67152.0
2023-01,HSBC,HSBC LTD,Foreign,46.0,28.0,0.0,0.0,0.0,0.0,684237.0,574279.0,738636.0,2437867.0,1045794.0,4904598.0,0.0,0.0,1663.0,13031.0,320258.0,989933.0,0.0,0.0,0.0,0.0,254343.0,1432087.0,0.0,0.0
2023-01,ICICI BANK,ICICI BANK LTD,Private sector,8891.0,7709.0,1224102.0,9393.0,556911.0,2796507.0,13655812.0,32681104.0,19826650.0,69055283.0,28361957.0,148918552.0,37.0,1472.0,53319.0,260383.0,13449806.0,36178777.0,5258185.0,19832942.0,25073.0,248060.0,21393532.0,140080612.0,15.0,5.0
2023-01,IDBI BANK,IDBI BANK LTD,Private sector,2235.0,1116.0,22335.0,196.0,8033.0,221556.0,44023.0,12262322.0,74743.0,226300.0,46374.0,161824.0,0.0,0.0,482.0,2717.0,2143820.0,4280947.0,427873.0,1022799.0,0.0,0.0,6356308.0,30827893.0,338.0,336.0
2023-01,IDFC FIRST BANK,IDFC FIRST BANK LTD,Private sector,644.0,243.0,35253.0,10103.0,0.0,38079.0,1420664.0,5969226.0,2099531.0,6903395.0,1701086.0,10961000.0,0.0,0.0,23654.0,88368.0,1069241.0,2304004.0,371464.0,1576091.0,0.0,0.0,3834658.0,18890594.0,0.0,0.0
2023-01,INDIA POST PAYMENTS BANK,INDIA POST PAYMENTS BANK,Payments bank,0.0,0.0,0.0,149611.0,0.0,122293.0,0.0,8884477.0,0.0,0.0,0.0,0.0,0.0,0.0,0.0,0.0,0.0,0.0,448910.0,588059.0,0.0,0.0,0.0,0.0,0.0,0.0
2023-01,INDIAN BANK,INDIAN BANK,Public sector,4366.0,604.0,14837.0,10329.0,0.0,1183552.0,154234.0,29042234.0,137416.0,465406.0,68539.0,276571.0,0.0,0.0,3196.0,21154.0,5072748.0,10012648.0,2032739.0,3516056.0,4319.0,65661.0,20180616.0,93338086.0,62263.0,62121.0
2023-01,INDIAN OVERSEAS BANK,INDIAN OVERSEAS BANK,Public sector,2710.0,749.0,0.0,0.0,0.0,247753.0,77361.0,16102621.0,71618.0,180398.0,25199.0,70552.0,0.0,0.0,2288.0,10789.0,3373955.0,6374055.0,936804.0,1696393.0,0.0,0.0,15223592.0,62636852.0,0.0,0.0
2023-01,INDUSIND BANK,INDUSIND BANK LTD,Private sector,1664.0,1242.0,260049.0,146.0,58134.0,3212004.0,2117950.0,8137752.0,3658870.0,18046666.0,2353655.0,46604269.0,0.0,0.0,26999.0,134792.0,1386630.0,3172239.0,838206.0,2794797.0,895.0,55423.0,5155183.0,25422980.0,0.0,0.0
2023-01,JAMMU AND KASHMIR BANK,JAMMU AND KASHMIR BANK LTD,Private sector,859.0,622.0,11633.0,945.0,0.0,118771.0,87500.0,3772532.0,172433.0,1092786.0,124877.0,333182.0,0.0,0.0,7079.0,28063.0,1624539.0,2864852.0,2763069.0,1215351.0,0.0,0.0,5507801.0,27698898.0,4.0,4.0
2023-01,JANA SMALL FINANCE BANK,JANA SMALL FINANCE BANK LTD,Small finance,59.0,2.0,0.0,159.0,0.0,494587.0,0.0,2668149.0,0.0,0.0,0.0,0.0,0.0,0.0,0.0,0.0,54858.0,92520.0,8146.0,18957.0,0.0,0.0,386609.0,2012099.0,0.0,0.0
2023-01,JIO PAYMENTS BANK,JIO PAYMENTS BANK,Payments bank,0.0,0.0,0.0,0.0,0.0,0.0,0.0,0.0,0.0,0.0,0.0,0.0,0.0,0.0,0.0,0.0,0.0,0.0,0.0,0.0,0.0,0.0,0.0,0.0,0.0,0.0
2023-01,KARNATAKA BANK,KARNATAKA BANK LTD,Private sector,873.0,587.0,9347.0,0.0,0.0,45909.0,0.0,5178073.0,0.0,0.0,0.0,0.0,0.0,0.0,0.0,0.0,1582146.0,2394065.0,202179.0,436937.0,0.0,0.0,4360525.0,19411367.0,0.0,0.0
2023-01,KARUR VYSYA BANK,KARUR VYSYA BANK LTD,Private sector,1386.0,841.0,11570.0,0.0,0.0,23108.0,9965.0,4207271.0,30888.0,192614.0,8595.0,95901.0,0.0,0.0,870.0,6698.0,1736916.0,3703829.0,306498.0,913396.0,9032.0,196909.0,4842681.0,22925561.0,0.0,0.0
2023-01,KOTAK MAHINDRA BANK,KOTAK MAHINDRA BANK LTD,Private sector,1495.0,1361.0,71645.0,11267.0,54430.0,384910.0,4809780.0,27626811.0,5360673.0,17500164.0,4223221.0,25841754.0,0.0,0.0,48881.0,179613.0,4117389.0,8009774.0,2926013.0,6757732.0,0.0,0.0,11700286.0,53201089.0,0.0,0.0
2023-01,NAINITAL BANK,NAINITAL BANK LTD,Private sector,0.0,0.0,0.0,0.0,0.0,0.0,0.0,200911.0,0.0,0.0,0.0,0.0,0.0,0.0,0.0,0.0,28819.0,52235.0,15909.0,34273.0,0.0,0.0,92367.0,423362.0,26.0,20.0
2023-01,NORTH EAST SMALL FINANCE BANK,NORTH EAST SMALL FINANCE BANK LTD,Small finance,10.0,1.0,0.0,0.0,0.0,0.0,0.0,381660.0,0.0,0.0,0.0,0.0,0.0,0.0,0.0,0.0,13372.0,18587.0,0.0,0.0,0.0,0.0,52294.0,209241.0,0.0,0.0
2023-01,NSDL PAYMENTS BANK,NSDL PAYMENTS BANK,Payments bank,0.0,0.0,0.0,247004.0,0.0,0.0,0.0,480639.0,0.0,0.0,0.0,0.0,0.0,0.0,0.0,0.0,794.0,753.0,36230.0,18873.0,0.0,0.0,4235.0,16127.0,0.0,0.0
2023-01,PAYTM PAYMENTS BANK,PAYTM PAYMENTS BANK,Payments bank,1.0,62.0,571971.0,0.0,0.0,28036489.0,0.0,37850239.0,0.0,0.0,0.0,0.0,0.0,0.0,0.0,0.0,481539.0,605298.0,1368463.0,2172131.0,0.0,0.0,1563406.0,6280297.0,0.0,0.0
2023-01,PUNJAB AND SIND BANK,PUNJAB AND SIND BANK,Public sector,797.0,21.0,1005.0,357.0,1099.0,29578.0,0.0,3633066.0,0.0,0.0,0.0,0.0,0.0,0.0,0.0,0.0,651857.0,1478384.0,107909.0,360599.0,0.0,0.0,1564920.0,7176403.0,0.0,0.0
2023-01,PUNJAB NATIONAL BANK,PUNJAB NATIONAL BANK,Public sector,8129.0,4773.0,45730.0,11265.0,618027.0,76450.0,324010.0,41657959.0,491125.0,1625206.0,190708.0,686020.0,0.0,0.0,4293.0,13563.0,6760160.0,15174020.0,3301144.0,6750601.0,0.0,0.0,27020904.0,131984291.0,0.0,0.0
2023-01,RBL BANK,RBL BANK LTD,Private sector,371.0,39.0,873821.0,0.0,47441.0,74672.0,4319355.0,1558896.0,7187059.0,30391781.0,3220684.0,23457937.0,0.0,0.0,44077.0,140311.0,276774.0,612894.0,117681.0,467582.0,120.0,7162.0,640645.0,3157272.0,0.0,0.0
2023-01,SBM BANK INDIA,SBM BANK INDIA LTD,Foreign,0.0,0.0,0.0,346949.0,0.0,0.0,1003949.0,535402.0,492103.0,1706837.0,1165679.0,4123519.0,0.0,0.0,46580.0,283405.0,52162.0,83485.0,29496.0,105329.0,0.0,0.0,82711.0,191511.0,0.0,0.0
2023-01,SHIVALIK SMALL FINANCE BANK,SHIVALIK SMALL FINANCE BANK LTD,Small finance,32.0,1.0,0.0,279.0,0.0,0.0,0.0,88305.0,0.0,0.0,0.0,0.0,0.0,0.0,0.0,0.0,6341.0,14453.0,5265.0,16137.0,0.0,0.0,36973.0,195039.0,0.0,0.0
2023-01,SOUTH INDIAN BANK,SOUTH INDIAN BANK,Private sector,858.0,419.0,14260.0,0.0,6362.0,71576.0,195708.0,3723175.0,520294.0,1611604.0,444731.0,2905154.0,0.0,0.0,0.0,0.0,1713802.0,3288344.0,288334.0,860345.0,0.0,0.0,3156602.0,14254095.0,0.0,0.0
2023-01,STANDARD CHARTERED BANK,STANDARD CHARTERED BANK LTD,Foreign,103.0,73.0,0.0,0.0,0.0,0.0,1066900.0,1153786.0,1526305.0,4752187.0,1383115.0,6290158.0,0.0,0.0,2761.0,16750.0,958437.0,2056326.0,126914.0,608826.0,39.0,633.0,872297.0,4105762.0,0.0,0.0
2023-01,STATE BANK OF INDIA,STATE BANK OF INDIA,Public sector,25649.0,39993.0,1138665.0,51935.0,577624.0,2164013.0,16210142.0,273051248.0,27371804.0,82482573.0,20132186.0,160489331.0,0.0,0.0,122676.0,445459.0,50761596.0,104614479.0,20653288.0,40018045.0,1739.0,24580.0,191631604.0,924421768.0,47733.0,44843.0
2023-01,SURYODAY SMALL FINANCE BANK,SURYODAY SMALL FINANCE BANK LTD,Small finance,0.0,0.0,0.0,67.0,0.0,0.0,0.0,557093.0,0.0,0.0,0.0,0.0,0.0,0.0,0.0,0.0,19072.0,25514.0,2055.0,5407.0,0.0,0.0,185693.0,567078.0,0.0,0.0
2023-01,TAMILNAD MERCANTILE BANK,TAMILNAD MERCANTILE BANK LTD,Private sector,482.0,666.0,5916.0,0.0,0.0,0.0,40939.0,2169669.0,58003.0,253207.0,12658.0,64624.0,0.0,0.0,2424.0,9138.0,456269.0,1013301.0,96470.0,192890.0,85.0,257.0,4883615.0,20451725.0,0.0,0.0
2023-01,UCO BANK,UCO BANK,Public sector,2199.0,217.0,10573.0,3568.0,1467.0,549858.0,0.0,12318323.0,0.0,0.0,0.0,0.0,0.0,0.0,0.0,0.0,1982253.0,3705330.0,438520.0,1112200.0,945.0,13896.0,7031156.0,31006516.0,1454.0,1359.0
2023-01,UJJIVAN SMALL FINANCE BANK,UJJIVAN SMALL FINANCE BANK LTD,Small finance,508.0,3.0,0.0,0.0,0.0,325958.0,0.0,8416877.0,0.0,0.0,0.0,0.0,0.0,0.0,0.0,0.0,301846.0,462341.0,117265.0,259288.0,0.0,0.0,3530737.0,15606243.0,125.0,102.0
2023-01,UNION BANK OF INDIA,UNION BANK OF INDIA,Public sector,8042.0,3190.0,40128.0,8017.0,40789.0,237312.0,601682.0,46762427.0,605637.0,2046633.0,354958.0,1330576.0,0.0,0.0,7630.0,53771.0,8460349.0,15209067.0,4511557.0,7646176.0,3343.0,12698.0,48209940.0,140472902.0,15864.0,15922.0
2023-01,UNITY SMALL FINANCE BANK,UNITY SMALL FINANCE BANK LTD,Small finance,231.0,0.0,0.0,0.0,0.0,0.0,0.0,0.0,0.0,0.0,0.0,0.0,0.0,0.0,0.0,0.0,0.0,0.0,0.0,0.0,0.0,0.0,0.0,0.0,0.0,0.0
2023-01,UTKARSH SMALL FINANCE BANK,UTKARSH SMALL FINANCE BANK LTD,Small finance,267.0,7.0,0.0,529.0,0.0,14431.0,0.0,1515458.0,0.0,0.0,0.0,0.0,0.0,0.0,0.0,0.0,36601.0,61945.0,9811.0,21931.0,13.0,183.0,287942.0,1215180.0,0.0,0.0
2023-01,WOORI BANK,WOORI BANK,Foreign,0.0,0.0,0.0,0.0,0.0,0.0,0.0,949.0,0.0,0.0,0.0,0.0,0.0,0.0,0.0,0.0,4523.0,13111.0,1386.0,5110.0,0.0,0.0,1234.0,8526.0,0.0,0.0
2023-01,YES BANK,YES BANK LTD,Private sector,1078.0,185.0,67952.0,84223.0,357572.0,136154954.0,1354214.0,4221468.0,2128313.0,7035237.0,935588.0,7405433.0,0.0,0.0,22000.0,97310.0,1084456.0,2329897.0,479468.0,1410545.0,44.0,962.0,2881116.0,13365460.0,635.0,633.0
2023-02,AIRTEL PAYMENTS BANK,AIRTEL PAYMENTS BANK,Payments bank,0.0,0.0,0.0,54391.0,0.0,4566269.0,0.0,4041532.0,0.0,0.0,0.0,0.0,0.0,0.0,0.0,0.0,2853.0,170.0,213080.0,168775.0,0.0,0.0,22.0,68.0,0.0,0.0
2023-02,AMERICAN EXPRESS BANKING CORPORATION,AMERICAN EXPRESS BANKING CORPORATION,Foreign,0.0,0.0,51914.0,0.0,0.0,0.0,1334755.0,0.0,981935.0,7392596.0,3024791.0,24941715.0,0.0,0.0,0.0,0.0,0.0,0.0,0.0,0.0,0.0,0.0,0.0,0.0,0.0,0.0
2023-02,AU SMALL FINANCE BANK,AU SMALL FINANCE BANK LTD,Small finance,488.0,3.0,0.0,361.0,0.0,962708.0,457428.0,2475878.0,589071.0,3377510.0,717449.0,4639120.0,1593.0,782.0,4466.0,27127.0,219290.0,549732.0,239306.0,632681.0,199.0,3258.0,952967.0,6266653.0,407.0,407.0
2023-02,AXIS BANK,AXIS BANK LTD,Private sector,5723.0,9788.0,1392838.0,847.0,571867.0,54739397.0,9785800.0,29083053.0,17664805.0,55024118.0,11624215.0,51820169.0,0.0,0.0,60524.0,242428.0,8195807.0,19735718.0,3515862.0,11771677.0,17282.0,439773.0,19361301.0,120874013.0,0.0,0.0
2023-02,BANDHAN BANK,BANDHAN BANK LTD,Private sector,432.0,5.0,39248.0,0.0,0.0,0.0,0.0,5372087.0,0.0,0.0,0.0,0.0,0.0,0.0,0.0,0.0,425516.0,1090411.0,189067.0,585010.0,0.0,0.0,2424377.0,12742862.0,28540.0,28759.0
2023-02,BANK OF AMERICA,BANK OF AMERICA,Foreign,0.0,0.0,0.0,0.0,0.0,0.0,0.0,0.0,0.0,0.0,0.0,0.0,0.0,0.0,0.0,0.0,0.0,0.0,0.0,0.0,0.0,0.0,0.0,0.0,0.0,0.0
2023-02,BANK OF BARODA,BANK OF BARODA,Public sector,8772.0,2643.0,22655.0,41625.0,7665.0,1082680.0,1888684.0,81510140.0,2059637.0,6220913.0,1833158.0,9767627.0,0.0,0.0,9354.0,46782.0,5944404.0,11688351.0,1826493.0,4942635.0,8.0,16.0,25280589.0,120196653.0,910.0,837.0
2023-02,BANK OF INDIA,BANK OF INDIA,Public sector,5323.0,2886.0,42701.0,15608.0,103.0,608474.0,84801.0,47251202.0,142422.0,507585.0,62166.0,224711.0,0.0,0.0,9334.0,55504.0,3928941.0,6995597.0,1458387.0,2336168.0,0.0,0.0,16614773.0,66267389.0,1988.0,1943.0
2023-02,BANK OF MAHARASHTRA,BANK OF MAHARASHTRA,Public sector,1884.0,430.0,1914.0,1782.0,355014.0,1069836.0,33639.0,13296825.0,51567.0,208527.0,21402.0,110224.0,0.0,0.0,852.0,3962.0,1639749.0,2570241.0,618127.0,928454.0,7504.0,85001.0,5932104.0,25729052.0,0.0,0.0
2023-02,BARCLAYS BANK,BARCLAYS BANK PLC,Foreign,0.0,363.0,0.0,0.0,1.0,0.0,0.0,889.0,0.0,0.0,0.0,0.0,0.0,0.0,0.0,0.0,9.0,79.0,2.0,1.0,0.0,0.0,285.0,2271.0,0.0,0.0
2023-02,CANARA BANK,CANARA BANK,Public sector,8100.0,4028.0,62673.0,10997.0,58.0,2465795.0,615427.0,50582378.0,691272.0,2005916.0,301278.0,1177480.0,0.0,0.0,62469.0,326006.0,7720155.0,16462206.0,2200384.0,4743194.0,5185.0,81982.0,31913729.0,145135907.0,1309.0,1082.0
2023-02,CAPITAL SMALL FINANCE BANK,CAPITAL SMALL FINANCE BANK LTD,Small finance,168.0,2.0,0.0,0.0,0.0,0.0,0.0,200240.0,0.0,0.0,0.0,0.0,0.0,0.0,0.0,0.0,36540.0,106654.0,10414.0,28036.0,0.0,0.0,118847.0,669932.0,0.0,0.0
2023-02,CENTRAL BANK OF INDIA,CENTRAL BANK OF INDIA,Public sector,1933.0,324.0,2103.0,9254.0,7098.0,487993.0,0.0,28316825.0,0.0,0.0,0.0,0.0,0.0,0.0,0.0,0.0,2523211.0,5566695.0,450742.0,1037176.0,0.0,0.0,8468892.0,38408259.0,9347.0,9826.0
2023-02,CITI BANK,CITI BANK,Foreign,0.0,0.0,0.0,0.0,0.0,0.0,2217801.0,981783.0,7340481.0,20507637.0,2571051.0,16237067.0,0.0,0.0,9397.0,58222.0,607147.0,1640707.0,673332.0,2175877.0,0.0,0.0,688614.0,3893864.0,0.0,0.0
2023-02,CITY UNION BANK,CITY UNION BANK LTD.,Private sector,1118.0,554.0,6990.0,33187.0,0.0,44506.0,4602.0,2730473.0,6679.0,13486.0,2612.0,10650.0,0.0,0.0,52.0,156.0,687452.0,1421277.0,112838.0,244401.0,0.0,0.0,2538994.0,13530126.0,0.0,0.0
2023-02,CSB BANK,CSB BANK LTD.,Private sector,469.0,53.0,0.0,1188.0,5849.0,0.0,3421.0,878379.0,4999.0,23369.0,3482.0,45338.0,0.0,0.0,0.0,0.0,217583.0,380291.0,28039.0,64919.0,10.0,93.0,485803.0,2299175.0,18.0,15.0
2023-02,DBS BANK INDIA,DBS INDIA BANK LTD,Foreign,449.0,497.0,478.0,92.0,0.0,2942.0,196282.0,1854342.0,191748.0,726665.0,115783.0,1018830.0,0.0,0.0,2720.0,7913.0,422444.0,716075.0,127027.0,281530.0,0.0,0.0,996902.0,4651815.0,0.0,0.0
2023-02,DCB BANK,DCB BANK LTD,Private sector,388.0,5.0,8612.0,0.0,7992.0,0.0,0.0,944720.0,0.0,0.0,0.0,0.0,0.0,0.0,0.0,0.0,126264.0,310305.0,27816.0,114646.0,356.0,12502.0,263776.0,1476876.0,0.0,0.0
2023-02,DEUTSCHE BANK,DEUTSCHE BANK LTD,Foreign,13.0,18.0,0.0,0.0,0.0,6.0,0.0,117661.0,0.0,0.0,0.0,0.0,0.0,0.0,0.0,0.0,42892.0,113805.0,20841.0,59827.0,0.0,0.0,43002.0,242522.0,0.0,0.0
2023-02,DHANALAKSHMI BANK,DHANALAKSHMI BANK LTD,Private sector,226.0,42.0,1481.0,0.0,0.0,27705.0,8973.0,532329.0,18879.0,38874.0,5378.0,18515.0,11.0,30.0,189.0,626.0,224143.0,360894.0,19871.0,50525.0,0.0,0.0,458281.0,1985280.0,0.0,0.0
2023-02,EQUITAS SMALL FINANCE BANK,EQUITAS SMALL FINANCE BANK LTD,Small finance,346.0,3.0,22866.0,293.0,44150.0,0.0,0.0,3262002.0,0.0,0.0,0.0,0.0,0.0,0.0,0.0,0.0,212438.0,360145.0,54944.0,254850.0,0.0,0.0,1175594.0,3399150.0,0.0,0.0
2023-02,ESAF SMALL FINANCE BANK,ESAF SMALL FINANCE BANK LTD,Small finance,514.0,2.0,0.0,1898.0,0.0,0.0,0.0,4955099.0,0.0,0.0,0.0,0.0,0.0,0.0,0.0,0.0,244804.0,315540.0,16396.0,32799.0,0.0,0.0,952993.0,4523573.0,46.0,26.0
2023-02,FEDERAL BANK,FEDERAL BANK LTD,Private sector,1552.0,350.0,18428.0,0.0,55639.0,3933461.0,523742.0,13154220.0,1045804.0,3137446.0,963330.0,5458839.0,0.0,0.0,3798.0,16246.0,4425685.0,7815451.0,1592458.0,3838092.0,2185.0,26858.0,8598528.0,41855935.0,178.0,157.0
2023-02,FINCARE SMALL FINANCE BANK,FINCARE SMALL FINANCE BANK LTD,Small finance,142.0,0.0,0.0,0.0,0.0,0.0,0.0,4366092.0,0.0,0.0,0.0,0.0,0.0,0.0,0.0,0.0,44104.0,59091.0,4966.0,9599.0,0.0,0.0,769339.0,3885998.0,0.0,0.0
2023-02,FINO PAYMENTS BANK,FINO PAYMENTS BANK,Payments bank,0.0,0.0,0.0,364808.0,0.0,18986.0,0.0,6442887.0,0.0,0.0,0.0,0.0,0.0,0.0,0.0,0.0,205023.0,461183.0,15894.0,20963.0,0.0,0.0,1881758.0,6065682.0,186.0,121.0
2023-02,HDFC BANK,HDFC BANK LTD,Private sector,9834.0,9391.0,1604394.0,4232.0,1808370.0,0.0,17299140.0,50793102.0,29763846.0,119374483.0,26716589.0,208793582.0,0.0,0.0,191170.0,1112772.0,18447791.0,47729777.0,11999672.0,34774477.0,92015.0,1507304.0,39009051.0,237023498.0,62788.0,62779.0
2023-02,HSBC,HSBC LTD,Foreign,46.0,28.0,0.0,0.0,0.0,0.0,691183.0,572083.0,663096.0,2228582.0,952704.0,4310121.0,0.0,0.0,1477.0,12373.0,291532.0,899482.0,0.0,0.0,0.0,0.0,237968.0,1337485.0,0.0,0.0
2023-02,ICICI BANK,ICICI BANK LTD,Private sector,8926.0,7647.0,1240316.0,9452.0,558952.0,3017002.0,13738355.0,32622979.0,17457278.0,60331003.0,25009601.0,138134685.0,37.0,2027.0,46969.0,230383.0,11674761.0,31223687.0,4545644.0,17088641.0,23477.0,230517.0,20021229.0,133737021.0,13.0,7.0
2023-02,IDBI BANK,IDBI BANK LTD,Private sector,2240.0,1114.0,22012.0,191.0,8212.0,223991.0,44360.0,11433773.0,64563.0,199014.0,42034.0,150325.0,0.0,0.0,416.0,2295.0,1919154.0,3830176.0,388196.0,965059.0,0.0,0.0,5987381.0,29715972.0,328.0,327.0
2023-02,IDFC FIRST BANK,IDFC FIRST BANK LTD,Private sector,646.0,249.0,36587.0,10677.0,0.0,38079.0,1480696.0,6110755.0,1894721.0,6371934.0,1564042.0,10425484.0,0.0,0.0,22133.0,82890.0,1007431.0,2123957.0,352394.0,1507503.0,0.0,0.0,3795572.0,18941002.0,0.0,0.0
2023-02,INDIA POST PAYMENTS BANK,INDIA POST PAYMENTS BANK,Payments bank,0.0,0.0,0.0,161881.0,0.0,126487.0,0.0,9242521.0,0.0,0.0,0.0,0.0,0.0,0.0,0.0,0.0,0.0,0.0,578236.0,341222.0,0.0,0.0,0.0,0.0,0.0,0.0
2023-02,INDIAN BANK,INDIAN BANK,Public sector,4354.0,593.0,14856.0,10374.0,0.0,1545707.0,159407.0,31055145.0,120530.0,404720.0,61954.0,261763.0,0.0,0.0,3091.0,20612.0,4469710.0,8706860.0,1798252.0,3115454.0,4508.0,69887.0,19320244.0,90745899.0,48682.0,48571.0
2023-02,INDIAN OVERSEAS BANK,INDIAN OVERSEAS BANK,Public sector,2687.0,750.0,0.0,0.0,0.0,253833.0,79323.0,16291382.0,65831.0,168551.0,24453.0,70853.0,0.0,0.0,2241.0,10226.0,2995806.0,5596585.0,842094.0,1561084.0,0.0,0.0,14343417.0,59915531.0,0.0,0.0
2023-02,INDUSIND BANK,INDUSIND BANK LTD,Private sector,1669.0,1217.0,262383.0,146.0,58538.0,3266944.0,2169062.0,8266884.0,3305967.0,16389977.0,2181512.0,48113698.0,0.0,0.0,24771.0,123794.0,1238518.0,2854139.0,787832.0,2690791.0,926.0,64887.0,4650115.0,24639176.0,0.0,0.0
2023-02,JAMMU AND KASHMIR BANK,JAMMU AND KASHMIR BANK LTD,Private sector,859.0,622.0,11611.0,945.0,0.0,123833.0,83312.0,3817331.0,171584.0,1130824.0,107018.0,330443.0,0.0,0.0,7331.0,29640.0,1808876.0,2913484.0,1914238.0,1059442.0,0.0,0.0,5656950.0,28308198.0,4.0,4.0
2023-02,JANA SMALL FINANCE BANK,JANA SMALL FINANCE BANK LTD,Small finance,59.0,2.0,0.0,158.0,0.0,494657.0,0.0,2704951.0,0.0,0.0,0.0,0.0,0.0,0.0,0.0,0.0,46177.0,74040.0,7286.0,15667.0,0.0,0.0,316636.0,1601442.0,0.0,0.0
2023-02,JIO PAYMENTS BANK,JIO PAYMENTS BANK,Payments bank,0.0,0.0,0.0,0.0,0.0,59.0,0.0,0.0,0.0,0.0,0.0,0.0,0.0,0.0,0.0,0.0,0.0,0.0,0.0,0.0,0.0,0.0,0.0,0.0,0.0,0.0
2023-02,KARNATAKA BANK,KARNATAKA BANK LTD,Private sector,876.0,585.0,9382.0,0.0,0.0,49437.0,0.0,5189151.0,0.0,0.0,0.0,0.0,0.0,0.0,0.0,0.0,1398125.0,2154753.0,178864.0,393687.0,0.0,0.0,4019711.0,18294562.0,0.0,0.0
2023-02,KARUR VYSYA BANK,KARUR VYSYA BANK LTD,Private sector,1396.0,841.0,11534.0,0.0,0.0,23807.0,10453.0,4247580.0,27488.0,179959.0,8743.0,95220.0,0.0,0.0,774.0,6027.0,1512239.0,3278032.0,273527.0,836386.0,8877.0,190999.0,4547323.0,21811501.0,0.0,0.0
2023-02,KOTAK MAHINDRA BANK,KOTAK MAHINDRA BANK LTD,Private sector,1511.0,1361.0,74660.0,11445.0,52757.0,413051.0,4885328.0,28037247.0,4888809.0,17776475.0,3887077.0,24800409.0,0.0,0.0,44535.0,168067.0,3782680.0,7164917.0,2670686.0,6015969.0,0.0,0.0,10789985.0,49993917.0,0.0,0.0
2023-02,NAINITAL BANK,NAINITAL BANK LTD,Private sector,0.0,0.0,0.0,0.0,0.0,0.0,0.0,203344.0,0.0,0.0,0.0,0.0,0.0,0.0,0.0,0.0,25514.0,46315.0,13789.0,30799.0,0.0,0.0,89346.0,416047.0,21.0,14.0
2023-02,NORTH EAST SMALL FINANCE BANK,NORTH EAST SMALL FINANCE BANK LTD,Small finance,10.0,1.0,0.0,0.0,0.0,0.0,0.0,384306.0,0.0,0.0,0.0,0.0,0.0,0.0,0.0,0.0,13716.0,18526.0,0.0,0.0,0.0,0.0,54966.0,219627.0,0.0,0.0
2023-02,NSDL PAYMENTS BANK,NSDL PAYMENTS BANK,Payments bank,0.0,0.0,0.0,299656.0,0.0,0.0,0.0,502607.0,0.0,0.0,0.0,0.0,0.0,0.0,0.0,0.0,739.0,921.0,40296.0,20371.0,0.0,0.0,4014.0,15632.0,0.0,0.0
2023-02,PAYTM PAYMENTS BANK,PAYTM PAYMENTS BANK,Payments bank,1.0,62.0,591989.0,0.0,0.0,28699656.0,0.0,37907439.0,0.0,0.0,0.0,0.0,0.0,0.0,0.0,0.0,432092.0,536255.0,1120770.0,1788161.0,0.0,0.0,1459822.0,5953971.0,0.0,0.0
2023-02,PUNJAB AND SIND BANK,PUNJAB AND SIND BANK,Public sector,807.0,21.0,996.0,357.0,1095.0,35734.0,0.0,3688282.0,0.0,0.0,0.0,0.0,0.0,0.0,0.0,0.0,594623.0,1327269.0,117159.0,384078.0,0.0,0.0,1499413.0,7013109.0,0.0,0.0
2023-02,PUNJAB NATIONAL BANK,PUNJAB NATIONAL BANK,Public sector,8165.0,4698.0,46082.0,11265.0,627219.0,94635.0,330596.0,41106028.0,441492.0,1512839.0,182271.0,699052.0,0.0,0.0,4414.0,14279.0,6195621.0,13903229.0,2881319.0,5980761.0,0.0,0.0,26664323.0,133114137.0,0.0,0.0
2023-02,RBL BANK,RBL BANK LTD,Private sector,373.0,39.0,879893.0,0.0,47453.0,76133.0,4364662.0,1581303.0,6479739.0,28447800.0,2959194.0,23010714.0,0.0,0.0,39501.0,132035.0,239053.0,529624.0,100379.0,449691.0,93.0,4378.0,597799.0,2981974.0,0.0,0.0
2023-02,SBM BANK INDIA,SBM BANK INDIA LTD,Foreign,0.0,0.0,0.0,364192.0,0.0,0.0,1032427.0,568106.0,471457.0,1870989.0,1101696.0,4108543.0,0.0,0.0,43139.0,262122.0,40720.0,62775.0,26276.0,77794.0,0.0,0.0,76771.0,191957.0,0.0,0.0
2023-02,SHIVALIK SMALL FINANCE BANK,SHIVALIK SMALL FINANCE BANK LTD,Small finance,30.0,1.0,0.0,279.0,0.0,0.0,0.0,83898.0,0.0,0.0,0.0,0.0,0.0,0.0,0.0,0.0,5887.0,12218.0,4416.0,15025.0,0.0,0.0,35706.0,190394.0,0.0,0.0
2023-02,SOUTH INDIAN BANK,SOUTH INDIAN BANK,Private sector,860.0,418.0,14629.0,0.0,6670.0,73358.0,198707.0,3647979.0,461710.0,1442856.0,385762.0,2674051.0,0.0,0.0,0.0,0.0,1532878.0,2808756.0,255717.0,795073.0,0.0,0.0,2981508.0,13492757.0,0.0,0.0
2023-02,STANDARD CHARTERED BANK,STANDARD CHARTERED BANK LTD,Foreign,103.0,71.0,0.0,0.0,0.0,0.0,1067422.0,1157081.0,1310459.0,4106872.0,1246066.0,5899690.0,0.0,0.0,2483.0,15264.0,844052.0,1821843.0,109663.0,533172.0,40.0,739.0,794456.0,3797351.0,0.0,0.0
2023-02,STATE BANK OF INDIA,STATE BANK OF INDIA,Public sector,25635.0,39993.0,1144642.0,51989.0,582935.0,2220361.0,16505981.0,273547554.0,24634634.0,75887454.0,17811748.0,144503602.0,1678.0,0.0,111052.0,404748.0,46991238.0,95370344.0,18822889.0,35812055.0,1678.0,22508.0,183729048.0,898529464.0,44250.0,42230.0
2023-02,SURYODAY SMALL FINANCE BANK,SURYODAY SMALL FINANCE BANK LTD,Small finance,0.0,0.0,0.0,67.0,0.0,0.0,0.0,560598.0,0.0,0.0,0.0,0.0,0.0,0.0,0.0,0.0,21886.0,27169.0,2451.0,5508.0,0.0,0.0,183418.0,510457.0,0.0,0.0
2023-02,TAMILNAD MERCANTILE BANK,TAMILNAD MERCANTILE BANK LTD,Private sector,482.0,667.0,0.0,0.0,0.0,0.0,40979.0,2173879.0,43145.0,194750.0,18294.0,103463.0,0.0,0.0,2502.0,9660.0,397251.0,870472.0,83965.0,175747.0,99.0,292.0,4758191.0,20209791.0,0.0,0.0
2023-02,UCO BANK,UCO BANK,Public sector,2199.0,217.0,10566.0,3568.0,1358.0,575707.0,0.0,12402099.0,0.0,0.0,0.0,0.0,0.0,0.0,0.0,0.0,1803263.0,3420675.0,400451.0,980375.0,882.0,14995.0,6776551.0,30547531.0,916.0,847.0
2023-02,UJJIVAN SMALL FINANCE BANK,UJJIVAN SMALL FINANCE BANK LTD,Small finance,509.0,3.0,0.0,0.0,0.0,350707.0,0.0,8595110.0,0.0,0.0,0.0,0.0,0.0,0.0,0.0,0.0,266252.0,425840.0,103448.0,238529.0,0.0,0.0,3293661.0,14708694.0,119.0,107.0
2023-02,UNION BANK OF INDIA,UNION BANK OF INDIA,Public sector,8042.0,3190.0,40088.0,8017.0,47725.0,238298.0,633323.0,47402239.0,567176.0,2005752.0,367453.0,1432579.0,0.0,0.0,7613.0,64460.0,9090572.0,13727443.0,3910201.0,6601575.0,2684.0,10086.0,44685265.0,134862053.0,15572.0,15520.0
2023-02,UNITY SMALL FINANCE BANK,UNITY SMALL FINANCE BANK LTD,Small finance,231.0,0.0,0.0,0.0,0.0,0.0,0.0,0.0,0.0,0.0,0.0,0.0,0.0,0.0,0.0,0.0,0.0,0.0,0.0,0.0,0.0,0.0,0.0,0.0,0.0,0.0
2023-02,UTKARSH SMALL FINANCE BANK,UTKARSH SMALL FINANCE BANK LTD,Small finance,276.0,7.0,0.0,533.0,0.0,15567.0,0.0,1533668.0,0.0,0.0,0.0,0.0,0.0,0.0,0.0,0.0,36164.0,61928.0,8869.0,21717.0,12.0,111.0,273384.0,1182167.0,0.0,0.0
2023-02,WOORI BANK,WOORI BANK,Foreign,0.0,0.0,0.0,0.0,0.0,0.0,0.0,960.0,0.0,0.0,0.0,0.0,0.0,0.0,0.0,0.0,4076.0,12745.0,1421.0,4028.0,0.0,0.0,1016.0,6993.0,0.0,0.0
2023-02,YES BANK,YES BANK LTD,Private sector,1078.0,185.0,66743.0,73685.0,365610.0,138121613.0,1395685.0,4339149.0,1965411.0,6898875.0,854364.0,7343482.0,0.0,0.0,20075.0,91543.0,969888.0,2067287.0,411557.0,1242728.0,58.0,1121.0,2770767.0,12865625.0,564.0,561.0
2023-03,AIRTEL PAYMENTS BANK,AIRTEL PAYMENTS BANK,Payments bank,0.0,0.0,0.0,63134.0,0.0,4449953.0,0.0,4163024.0,0.0,0.0,0.0,0.0,0.0,0.0,0.0,0.0,277.0,260.0,266004.0,323394.0,0.0,0.0,1287.0,5967.0,0.0,0.0
2023-03,AMERICAN EXPRESS BANKING CORPORATION,AMERICAN EXPRESS BANKING CORPORATION,Foreign,0.0,0.0,52860.0,0.0,0.0,0.0,1336775.0,0.0,1103730.0,8163421.0,3473250.0,31190079.0,0.0,0.0,0.0,0.0,0.0,0.0,0.0,0.0,0.0,0.0,0.0,0.0,0.0,0.0
2023-03,AU SMALL FINANCE BANK,AU SMALL FINANCE BANK LTD,Small finance,490.0,3.0,0.0,367.0,0.0,1006983.0,504543.0,2500440.0,697935.0,4292634.0,872812.0,6011721.0,1422.0,691.0,3657.0,20683.0,235946.0,572440.0,277392.0,777261.0,184.0,2921.0,1050964.0,6995372.0,592.0,592.0
2023-03,AXIS BANK,AXIS BANK LTD,Private sector,5800.0,10127.0,1449143.0,847.0,593004.0,56599685.0,12127172.0,30241706.0,28385038.0,85539624.0,16123963.0,78957411.0,0.0,0.0,80029.0,343481.0,9196486.0,22187564.0,4443197.0,16168581.0,17752.0,453762.0,22400676.0,139863358.0,0.0,0.0
2023-03,BANDHAN BANK,BANDHAN BANK LTD,Private sector,433.0,5.0,40124.0,0.0,0.0,0.0,0.0,5361293.0,0.0,0.0,0.0,0.0,0.0,0.0,0.0,0.0,450443.0,1159378.0,202320.0,655588.0,0.0,0.0,2591433.0,13832477.0,29443.0,29724.0
2023-03,BANK OF AMERICA,BANK OF AMERICA,Foreign,0.0,0.0,0.0,0.0,0.0,0.0,0.0,0.0,0.0,0.0,0.0,0.0,0.0,0.0,0.0,0.0,0.0,0.0,0.0,0.0,0.0,0.0,0.0,0.0,0.0,0.0
2023-03,BANK OF BARODA,BANK OF BARODA,Public sector,8786.0,2615.0,23354.0,43006.0,7665.0,1157216.0,1947283.0,82585036.0,2224205.0,6888481.0,2027994.0,11176686.0,0.0,0.0,9683.0,47534.0,6195899.0,12180467.0,1968492.0,5512104.0,3.0,4.0,27495790.0,131624669.0,946.0,906.0
2023-03,BANK OF INDIA,BANK OF INDIA,Public sector,5325.0,2889.0,42597.0,16349.0,103.0,663556.0,77101.0,47125002.0,153719.0,532802.0,70907.0,270779.0,0.0,0.0,10277.0,61235.0,4158217.0,7417777.0,1589268.0,2497579.0,0.0,0.0,17975573.0,72071282.0,3454.0,3430.0
2023-03,BANK OF MAHARASHTRA,BANK OF MAHARASHTRA,Public sector,1902.0,423.0,1953.0,1971.0,355014.0,1091291.0,33493.0,13377060.0,57199.0,237965.0,25062.0,134698.0,0.0,0.0,1048.0,5052.0,1736343.0,2773389.0,664967.0,1028881.0,7988.0,90230.0,6498001.0,28156431.0,0.0,0.0
2023-03,BARCLAYS BANK,BARCLAYS BANK PLC,Foreign,0.0,0.0,0.0,0.0,1.0,0.0,0.0,908.0,0.0,0.0,0.0,0.0,0.0,0.0,0.0,0.0,24.0,42.0,5.0,8.0,0.0,0.0,322.0,2786.0,0.0,0.0
2023-03,CANARA BANK,CANARA BANK,Public sector,8098.0,4032.0,62557.0,12918.0,58.0,2402702.0,624417.0,51324626.0,786830.0,2276109.0,315405.0,1342531.0,0.0,0.0,69770.0,365750.0,8408688.0,17992152.0,2168674.0,4979936.0,5731.0,94599.0,35009127.0,160685240.0,1329.0,1129.0
2023-03,CAPITAL SMALL FINANCE BANK,CAPITAL SMALL FINANCE BANK LTD,Small finance,170.0,2.0,0.0,0.0,0.0,0.0,0.0,200677.0,0.0,0.0,0.0,0.0,0.0,0.0,0.0,0.0,37460.0,103505.0,10632.0,29615.0,0.0,0.0,133171.0,737059.0,0.0,0.0
2023-03,CENTRAL BANK OF INDIA,CENTRAL BANK OF INDIA,Public sector,2609.0,326.0,2154.0,9254.0,7124.0,653635.0,0.0,28360519.0,0.0,0.0,0.0,0.0,0.0,0.0,0.0,0.0,2249664.0,4836897.0,501662.0,1150194.0,0.0,0.0,9399879.0,42535145.0,10096.0,10676.0
2023-03,CITI BANK,CITI BANK,Foreign,0.0,0.0,0.0,0.0,0.0,0.0,162478.0,0.0,128899.0,748453.0,188982.0,2837631.0,0.0,0.0,768.0,5801.0,0.0,0.0,0.0,0.0,0.0,0.0,0.0,0.0,0.0,0.0
2023-03,CITY UNION BANK,CITY UNION BANK LTD.,Private sector,1124.0,554.0,6843.0,34699.0,0.0,46217.0,6059.0,2745671.0,9783.0,32986.0,4342.0,29473.0,0.0,0.0,213.0,989.0,721433.0,1473868.0,119581.0,274085.0,0.0,0.0,2776882.0,14890090.0,0.0,0.0
2023-03,CSB BANK,CSB BANK LTD.,Private sector,476.0,52.0,0.0,1188.0,6170.0,0.0,6460.0,886810.0,16702.0,67309.0,13210.0,140499.0,0.0,0.0,0.0,0.0,236202.0,420205.0,29308.0,69970.0,18.0,139.0,533844.0,2555341.0,5.0,8.0
2023-03,DBS BANK INDIA,DBS INDIA BANK LTD,Foreign,451.0,497.0,474.0,93.0,0.0,3071.0,222375.0,1871842.0,233443.0,932584.0,145720.0,1327143.0,0.0,0.0,3070.0,9262.0,446774.0,771319.0,137350.0,341266.0,0.0,0.0,1079673.0,5125304.0,0.0,0.0
2023-03,DCB BANK,DCB BANK LTD,Private sector,391.0,5.0,8553.0,0.0,8193.0,0.0,0.0,951516.0,0.0,0.0,0.0,0.0,0.0,0.0,0.0,0.0,130195.0,329191.0,29391.0,134716.0,384.0,11319.0,292523.0,1634120.0,0.0,0.0
2023-03,DEUTSCHE BANK,DEUTSCHE BANK LTD,Foreign,13.0,18.0,0.0,0.0,0.0,2.0,0.0,115898.0,0.0,0.0,0.0,0.0,0.0,0.0,0.0,0.0,45988.0,126085.0,22225.0,73252.0,0.0,0.0,45982.0,262653.0,0.0,0.0
2023-03,DHANALAKSHMI BANK,DHANALAKSHMI BANK LTD,Private sector,228.0,42.0,1491.0,0.0,0.0,28357.0,9124.0,538487.0,21313.0,45257.0,6339.0,21651.0,13.0,34.0,228.0,726.0,240264.0,382569.0,21049.0,54303.0,0.0,0.0,501516.0,2200769.0,0.0,0.0
2023-03,EQUITAS SMALL FINANCE BANK,EQUITAS SMALL FINANCE BANK LTD,Small finance,346.0,3.0,22866.0,293.0,44150.0,0.0,0.0,3262002.0,0.0,0.0,0.0,0.0,0.0,0.0,0.0,0.0,212438.0,360145.0,54944.0,254850.0,0.0,0.0,1175594.0,3399150.0,0.0,0.0
2023-03,ESAF SMALL FINANCE BANK,ESAF SMALL FINANCE BANK LTD,Small finance,526.0,2.0,0.0,2023.0,0.0,0.0,0.0,4878587.0,0.0,0.0,0.0,0.0,0.0,0.0,0.0,0.0,255739.0,350417.0,16448.0,35783.0,0.0,0.0,1183718.0,6108484.0,37.0,21.0
2023-03,FEDERAL BANK,FEDERAL BANK LTD,Private sector,1565.0,349.0,18487.0,0.0,48963.0,4002758.0,552275.0,13060322.0,1184804.0,3774227.0,1125934.0,7138659.0,0.0,0.0,3786.0,16328.0,4593631.0,8452807.0,1804335.0,4576269.0,2566.0,32693.0,9344478.0,46366853.0,195.0,173.0
2023-03,FINCARE SMALL FINANCE BANK,FINCARE SMALL FINANCE BANK LTD,Small finance,144.0,0.0,0.0,0.0,0.0,0.0,0.0,4386303.0,0.0,0.0,0.0,0.0,0.0,0.0,0.0,0.0,51469.0,68483.0,5570.0,12525.0,0.0,0.0,981133.0,5223854.0,0.0,0.0
2023-03,FINO PAYMENTS BANK,FINO PAYMENTS BANK,Payments bank,0.0,0.0,0.0,369701.0,0.0,19286.0,0.0,6633457.0,0.0,0.0,0.0,0.0,0.0,0.0,0.0,0.0,231082.0,552081.0,22101.0,24072.0,0.0,0.0,2180788.0,7091623.0,220.0,131.0
2023-03,HDFC BANK,HDFC BANK LTD,Private sector,10301.0,9426.0,1512326.0,4232.0,1791634.0,0.0,17535910.0,50744860.0,33182460.0,133390457.0,30105989.0,243007781.0,0.0,0.0,210977.0,1234208.0,19705910.0,50432969.0,12994325.0,41955046.0,99009.0,1669800.0,42482104.0,259747740.0,70054.0,70030.0
2023-03,HSBC,HSBC LTD,Foreign,46.0,28.0,0.0,0.0,0.0,0.0,699170.0,582108.0,734477.0,2502330.0,1065152.0,5220534.0,0.0,0.0,1643.0,12636.0,313749.0,1033025.0,0.0,0.0,0.0,0.0,262183.0,1527927.0,0.0,0.0
2023-03,ICICI BANK,ICICI BANK LTD,Private sector,9003.0,7639.0,1269839.0,9509.0,561067.0,3059378.0,14458594.0,32750633.0,19530003.0,71778570.0,30361286.0,167922184.0,49.0,2580.0,52836.0,263884.0,12147057.0,32372702.0,4916026.0,19952570.0,24659.0,253799.0,21489547.0,146214375.0,17.0,6.0
2023-03,IDBI BANK,IDBI BANK LTD,Private sector,2244.0,1090.0,21575.0,184.0,8522.0,226938.0,43961.0,11384081.0,70391.0,225985.0,48841.0,176832.0,0.0,0.0,424.0,2348.0,2092571.0,4153349.0,417706.0,1052106.0,0.0,0.0,6494220.0,32303549.0,299.0,308.0
2023-03,IDFC FIRST BANK,IDFC FIRST BANK LTD,Private sector,656.0,269.0,38171.0,10834.0,0.0,38079.0,1543860.0,6272188.0,2139603.0,7388979.0,1824876.0,12439649.0,0.0,0.0,25565.0,96908.0,1039038.0,2222142.0,370148.0,1863342.0,0.0,0.0,3966559.0,20211184.0,0.0,0.0
2023-03,INDIA POST PAYMENTS BANK,INDIA POST PAYMENTS BANK,Payments bank,0.0,0.0,0.0,157730.0,0.0,141894.0,0.0,9719920.0,0.0,0.0,0.0,0.0,0.0,0.0,0.0,0.0,0.0,0.0,599775.0,409531.0,0.0,0.0,0.0,0.0,0.0,0.0
2023-03,INDIAN BANK,INDIAN BANK,Public sector,4338.0,591.0,13660.0,10750.0,0.0,1829116.0,170304.0,31414438.0,134122.0,463971.0,69711.0,309609.0,0.0,0.0,3160.0,19859.0,4844410.0,9418158.0,1945974.0,3426159.0,4530.0,72513.0,21160256.0,99704204.0,47107.0,47072.0
2023-03,INDIAN OVERSEAS BANK,INDIAN OVERSEAS BANK,Public sector,2783.0,693.0,0.0,0.0,0.0,257750.0,79819.0,16460769.0,74384.0,191986.0,27945.0,82484.0,0.0,0.0,2397.0,11162.0,3220993.0,6020501.0,896314.0,1697675.0,0.0,0.0,15613668.0,65361141.0,0.0,0.0
2023-03,INDUSIND BANK,INDUSIND BANK LTD,Private sector,1675.0,1205.0,260739.0,146.0,58593.0,3322330.0,2224570.0,8377229.0,3654078.0,18489664.0,2398232.0,50583821.0,0.0,0.0,29505.0,149839.0,1316275.0,3019615.0,843183.0,3333227.0,1028.0,74548.0,4824781.0,27433222.0,0.0,0.0
2023-03,JAMMU AND KASHMIR BANK,JAMMU AND KASHMIR BANK LTD,Private sector,882.0,619.0,11618.0,945.0,0.0,135559.0,77297.0,3858936.0,176092.0,1241981.0,113144.0,354981.0,0.0,0.0,8500.0,33289.0,1775810.0,2810528.0,1943462.0,1056359.0,0.0,0.0,6273966.0,31130409.0,2.0,1.0
2023-03,JANA SMALL FINANCE BANK,JANA SMALL FINANCE BANK LTD,Small finance,59.0,2.0,0.0,161.0,0.0,494709.0,0.0,2755646.0,0.0,0.0,0.0,0.0,0.0,0.0,0.0,0.0,48917.0,86757.0,8030.0,18176.0,0.0,0.0,374907.0,1976379.0,0.0,0.0
2023-03,JIO PAYMENTS BANK,JIO PAYMENTS BANK,Payments bank,0.0,0.0,0.0,0.0,0.0,2422.0,0.0,0.0,0.0,0.0,0.0,0.0,0.0,0.0,0.0,0.0,0.0,0.0,0.0,0.0,0.0,0.0,0.0,0.0,0.0,0.0
2023-03,KARNATAKA BANK,KARNATAKA BANK LTD,Private sector,888.0,586.0,9311.0,0.0,0.0,50928.0,0.0,5180946.0,0.0,0.0,0.0,0.0,0.0,0.0,0.0,0.0,1378631.0,2358793.0,193751.0,435343.0,0.0,0.0,4444239.0,20469200.0,0.0,0.0
2023-03,KARUR VYSYA BANK,KARUR VYSYA BANK LTD,Private sector,1400.0,840.0,10117.0,0.0,0.0,24302.0,10423.0,4283734.0,30849.0,204318.0,9762.0,113166.0,0.0,0.0,851.0,6934.0,1621751.0,3538929.0,287766.0,930491.0,9484.0,219523.0,4959838.0,23897228.0,0.0,0.0
2023-03,KOTAK MAHINDRA BANK,KOTAK MAHINDRA BANK LTD,Private sector,1532.0,1431.0,75381.0,15572.0,57034.0,423761.0,4917023.0,28291903.0,5471059.0,20289015.0,4420354.0,29896165.0,0.0,0.0,49389.0,187105.0,4014678.0,7546853.0,2877185.0,7185875.0,0.0,0.0,11995179.0,55378133.0,0.0,0.0
2023-03,NAINITAL BANK,NAINITAL BANK LTD,Private sector,0.0,0.0,0.0,0.0,0.0,0.0,0.0,206055.0,0.0,0.0,0.0,0.0,0.0,0.0,0.0,0.0,27455.0,50384.0,15058.0,34048.0,0.0,0.0,95398.0,438577.0,19.0,14.0
2023-03,NORTH EAST SMALL FINANCE BANK,NORTH EAST SMALL FINANCE BANK LTD,Small finance,11.0,1.0,0.0,0.0,0.0,0.0,0.0,390875.0,0.0,0.0,0.0,0.0,0.0,0.0,0.0,0.0,15538.0,22718.0,0.0,0.0,0.0,0.0,62882.0,260194.0,0.0,0.0
2023-03,NSDL PAYMENTS BANK,NSDL PAYMENTS BANK,Payments bank,0.0,0.0,0.0,317170.0,0.0,0.0,0.0,534786.0,0.0,0.0,0.0,0.0,0.0,0.0,0.0,0.0,750.0,755.0,57287.0,28470.0,0.0,0.0,3877.0,15443.0,0.0,0.0
2023-03,PAYTM PAYMENTS BANK,PAYTM PAYMENTS BANK,Payments bank,1.0,62.0,610707.0,0.0,0.0,29424070.0,0.0,37946000.0,0.0,0.0,0.0,0.0,0.0,0.0,0.0,0.0,446161.0,540635.0,1219491.0,2067329.0,0.0,0.0,1528664.0,6306701.0,0.0,0.0
2023-03,PUNJAB AND SIND BANK,PUNJAB AND SIND BANK,Public sector,814.0,21.0,1003.0,357.0,1104.0,38498.0,0.0,3749801.0,0.0,0.0,0.0,0.0,0.0,0.0,0.0,0.0,642973.0,1402987.0,136326.0,423188.0,0.0,0.0,1663163.0,7642608.0,0.0,0.0
2023-03,PUNJAB NATIONAL BANK,PUNJAB NATIONAL BANK,Public sector,8196.0,4702.0,47172.0,11265.0,633034.0,198735.0,316860.0,40691768.0,494676.0,1734872.0,199625.0,800956.0,0.0,0.0,4827.0,16074.0,6769802.0,14963223.0,3355745.0,6680745.0,0.0,0.0,29588266.0,146888447.0,0.0,0.0
2023-03,RBL BANK,RBL BANK LTD,Private sector,375.0,39.0,887793.0,0.0,47471.0,77442.0,4410550.0,1602547.0,7212132.0,32793323.0,3335758.0,27631238.0,0.0,0.0,43628.0,146681.0,257829.0,565690.0,117159.0,586849.0,136.0,6115.0,655056.0,3311059.0,0.0,0.0
2023-03,SBM BANK INDIA,SBM BANK INDIA LTD,Foreign,0.0,0.0,0.0,374406.0,0.0,0.0,1072764.0,602345.0,536442.0,2063773.0,1207156.0,4230351.0,0.0,0.0,48461.0,297921.0,34389.0,56895.0,25428.0,73973.0,0.0,0.0,83744.0,241657.0,0.0,0.0
2023-03,SHIVALIK SMALL FINANCE BANK,SHIVALIK SMALL FINANCE BANK LTD,Small finance,26.0,1.0,0.0,279.0,0.0,0.0,0.0,84352.0,0.0,0.0,0.0,0.0,0.0,0.0,0.0,0.0,6217.0,11859.0,4666.0,15061.0,0.0,0.0,37820.0,200539.0,0.0,0.0
2023-03,SOUTH INDIAN BANK,SOUTH INDIAN BANK,Private sector,872.0,417.0,15044.0,0.0,7029.0,75863.0,203295.0,3664965.0,479453.0,1588784.0,420025.0,3121512.0,0.0,0.0,0.0,0.0,1593146.0,3018625.0,269025.0,884665.0,0.0,0.0,3251777.0,14947376.0,0.0,0.0
2023-03,STANDARD CHARTERED BANK,STANDARD CHARTERED BANK LTD,Foreign,102.0,69.0,0.0,0.0,0.0,0.0,1061075.0,1137359.0,1442980.0,4625804.0,1412938.0,7431879.0,0.0,0.0,2756.0,16699.0,889083.0,1958931.0,118234.0,644616.0,51.0,831.0,831835.0,4060862.0,0.0,0.0
2023-03,STATE BANK OF INDIA,STATE BANK OF INDIA,Public sector,25682.0,39945.0,1146740.0,51741.0,722771.0,2399684.0,16762444.0,273903638.0,27322424.0,86632553.0,20206076.0,159694711.0,0.0,0.0,126479.0,472264.0,49282755.0,100159940.0,19575152.0,38193221.0,1755.0,23109.0,194487345.0,951444968.0,45681.0,43126.0
2023-03,SURYODAY SMALL FINANCE BANK,SURYODAY SMALL FINANCE BANK LTD,Small finance,0.0,0.0,0.0,67.0,0.0,0.0,0.0,568119.0,0.0,0.0,0.0,0.0,0.0,0.0,0.0,0.0,28683.0,33209.0,3750.0,6297.0,0.0,0.0,272754.0,587165.0,0.0,0.0
2023-03,TAMILNAD MERCANTILE BANK,TAMILNAD MERCANTILE BANK LTD,Private sector,482.0,668.0,5942.0,0.0,0.0,55279.0,40895.0,2176364.0,54379.0,257226.0,12595.0,70091.0,0.0,0.0,2631.0,9690.0,431231.0,954396.0,91559.0,209615.0,100.0,262.0,5351858.0,22555450.0,0.0,0.0
2023-03,UCO BANK,UCO BANK,Public sector,2202.0,219.0,10949.0,3568.0,1204.0,600094.0,0.0,12526099.0,0.0,0.0,0.0,0.0,0.0,0.0,0.0,0.0,1931756.0,3620369.0,455215.0,1077397.0,1095.0,17997.0,7357149.0,33123446.0,900.0,871.0
2023-03,UJJIVAN SMALL FINANCE BANK,UJJIVAN SMALL FINANCE BANK LTD,Small finance,514.0,3.0,0.0,0.0,0.0,373373.0,0.0,8691212.0,0.0,0.0,0.0,0.0,0.0,0.0,0.0,0.0,290086.0,460630.0,116663.0,275152.0,0.0,0.0,3774237.0,17243427.0,102.0,87.0
2023-03,UNION BANK OF INDIA,UNION BANK OF INDIA,Public sector,8042.0,3190.0,40056.0,8019.0,57395.0,239150.0,645447.0,50134669.0,542780.0,1958718.0,361433.0,1423781.0,0.0,0.0,7312.0,57948.0,8157542.0,14614312.0,4183472.0,7002207.0,1919.0,8985.0,48455295.0,147864709.0,19595.0,16562.0
2023-03,UNITY SMALL FINANCE BANK,UNITY SMALL FINANCE BANK LTD,Small finance,231.0,0.0,0.0,0.0,0.0,0.0,0.0,0.0,0.0,0.0,0.0,0.0,0.0,0.0,0.0,0.0,0.0,0.0,0.0,0.0,0.0,0.0,0.0,0.0,0.0,0.0
2023-03,UTKARSH SMALL FINANCE BANK,UTKARSH SMALL FINANCE BANK LTD,Small finance,280.0,7.0,0.0,546.0,0.0,16497.0,0.0,1572438.0,0.0,0.0,0.0,0.0,0.0,0.0,0.0,0.0,39896.0,66738.0,10845.0,30298.0,16.0,72.0,319023.0,1392443.0,0.0,0.0
2023-03,WOORI BANK,WOORI BANK,Foreign,0.0,0.0,0.0,0.0,0.0,0.0,0.0,977.0,0.0,0.0,0.0,0.0,0.0,0.0,0.0,0.0,4255.0,12590.0,1451.0,4742.0,0.0,0.0,1188.0,8438.0,0.0,0.0
2023-03,YES BANK,YES BANK LTD,Private sector,1099.0,186.0,67913.0,77232.0,364741.0,140746197.0,1419422.0,4425818.0,2173581.0,7847841.0,972713.0,8815274.0,0.0,0.0,22620.0,102937.0,1030772.0,2182031.0,431294.0,1456442.0,14.0,210.0,3073617.0,14234023.0,640.0,641.0
2023-04,AIRTEL PAYMENTS BANK,AIRTEL PAYMENTS BANK,Payments bank,0.0,0.0,0.0,68294.0,0.0,4342977.0,0.0,4590379.0,0.0,0.0,0.0,0.0,0.0,0.0,0.0,0.0,1651.0,2868.0,315355.0,403090.0,0.0,0.0,9477.0,50930.0,0.0,0.0
2023-04,AMERICAN EXPRESS BANKING CORPORATION,AMERICAN EXPRESS BANKING CORPORATION,Foreign,0.0,0.0,53768.0,0.0,0.0,0.0,1342190.0,0.0,1149894.0,8800199.0,3190325.0,27866469.0,0.0,0.0,0.0,0.0,0.0,0.0,0.0,0.0,0.0,0.0,0.0,0.0,0.0,0.0
2023-04,AU SMALL FINANCE BANK,AU SMALL FINANCE BANK LTD,Small finance,491.0,3.0,0.0,372.0,0.0,1033069.0,541696.0,2509656.0,737939.0,4402323.0,816617.0,6005108.0,1111.0,564.0,3882.0,21605.0,229488.0,588494.0,212923.0,610886.0,197.0,4015.0,1019505.0,6832948.0,549.0,552.0
2023-04,AXIS BANK,AXIS BANK LTD,Private sector,5813.0,10074.0,1461326.0,748.0,622537.0,58461245.0,12271981.0,30646400.0,27741616.0,83808040.0,15129483.0,72328484.0,0.0,0.0,76021.0,328693.0,9162012.0,24082950.0,4031174.0,14631637.0,16863.0,423730.0,22004298.0,138386490.0,0.0,0.0
2023-04,BANDHAN BANK,BANDHAN BANK LTD,Private sector,433.0,5.0,40770.0,0.0,0.0,0.0,0.0,5414849.0,0.0,0.0,0.0,0.0,0.0,0.0,0.0,0.0,450219.0,1255772.0,192808.0,611089.0,0.0,0.0,2552440.0,13714519.0,28867.0,29108.0
2023-04,BANK OF AMERICA,BANK OF AMERICA,Foreign,0.0,0.0,0.0,0.0,0.0,0.0,0.0,0.0,0.0,0.0,0.0,0.0,0.0,0.0,0.0,0.0,0.0,0.0,0.0,0.0,0.0,0.0,0.0,0.0,0.0,0.0
2023-04,BANK OF BARODA,BANK OF BARODA,Public sector,8643.0,2541.0,23305.0,43426.0,7620.0,1181187.0,1945379.0,83332335.0,2254745.0,7069493.0,1960919.0,10342712.0,0.0,0.0,9256.0,45530.0,5968032.0,12455724.0,1506891.0,4609620.0,7.0,13.0,26198522.0,128162672.0,691.0,653.0
2023-04,BANK OF INDIA,BANK OF INDIA,Public sector,5326.0,2895.0,42610.0,16349.0,18.0,670941.0,77006.0,47171065.0,148828.0,512191.0,66090.0,251533.0,0.0,0.0,9827.0,58114.0,4034377.0,7713914.0,1428651.0,2294280.0,0.0,0.0,17402573.0,71390237.0,3253.0,3234.0
2023-04,BANK OF MAHARASHTRA,BANK OF MAHARASHTRA,Public sector,1921.0,420.0,1946.0,1970.0,355014.0,1099529.0,33332.0,13427212.0,53996.0,218437.0,21824.0,107446.0,0.0,0.0,941.0,4438.0,1701718.0,2848952.0,617495.0,959930.0,7405.0,84860.0,6255286.0,27671608.0,0.0,0.0
2023-04,BARCLAYS BANK,BARCLAYS BANK PLC,Foreign,0.0,0.0,0.0,0.0,1.0,0.0,0.0,914.0,0.0,0.0,0.0,0.0,0.0,0.0,0.0,0.0,55.0,268.0,6.0,146.0,0.0,0.0,315.0,2656.0,0.0,0.0
2023-04,CANARA BANK,CANARA BANK,Public sector,8101.0,4031.0,62470.0,13427.0,58.0,2418234.0,624494.0,51705336.0,765416.0,2244184.0,322563.0,1316584.0,0.0,0.0,62939.0,325851.0,8118523.0,19024921.0,2187264.0,5287489.0,5413.0,87774.0,33738373.0,158016698.0,1104.0,947.0
2023-04,CAPITAL SMALL FINANCE BANK,CAPITAL SMALL FINANCE BANK LTD,Small finance,170.0,2.0,0.0,0.0,0.0,0.0,0.0,261950.0,0.0,0.0,0.0,0.0,0.0,0.0,0.0,0.0,37096.0,104248.0,10068.0,26271.0,0.0,0.0,123926.0,664602.0,0.0,0.0
2023-04,CENTRAL BANK OF INDIA,CENTRAL BANK OF INDIA,Public sector,2609.0,425.0,2198.0,9254.0,7149.0,656552.0,0.0,28245823.0,0.0,0.0,0.0,0.0,0.0,0.0,0.0,0.0,2209330.0,5078073.0,460363.0,1067015.0,0.0,0.0,9221986.0,42947399.0,9009.0,9577.0
2023-04,CITI BANK,CITI BANK,Foreign,0.0,0.0,0.0,0.0,0.0,0.0,165190.0,0.0,120132.0,707282.0,181719.0,2554100.0,0.0,0.0,590.0,4390.0,0.0,0.0,0.0,0.0,0.0,0.0,0.0,0.0,0.0,0.0
2023-04,CITY UNION BANK,CITY UNION BANK LTD.,Private sector,1124.0,554.0,6827.0,36397.0,0.0,47449.0,6793.0,2745129.0,12681.0,48801.0,5658.0,40927.0,0.0,0.0,263.0,1347.0,712958.0,1636511.0,105336.0,246706.0,0.0,0.0,2655856.0,14213600.0,0.0,0.0
2023-04,CSB BANK,CSB BANK LTD.,Private sector,478.0,52.0,0.0,0.0,6347.0,0.0,10354.0,887549.0,22921.0,90673.0,20038.0,185733.0,0.0,0.0,0.0,0.0,237114.0,458657.0,25805.0,59465.0,12.0,104.0,497982.0,2435391.0,14.0,16.0
2023-04,DBS BANK INDIA,DBS INDIA BANK LTD,Foreign,455.0,494.0,486.0,95.0,0.0,3834.0,251465.0,1859518.0,258910.0,1002607.0,159972.0,1333989.0,0.0,0.0,2931.0,8215.0,427480.0,799103.0,121663.0,305082.0,0.0,0.0,1024866.0,4920803.0,0.0,0.0
2023-04,DCB BANK,DCB BANK LTD,Private sector,393.0,5.0,8490.0,0.0,8339.0,0.0,0.0,958237.0,0.0,0.0,0.0,0.0,0.0,0.0,0.0,0.0,125935.0,320300.0,26787.0,118999.0,341.0,11321.0,284857.0,1590335.0,0.0,0.0
2023-04,DEUTSCHE BANK,DEUTSCHE BANK LTD,Foreign,13.0,18.0,0.0,0.0,0.0,0.0,0.0,115788.0,0.0,0.0,0.0,0.0,0.0,0.0,0.0,0.0,47262.0,134846.0,19082.0,59756.0,0.0,0.0,46087.0,267800.0,0.0,0.0
2023-04,DHANALAKSHMI BANK,DHANALAKSHMI BANK LTD,Private sector,229.0,41.0,1499.0,0.0,0.0,28533.0,9153.0,542783.0,21787.0,48302.0,6028.0,21898.0,10.0,30.0,163.0,479.0,236595.0,419279.0,19070.0,43935.0,0.0,0.0,473532.0,2151185.0,0.0,0.0
2023-04,EQUITAS SMALL FINANCE BANK,EQUITAS SMALL FINANCE BANK LTD,Small finance,347.0,3.0,24400.0,303.0,48675.0,0.0,0.0,3305110.0,0.0,0.0,0.0,0.0,0.0,0.0,0.0,0.0,210303.0,386504.0,57754.0,291242.0,0.0,0.0,1095902.0,3584548.0,0.0,0.0
2023-04,ESAF SMALL FINANCE BANK,ESAF SMALL FINANCE BANK LTD,Small finance,542.0,3.0,0.0,2044.0,0.0,0.0,0.0,4917084.0,0.0,0.0,0.0,0.0,0.0,0.0,0.0,0.0,260761.0,371979.0,17330.0,33726.0,0.0,0.0,990242.0,4764966.0,22.0,13.0
2023-04,FEDERAL BANK,FEDERAL BANK LTD,Private sector,1567.0,348.0,18564.0,0.0,43087.0,4057938.0,592915.0,13094800.0,1226247.0,3801685.0,1125294.0,6304153.0,0.0,0.0,3498.0,15248.0,4644380.0,9383227.0,1652887.0,4059515.0,2394.0,30467.0,8798953.0,44735195.0,206.0,189.0
2023-04,FINCARE SMALL FINANCE BANK,FINCARE SMALL FINANCE BANK LTD,Small finance,145.0,0.0,0.0,0.0,0.0,0.0,0.0,4508188.0,0.0,0.0,0.0,0.0,0.0,0.0,0.0,0.0,49534.0,68390.0,6937.0,12690.0,0.0,0.0,861326.0,4375012.0,0.0,0.0
2023-04,FINO PAYMENTS BANK,FINO PAYMENTS BANK,Payments bank,0.0,0.0,0.0,373585.0,0.0,17076.0,0.0,6848460.0,0.0,0.0,0.0,0.0,0.0,0.0,0.0,0.0,202506.0,454814.0,16450.0,21252.0,0.0,0.0,1994109.0,6726572.0,173.0,106.0
2023-04,HDFC BANK,HDFC BANK LTD,Private sector,10607.0,9446.0,1481054.0,4232.0,1774480.0,0.0,17878964.0,51126224.0,33969907.0,139112121.0,29806694.0,240459814.0,0.0,0.0,206808.0,1202642.0,19627420.0,54558853.0,12027658.0,38370551.0,91524.0,1477397.0,41960532.0,258557983.0,65365.0,65418.0
2023-04,HSBC,HSBC LTD,Foreign,46.0,28.0,0.0,0.0,0.0,0.0,698264.0,590733.0,757405.0,2605103.0,1084610.0,4609626.0,0.0,0.0,1512.0,10595.0,325307.0,1107474.0,0.0,0.0,0.0,0.0,257724.0,1523954.0,0.0,0.0
2023-04,ICICI BANK,ICICI BANK LTD,Private sector,9053.0,7516.0,1292644.0,9506.0,564744.0,3093149.0,14577079.0,32604496.0,20228593.0,76926875.0,29649650.0,149745794.0,38.0,1910.0,51397.0,255177.0,12250128.0,35506875.0,4369627.0,17856640.0,14603.0,138638.0,21084520.0,144254169.0,7.0,3.0
2023-04,IDBI BANK,IDBI BANK LTD,Private sector,2247.0,1087.0,21202.0,184.0,8690.0,229055.0,44173.0,11296364.0,72455.0,230945.0,41477.0,151466.0,0.0,0.0,424.0,2540.0,2068715.0,4460561.0,350743.0,880590.0,0.0,0.0,6230985.0,31333178.0,276.0,277.0
2023-04,IDFC FIRST BANK,IDFC FIRST BANK LTD,Private sector,689.0,271.0,37689.0,11033.0,0.0,38079.0,1570245.0,6369035.0,2167896.0,7349029.0,1795108.0,11546512.0,0.0,0.0,25261.0,96870.0,1019194.0,2389547.0,332562.0,1576017.0,0.0,0.0,3944612.0,20203457.0,0.0,0.0
2023-04,INDIA POST PAYMENTS BANK,INDIA POST PAYMENTS BANK,Payments bank,0.0,0.0,0.0,158132.0,0.0,156841.0,0.0,10097269.0,0.0,0.0,0.0,0.0,0.0,0.0,0.0,0.0,0.0,0.0,683504.0,363418.0,0.0,0.0,0.0,0.0,0.0,0.0
2023-04,INDIAN BANK,INDIAN BANK,Public sector,4125.0,565.0,13532.0,10750.0,0.0,2383375.0,169683.0,31850981.0,142771.0,506821.0,70605.0,297280.0,0.0,0.0,3247.0,19808.0,4817331.0,10312727.0,1795925.0,3230117.0,3197.0,49896.0,20639767.0,98062571.0,38950.0,38749.0
2023-04,INDIAN OVERSEAS BANK,INDIAN OVERSEAS BANK,Public sector,2760.0,710.0,0.0,0.0,0.0,258555.0,80989.0,16635816.0,73690.0,192583.0,27065.0,74735.0,0.0,0.0,2244.0,10724.0,3247249.0,6614789.0,869393.0,1634748.0,0.0,0.0,11606166.0,49996534.0,0.0,0.0
2023-04,INDUSIND BANK,INDUSIND BANK LTD,Private sector,1692.0,1170.0,273561.0,146.0,58661.0,3381070.0,2273521.0,8449611.0,3611489.0,17190745.0,2305269.0,45814169.0,0.0,0.0,28137.0,137899.0,1289693.0,3151594.0,774088.0,2934731.0,924.0,77314.0,4663241.0,25831978.0,0.0,0.0
2023-04,JAMMU AND KASHMIR BANK,JAMMU AND KASHMIR BANK LTD,Private sector,895.0,621.0,11560.0,945.0,0.0,140077.0,86892.0,3884277.0,157669.0,1122569.0,102624.0,306958.0,0.0,0.0,7677.0,31657.0,2229048.0,2820739.0,1594086.0,946069.0,0.0,0.0,6232539.0,33517341.0,1.0,2.0
2023-04,JANA SMALL FINANCE BANK,JANA SMALL FINANCE BANK LTD,Small finance,59.0,2.0,0.0,164.0,0.0,494766.0,0.0,2794638.0,0.0,0.0,0.0,0.0,0.0,0.0,0.0,0.0,51429.0,90854.0,8290.0,22266.0,0.0,0.0,360229.0,1853721.0,0.0,0.0
2023-04,JIO PAYMENTS BANK,JIO PAYMENTS BANK,Payments bank,0.0,0.0,0.0,0.0,0.0,5275.0,0.0,0.0,0.0,0.0,0.0,0.0,0.0,0.0,0.0,0.0,0.0,0.0,0.0,0.0,0.0,0.0,0.0,0.0,0.0,0.0
2023-04,KARNATAKA BANK,KARNATAKA BANK LTD,Private sector,886.0,586.0,9299.0,0.0,0.0,51991.0,0.0,5196360.0,0.0,0.0,0.0,0.0,0.0,0.0,0.0,0.0,1319648.0,2480791.0,178542.0,410445.0,0.0,0.0,4156957.0,19486147.0,0.0,0.0
2023-04,KARUR VYSYA BANK,KARUR VYSYA BANK LTD,Private sector,1398.0,841.0,8406.0,0.0,0.0,24798.0,10552.0,4314928.0,31334.0,206697.0,8876.0,94497.0,0.0,0.0,809.0,6303.0,1580477.0,3664413.0,273861.0,883559.0,8045.0,180143.0,4732991.0,23009729.0,0.0,0.0
2023-04,KOTAK MAHINDRA BANK,KOTAK MAHINDRA BANK LTD,Private sector,1528.0,1433.0,75520.0,15881.0,61995.0,430972.0,5034646.0,28656273.0,5441381.0,21064254.0,4159721.0,27403955.0,0.0,0.0,47024.0,182951.0,3897726.0,7949585.0,2631671.0,6427221.0,0.0,0.0,11802588.0,54889698.0,0.0,0.0
2023-04,NAINITAL BANK,NAINITAL BANK LTD,Private sector,0.0,0.0,0.0,0.0,0.0,0.0,0.0,208441.0,0.0,0.0,0.0,0.0,0.0,0.0,0.0,0.0,24821.0,47543.0,13101.0,29313.0,0.0,0.0,91731.0,434879.0,14.0,8.0
2023-04,NORTH EAST SMALL FINANCE BANK,NORTH EAST SMALL FINANCE BANK LTD,Small finance,13.0,1.0,0.0,0.0,0.0,0.0,0.0,393695.0,0.0,0.0,0.0,0.0,0.0,0.0,0.0,0.0,12451.0,18513.0,0.0,0.0,0.0,0.0,43391.0,180350.0,0.0,0.0
2023-04,NSDL PAYMENTS BANK,NSDL PAYMENTS BANK,Payments bank,0.0,0.0,0.0,334559.0,0.0,0.0,0.0,560908.0,0.0,0.0,0.0,0.0,0.0,0.0,0.0,0.0,725.0,677.0,20273.0,13532.0,0.0,0.0,3985.0,16927.0,0.0,0.0
2023-04,PAYTM PAYMENTS BANK,PAYTM PAYMENTS BANK,Payments bank,1.0,62.0,628391.0,0.0,0.0,30053065.0,0.0,38022928.0,0.0,0.0,0.0,0.0,0.0,0.0,0.0,0.0,420239.0,540635.0,1040902.0,1730581.0,0.0,0.0,1446229.0,6041769.0,0.0,0.0
2023-04,PUNJAB AND SIND BANK,PUNJAB AND SIND BANK,Public sector,841.0,22.0,972.0,357.0,1073.0,39824.0,0.0,3791675.0,0.0,0.0,0.0,0.0,0.0,0.0,0.0,0.0,594086.0,1318906.0,135757.0,381520.0,0.0,0.0,1528262.0,7039488.0,0.0,0.0
2023-04,PUNJAB NATIONAL BANK,PUNJAB NATIONAL BANK,Public sector,8209.0,4703.0,45619.0,11265.0,634239.0,228684.0,321688.0,41195874.0,482487.0,1695575.0,196036.0,750822.0,0.0,0.0,4482.0,14622.0,5999108.0,13720760.0,2640462.0,5480888.0,0.0,0.0,25969552.0,131901193.0,0.0,0.0
2023-04,RBL BANK,RBL BANK LTD,Private sector,375.0,39.0,898874.0,0.0,47497.0,79058.0,4523425.0,1624743.0,6994618.0,29990833.0,3341505.0,27073377.0,0.0,0.0,39744.0,141962.0,250083.0,585653.0,109741.0,521078.0,88.0,4301.0,642765.0,3271128.0,0.0,0.0
2023-04,SBM BANK INDIA,SBM BANK INDIA LTD,Foreign,0.0,0.0,0.0,149664.0,0.0,0.0,1090361.0,631757.0,385994.0,474036.0,677679.0,1021611.0,0.0,0.0,1903.0,5227.0,22549.0,42456.0,17146.0,43621.0,0.0,0.0,69799.0,232751.0,0.0,0.0
2023-04,SHIVALIK SMALL FINANCE BANK,SHIVALIK SMALL FINANCE BANK LTD,Small finance,26.0,1.0,0.0,279.0,0.0,0.0,0.0,84947.0,0.0,0.0,0.0,0.0,0.0,0.0,0.0,0.0,6097.0,12859.0,4841.0,14968.0,0.0,0.0,35416.0,189410.0,0.0,0.0
2023-04,SOUTH INDIAN BANK,SOUTH INDIAN BANK,Private sector,875.0,417.0,14732.0,0.0,7021.0,76851.0,214466.0,3699635.0,468909.0,1540246.0,399549.0,2704852.0,0.0,0.0,0.0,0.0,1613313.0,3335792.0,241404.0,764448.0,0.0,0.0,3051490.0,14383193.0,0.0,0.0
2023-04,STANDARD CHARTERED BANK,STANDARD CHARTERED BANK LTD,Foreign,102.0,68.0,0.0,0.0,0.0,0.0,1060078.0,1145948.0,1407846.0,4520396.0,1405586.0,6097812.0,0.0,0.0,2502.0,15439.0,913218.0,2132090.0,113986.0,631120.0,28.0,538.0,820056.0,4083066.0,0.0,0.0
2023-04,STATE BANK OF INDIA,STATE BANK OF INDIA,Public sector,25612.0,39961.0,1151831.0,51655.0,739451.0,2434333.0,16856916.0,273671877.0,27025767.0,88374697.0,18992769.0,154535268.0,0.0,0.0,116644.0,436310.0,49089032.0,108991032.0,17821382.0,36908859.0,1924.0,26242.0,192280626.0,973679807.0,43370.0,41573.0
2023-04,SURYODAY SMALL FINANCE BANK,SURYODAY SMALL FINANCE BANK LTD,Small finance,516.0,3.0,0.0,67.0,0.0,0.0,0.0,576300.0,0.0,0.0,0.0,0.0,0.0,0.0,0.0,0.0,28940.0,33551.0,1827.0,4326.0,0.0,0.0,252664.0,570355.0,0.0,0.0
2023-04,TAMILNAD MERCANTILE BANK,TAMILNAD MERCANTILE BANK LTD,Private sector,482.0,668.0,5546.0,0.0,0.0,0.0,40875.0,2191093.0,47123.0,208808.0,17626.0,101437.0,0.0,0.0,2246.0,8682.0,440792.0,1079150.0,86040.0,198918.0,94.0,305.0,5321344.0,22831702.0,0.0,0.0
2023-04,UCO BANK,UCO BANK,Public sector,2209.0,216.0,11073.0,3568.0,1152.0,618221.0,0.0,12328202.0,0.0,0.0,0.0,0.0,0.0,0.0,0.0,0.0,1858105.0,3724783.0,402437.0,1013628.0,1033.0,19515.0,7073980.0,32386686.0,795.0,748.0
2023-04,UJJIVAN SMALL FINANCE BANK,UJJIVAN SMALL FINANCE BANK LTD,Small finance,231.0,0.0,0.0,0.0,0.0,393391.0,0.0,8867958.0,0.0,0.0,0.0,0.0,0.0,0.0,0.0,0.0,278543.0,455765.0,109070.0,241934.0,0.0,0.0,3402659.0,15030498.0,89.0,82.0
2023-04,UNION BANK OF INDIA,UNION BANK OF INDIA,Public sector,8030.0,3202.0,39483.0,8017.0,68808.0,240594.0,651443.0,50961493.0,673782.0,2453305.0,407342.0,1565490.0,0.0,0.0,15486.0,77828.0,7977203.0,15372323.0,3895265.0,6616118.0,2752.0,10536.0,46358359.0,144513204.0,15443.0,15478.0
2023-04,UNITY SMALL FINANCE BANK,UNITY SMALL FINANCE BANK LTD,Small finance,288.0,7.0,0.0,0.0,0.0,0.0,0.0,0.0,0.0,0.0,0.0,0.0,0.0,0.0,0.0,0.0,0.0,0.0,0.0,0.0,0.0,0.0,0.0,0.0,0.0,0.0
2023-04,UTKARSH SMALL FINANCE BANK,UTKARSH SMALL FINANCE BANK LTD,Small finance,0.0,0.0,0.0,546.0,0.0,17418.0,0.0,1609810.0,0.0,0.0,0.0,0.0,0.0,0.0,0.0,0.0,39103.0,72335.0,9484.0,23451.0,14.0,168.0,335838.0,1419994.0,0.0,0.0
2023-04,WOORI BANK,WOORI BANK,Foreign,0.0,0.0,0.0,0.0,0.0,0.0,0.0,989.0,0.0,0.0,0.0,0.0,0.0,0.0,0.0,0.0,4068.0,13420.0,1492.0,5007.0,0.0,0.0,1131.0,8635.0,0.0,0.0
2023-04,YES BANK,YES BANK LTD,Private sector,1106.0,179.0,67588.0,90669.0,368889.0,142019671.0,1456490.0,4487963.0,2163782.0,7724655.0,937556.0,8423446.0,0.0,0.0,21445.0,96436.0,1032383.0,2272705.0,399353.0,1262572.0,45.0,996.0,3078077.0,14136081.0,616.0,615.0
2023-05,AIRTEL PAYMENTS BANK,AIRTEL PAYMENTS BANK,Payments bank,0.0,0.0,0.0,73867.0,0.0,4232137.0,0.0,4972682.0,0.0,0.0,0.0,0.0,0.0,0.0,0.0,0.0,4110.0,4852.0,333040.0,413782.0,0.0,0.0,18354.0,92756.0,0.0,0.0
2023-05,AMERICAN EXPRESS BANKING CORPORATION,AMERICAN EXPRESS BANKING CORPORATION,Foreign,0.0,0.0,53637.0,0.0,0.0,0.0,1347707.0,0.0,1134561.0,8309603.0,3428356.0,30863843.0,0.0,0.0,0.0,0.0,0.0,0.0,0.0,0.0,0.0,0.0,0.0,0.0,0.0,0.0
2023-05,AU SMALL FINANCE BANK,AU SMALL FINANCE BANK LTD,Small finance,491.0,2.0,0.0,374.0,0.0,1066782.0,576927.0,2564004.0,816616.0,4826511.0,931457.0,7030376.0,1320.0,717.0,4887.0,28482.0,228026.0,553792.0,227144.0,698461.0,192.0,3925.0,1024915.0,6771314.0,564.0,567.0
2023-05,AXIS BANK,AXIS BANK LTD,Private sector,5821.0,10000.0,1475924.0,748.0,655149.0,60314324.0,12468704.0,31218025.0,24018985.0,69368577.0,23604476.0,103648653.0,0.0,0.0,85511.0,365072.0,8753724.0,22109279.0,4056902.0,14808656.0,15417.0,385176.0,20972026.0,131191486.0,0.0,0.0
2023-05,BANDHAN BANK,BANDHAN BANK LTD,Private sector,433.0,5.0,41673.0,0.0,0.0,0.0,0.0,5483090.0,0.0,0.0,0.0,0.0,0.0,0.0,0.0,0.0,438930.0,1127955.0,207649.0,626565.0,0.0,0.0,2537482.0,13279931.0,35846.0,36088.0
2023-05,BANK OF AMERICA,BANK OF AMERICA,Foreign,0.0,0.0,0.0,0.0,0.0,0.0,3.0,0.0,4.0,90.0,0.0,0.0,0.0,0.0,0.0,0.0,0.0,0.0,0.0,0.0,0.0,0.0,0.0,0.0,0.0,0.0
2023-05,BANK OF BARODA,BANK OF BARODA,Public sector,8524.0,2353.0,23134.0,43405.0,7722.0,1224102.0,1980091.0,84561128.0,2428449.0,7557535.0,2182773.0,11908347.0,0.0,0.0,9335.0,46213.0,5879906.0,11914980.0,1695741.0,4594223.0,7.0,23.0,26553252.0,128611995.0,743.0,719.0
2023-05,BANK OF INDIA,BANK OF INDIA,Public sector,5323.0,2895.0,42842.0,16657.0,18.0,685458.0,77016.0,48458435.0,164140.0,559420.0,70046.0,270871.0,0.0,0.0,9819.0,58460.0,3965657.0,7296833.0,1463443.0,2325891.0,0.0,0.0,17396453.0,70281546.0,3507.0,3449.0
2023-05,BANK OF MAHARASHTRA,BANK OF MAHARASHTRA,Public sector,1930.0,417.0,1942.0,1941.0,355014.0,1097927.0,33177.0,13464186.0,59221.0,236995.0,23597.0,119363.0,0.0,0.0,909.0,4122.0,1738271.0,2861593.0,634259.0,1025638.0,7224.0,80992.0,6341201.0,28014434.0,0.0,0.0
2023-05,BARCLAYS BANK,BARCLAYS BANK PLC,Foreign,0.0,0.0,0.0,0.0,1.0,0.0,0.0,919.0,0.0,0.0,0.0,0.0,0.0,0.0,0.0,0.0,19.0,147.0,4.0,7.0,0.0,0.0,334.0,2888.0,0.0,0.0
2023-05,CANARA BANK,CANARA BANK,Public sector,8099.0,4017.0,62307.0,13427.0,57.0,2456932.0,634406.0,51407210.0,795114.0,2338104.0,302887.0,1293140.0,0.0,0.0,62682.0,330111.0,8464793.0,19282252.0,1882468.0,4681068.0,5393.0,86244.0,33561373.0,156120350.0,1093.0,935.0
2023-05,CAPITAL SMALL FINANCE BANK,CAPITAL SMALL FINANCE BANK LTD,Small finance,170.0,2.0,0.0,0.0,0.0,0.0,0.0,252024.0,0.0,0.0,0.0,0.0,0.0,0.0,0.0,0.0,38298.0,105459.0,9711.0,27233.0,0.0,0.0,132849.0,731881.0,0.0,0.0
2023-05,CENTRAL BANK OF INDIA,CENTRAL BANK OF INDIA,Public sector,2609.0,537.0,2234.0,9254.0,6092.0,696820.0,0.0,28565416.0,0.0,0.0,0.0,0.0,0.0,0.0,0.0,0.0,2175434.0,4846255.0,466687.0,1128900.0,0.0,0.0,9271900.0,42779443.0,9742.0,10270.0
2023-05,CITI BANK,CITI BANK,Foreign,0.0,0.0,0.0,0.0,0.0,0.0,162150.0,0.0,126259.0,689897.0,199069.0,2502927.0,0.0,0.0,691.0,5256.0,0.0,0.0,0.0,0.0,0.0,0.0,0.0,0.0,0.0,0.0
2023-05,CITY UNION BANK,CITY UNION BANK LTD.,Private sector,1123.0,551.0,6859.0,37975.0,0.0,48563.0,7950.0,2768747.0,17304.0,67135.0,7625.0,61283.0,0.0,0.0,298.0,1568.0,710338.0,1622600.0,108181.0,258095.0,0.0,0.0,2750592.0,14755217.0,0.0,0.0
2023-05,CSB BANK,CSB BANK LTD.,Private sector,481.0,55.0,0.0,0.0,6817.0,0.0,15821.0,895532.0,37258.0,134500.0,31979.0,294468.0,0.0,0.0,0.0,0.0,230603.0,439256.0,26686.0,63592.0,12.0,96.0,496768.0,2425256.0,16.0,14.0
2023-05,DBS BANK INDIA,DBS INDIA BANK LTD,Foreign,454.0,494.0,498.0,92.0,0.0,3986.0,284539.0,1912237.0,294154.0,1141677.0,188946.0,1595508.0,0.0,0.0,3178.0,8754.0,413565.0,755479.0,142772.0,319038.0,0.0,0.0,1015918.0,4882521.0,0.0,0.0
2023-05,DCB BANK,DCB BANK LTD,Private sector,399.0,5.0,8423.0,0.0,8514.0,0.0,0.0,678165.0,0.0,0.0,0.0,0.0,0.0,0.0,0.0,0.0,124020.0,318307.0,29022.0,120324.0,291.0,8948.0,283033.0,1532679.0,0.0,0.0
2023-05,DEUTSCHE BANK,DEUTSCHE BANK LTD,Foreign,13.0,18.0,0.0,0.0,0.0,8.0,0.0,116797.0,0.0,0.0,0.0,0.0,0.0,0.0,0.0,0.0,44141.0,118904.0,18979.0,57808.0,0.0,0.0,43762.0,253699.0,0.0,0.0
2023-05,DHANALAKSHMI BANK,DHANALAKSHMI BANK LTD,Private sector,230.0,41.0,1514.0,0.0,0.0,28972.0,9166.0,539969.0,22487.0,49831.0,6171.0,20624.0,1.0,0.0,228.0,756.0,236785.0,416258.0,19916.0,47317.0,0.0,0.0,479888.0,2137004.0,0.0,0.0
2023-05,EQUITAS SMALL FINANCE BANK,EQUITAS SMALL FINANCE BANK LTD,Small finance,348.0,3.0,24636.0,303.0,50609.0,0.0,0.0,3352093.0,0.0,0.0,0.0,0.0,0.0,0.0,0.0,0.0,205910.0,370628.0,58516.0,301849.0,0.0,0.0,2613255.0,8553401.0,0.0,0.0
2023-05,ESAF SMALL FINANCE BANK,ESAF SMALL FINANCE BANK LTD,Small finance,550.0,3.0,0.0,2085.0,0.0,0.0,0.0,4964578.0,0.0,0.0,0.0,0.0,0.0,0.0,0.0,0.0,267985.0,377133.0,19844.0,38064.0,0.0,0.0,1009371.0,4808343.0,25.0,17.0
2023-05,FEDERAL BANK,FEDERAL BANK LTD,Private sector,1568.0,347.0,18624.0,0.0,36625.0,4117094.0,634126.0,12991108.0,1323869.0,4099873.0,1319074.0,7499535.0,0.0,0.0,3479.0,15609.0,4637823.0,9227040.0,1699338.0,4574442.0,2206.0,27827.0,8969814.0,45119725.0,180.0,170.0
2023-05,FINCARE SMALL FINANCE BANK,FINCARE SMALL FINANCE BANK LTD,Small finance,146.0,0.0,0.0,247.0,0.0,10138.0,0.0,4628548.0,0.0,0.0,0.0,0.0,0.0,0.0,0.0,0.0,48176.0,66161.0,6778.0,13937.0,0.0,0.0,895736.0,4595700.0,0.0,0.0
2023-05,FINO PAYMENTS BANK,FINO PAYMENTS BANK,Payments bank,0.0,0.0,0.0,377648.0,0.0,17415.0,0.0,7018497.0,0.0,0.0,0.0,0.0,0.0,0.0,0.0,0.0,204883.0,466381.0,16463.0,21387.0,0.0,0.0,2126566.0,7080059.0,210.0,132.0
2023-05,HDFC BANK,HDFC BANK LTD,Private sector,10733.0,9514.0,1516116.0,4514.0,1807858.0,0.0,18122628.0,51668209.0,36357463.0,141542037.0,31032875.0,260175475.0,0.0,0.0,208992.0,1203154.0,18586498.0,50054433.0,12190146.0,40169607.0,97608.0,1520308.0,41601269.0,255405078.0,80258.0,80249.0
2023-05,HSBC,HSBC LTD,Foreign,46.0,28.0,0.0,0.0,0.0,0.0,696880.0,600301.0,758203.0,2491826.0,1126652.0,4981238.0,0.0,0.0,1594.0,11743.0,302704.0,946933.0,0.0,0.0,0.0,0.0,249775.0,1462583.0,0.0,0.0
2023-05,ICICI BANK,ICICI BANK LTD,Private sector,9190.0,7426.0,1327982.0,9856.0,570074.0,3138866.0,14679475.0,32635119.0,20314476.0,77000532.0,30842949.0,167860929.0,38.0,2679.0,51643.0,256743.0,11654870.0,32596895.0,4250856.0,18322276.0,21725.0,203376.0,20681413.0,141430664.0,8.0,4.0
2023-05,IDBI BANK,IDBI BANK LTD,Private sector,2249.0,1078.0,21210.0,133.0,9014.0,232162.0,43918.0,11339414.0,76947.0,252445.0,43929.0,156549.0,0.0,0.0,431.0,2503.0,1977114.0,4178057.0,354106.0,863485.0,0.0,0.0,6222027.0,31215381.0,413.0,420.0
2023-05,IDFC FIRST BANK,IDFC FIRST BANK LTD,Private sector,740.0,304.0,36512.0,11246.0,0.0,38079.0,1624970.0,6446245.0,2303724.0,7716306.0,1847435.0,11945432.0,0.0,0.0,25453.0,97821.0,992001.0,2264604.0,338361.0,1803448.0,0.0,0.0,3944181.0,20054857.0,0.0,0.0
2023-05,INDIA POST PAYMENTS BANK,INDIA POST PAYMENTS BANK,Payments bank,0.0,0.0,0.0,159631.0,0.0,207401.0,0.0,10464947.0,0.0,0.0,0.0,0.0,0.0,0.0,0.0,0.0,0.0,0.0,538567.0,369905.0,0.0,0.0,0.0,0.0,0.0,0.0
2023-05,INDIAN BANK,INDIAN BANK,Public sector,4159.0,577.0,13276.0,10750.0,0.0,2889102.0,169845.0,32000371.0,143612.0,511847.0,69019.0,316986.0,0.0,0.0,3289.0,21435.0,4817534.0,10121403.0,1773453.0,3268530.0,3097.0,47477.0,21092882.0,99287693.0,36282.0,36189.0
2023-05,INDIAN OVERSEAS BANK,INDIAN OVERSEAS BANK,Public sector,2764.0,717.0,0.0,0.0,0.0,263550.0,81323.0,16848672.0,76060.0,193905.0,26939.0,74174.0,0.0,0.0,2519.0,11856.0,3203854.0,6442522.0,848451.0,1639176.0,0.0,0.0,11708075.0,49602050.0,0.0,0.0
2023-05,INDUSIND BANK,INDUSIND BANK LTD,Private sector,1701.0,1171.0,278385.0,146.0,58710.0,3440642.0,2327416.0,8638980.0,3767472.0,17152370.0,2414746.0,54281192.0,0.0,0.0,29120.0,144233.0,1256865.0,2902366.0,778546.0,3095908.0,1082.0,112805.0,4687858.0,25676639.0,0.0,0.0
2023-05,JAMMU AND KASHMIR BANK,JAMMU AND KASHMIR BANK LTD,Private sector,900.0,624.0,11517.0,942.0,0.0,145736.0,94720.0,3938376.0,187964.0,1347180.0,120181.0,360159.0,0.0,0.0,8583.0,34176.0,2590103.0,2904451.0,1345899.0,889247.0,0.0,0.0,6082823.0,31126423.0,4.0,3.0
2023-05,JANA SMALL FINANCE BANK,JANA SMALL FINANCE BANK LTD,Small finance,59.0,2.0,0.0,164.0,0.0,494822.0,0.0,2830420.0,0.0,0.0,0.0,0.0,0.0,0.0,0.0,0.0,54554.0,100156.0,8564.0,23359.0,0.0,0.0,370394.0,1888395.0,0.0,0.0
2023-05,JIO PAYMENTS BANK,JIO PAYMENTS BANK,Payments bank,0.0,0.0,0.0,0.0,0.0,9379.0,0.0,0.0,0.0,0.0,0.0,0.0,0.0,0.0,0.0,0.0,0.0,0.0,0.0,0.0,0.0,0.0,0.0,0.0,0.0,0.0
2023-05,KARNATAKA BANK,KARNATAKA BANK LTD,Private sector,888.0,586.0,9349.0,0.0,0.0,53360.0,0.0,5237653.0,0.0,0.0,0.0,0.0,0.0,0.0,0.0,0.0,1265984.0,2313769.0,163875.0,378926.0,0.0,0.0,4085159.0,19199847.0,0.0,0.0
2023-05,KARUR VYSYA BANK,KARUR VYSYA BANK LTD,Private sector,1395.0,834.0,8530.0,0.0,0.0,25692.0,10924.0,4352602.0,31390.0,192049.0,9322.0,112912.0,0.0,0.0,784.0,5988.0,1601892.0,3674120.0,269810.0,880608.0,8968.0,201930.0,4905041.0,23855983.0,0.0,0.0
2023-05,KOTAK MAHINDRA BANK,KOTAK MAHINDRA BANK LTD,Private sector,1564.0,1416.0,76475.0,16098.0,65992.0,441086.0,5115403.0,29126232.0,5656264.0,21033036.0,4409125.0,30367005.0,0.0,0.0,48282.0,187328.0,3751414.0,7350354.0,2588750.0,6681232.0,0.0,0.0,12059994.0,54943394.0,0.0,0.0
2023-05,NAINITAL BANK,NAINITAL BANK LTD,Private sector,0.0,0.0,0.0,0.0,0.0,0.0,0.0,211221.0,0.0,0.0,0.0,0.0,0.0,0.0,0.0,0.0,26028.0,47324.0,13160.0,29074.0,0.0,0.0,91452.0,430037.0,21.0,13.0
2023-05,NORTH EAST SMALL FINANCE BANK,NORTH EAST SMALL FINANCE BANK LTD,Small finance,13.0,1.0,0.0,0.0,0.0,0.0,0.0,393695.0,0.0,0.0,0.0,0.0,0.0,0.0,0.0,0.0,3298.0,4303.0,0.0,0.0,0.0,0.0,29664.0,107081.0,0.0,0.0
2023-05,NSDL PAYMENTS BANK,NSDL PAYMENTS BANK,Payments bank,0.0,0.0,0.0,375399.0,0.0,0.0,0.0,585049.0,0.0,0.0,0.0,0.0,0.0,0.0,0.0,0.0,869.0,858.0,20033.0,13681.0,0.0,0.0,4807.0,20011.0,0.0,0.0
2023-05,PAYTM PAYMENTS BANK,PAYTM PAYMENTS BANK,Payments bank,1.0,61.0,649273.0,0.0,0.0,30770480.0,0.0,38085853.0,0.0,0.0,0.0,0.0,0.0,0.0,0.0,0.0,405235.0,512048.0,1041021.0,1859057.0,0.0,0.0,1380533.0,5731204.0,0.0,0.0
2023-05,PUNJAB AND SIND BANK,PUNJAB AND SIND BANK,Public sector,863.0,22.0,968.0,357.0,1078.0,41046.0,0.0,3839663.0,0.0,0.0,0.0,0.0,0.0,0.0,0.0,0.0,639102.0,1385016.0,122450.0,384668.0,0.0,0.0,1624489.0,7534452.0,0.0,0.0
2023-05,PUNJAB NATIONAL BANK,PUNJAB NATIONAL BANK,Public sector,8150.0,4688.0,45847.0,11265.0,635355.0,320689.0,332584.0,41368381.0,511146.0,1794713.0,192912.0,774422.0,0.0,0.0,4823.0,16252.0,6060076.0,13718044.0,2728820.0,5553268.0,0.0,0.0,27063559.0,136098592.0,0.0,0.0
2023-05,RBL BANK,RBL BANK LTD,Private sector,374.0,39.0,906974.0,0.0,47498.0,82040.0,4562457.0,1651712.0,7337876.0,30541712.0,3239264.0,29805539.0,0.0,0.0,41939.0,146831.0,243685.0,562311.0,108596.0,522937.0,82.0,2679.0,648447.0,3271489.0,0.0,0.0
2023-05,SBM BANK INDIA,SBM BANK INDIA LTD,Foreign,0.0,0.0,0.0,132053.0,0.0,0.0,1068500.0,652383.0,394082.0,452548.0,698259.0,997690.0,0.0,0.0,2283.0,5117.0,19117.0,34564.0,15873.0,42304.0,0.0,0.0,75235.0,243988.0,0.0,0.0
2023-05,SHIVALIK SMALL FINANCE BANK,SHIVALIK SMALL FINANCE BANK LTD,Small finance,27.0,1.0,0.0,279.0,0.0,0.0,0.0,86552.0,0.0,0.0,0.0,0.0,0.0,0.0,0.0,0.0,5941.0,12435.0,4817.0,16511.0,0.0,0.0,35813.0,186449.0,0.0,0.0
2023-05,SOUTH INDIAN BANK,SOUTH INDIAN BANK,Private sector,884.0,413.0,14837.0,0.0,7429.0,78394.0,227527.0,3688520.0,542954.0,1810035.0,489572.0,3365619.0,0.0,0.0,0.0,0.0,1633031.0,3303046.0,250766.0,832640.0,0.0,0.0,3147310.0,14699235.0,0.0,0.0
2023-05,STANDARD CHARTERED BANK,STANDARD CHARTERED BANK LTD,Foreign,102.0,67.0,0.0,0.0,0.0,0.0,1054846.0,1135973.0,1531241.0,4726540.0,1381452.0,6353183.0,0.0,0.0,2719.0,17200.0,832538.0,1880034.0,108212.0,601524.0,42.0,442.0,844931.0,4100844.0,0.0,0.0
2023-05,STATE BANK OF INDIA,STATE BANK OF INDIA,Public sector,25576.0,39961.0,1156307.0,52124.0,755029.0,2476109.0,17138124.0,273671877.0,27830642.0,89568764.0,19790560.0,148460182.0,0.0,0.0,120775.0,456674.0,47205596.0,102254849.0,16811700.0,35541348.0,1701.0,23099.0,188115205.0,949424789.0,40609.0,36431.0
2023-05,SURYODAY SMALL FINANCE BANK,SURYODAY SMALL FINANCE BANK LTD,Small finance,0.0,0.0,0.0,67.0,0.0,0.0,0.0,585684.0,0.0,0.0,0.0,0.0,0.0,0.0,0.0,0.0,32008.0,35611.0,1544.0,4498.0,0.0,0.0,317052.0,597435.0,0.0,0.0
2023-05,TAMILNAD MERCANTILE BANK,TAMILNAD MERCANTILE BANK LTD,Private sector,482.0,668.0,4897.0,0.0,0.0,86463.0,40703.0,2203377.0,48453.0,210841.0,18059.0,103184.0,0.0,0.0,2464.0,9459.0,452204.0,1095497.0,85467.0,197145.0,113.0,336.0,5423413.0,23072749.0,0.0,0.0
2023-05,UCO BANK,UCO BANK,Public sector,2200.0,227.0,11202.0,3568.0,1097.0,644146.0,0.0,12411696.0,0.0,0.0,0.0,0.0,0.0,0.0,0.0,0.0,1818078.0,3517713.0,413671.0,1004750.0,926.0,16897.0,7051003.0,31883368.0,853.0,790.0
2023-05,UJJIVAN SMALL FINANCE BANK,UJJIVAN SMALL FINANCE BANK LTD,Small finance,519.0,3.0,0.0,0.0,0.0,420538.0,0.0,8972099.0,0.0,0.0,0.0,0.0,0.0,0.0,0.0,0.0,271669.0,448275.0,108660.0,252345.0,0.0,0.0,3528310.0,15769151.0,91.0,89.0
2023-05,UNION BANK OF INDIA,UNION BANK OF INDIA,Public sector,8023.0,3209.0,38078.0,8015.0,84203.0,267994.0,673530.0,51217016.0,634379.0,2347307.0,445370.0,1640703.0,0.0,0.0,14375.0,71782.0,7751222.0,14767053.0,3721567.0,6478558.0,2585.0,9855.0,46943044.0,144859955.0,20162.0,20136.0
2023-05,UNITY SMALL FINANCE BANK,UNITY SMALL FINANCE BANK LTD,Small finance,231.0,0.0,0.0,0.0,0.0,0.0,0.0,0.0,0.0,0.0,0.0,0.0,0.0,0.0,0.0,0.0,0.0,0.0,0.0,0.0,0.0,0.0,0.0,0.0,0.0,0.0
2023-05,UTKARSH SMALL FINANCE BANK,UTKARSH SMALL FINANCE BANK LTD,Small finance,291.0,7.0,0.0,546.0,0.0,18995.0,0.0,1654364.0,0.0,0.0,0.0,0.0,0.0,0.0,0.0,0.0,38812.0,69443.0,10903.0,26481.0,21.0,167.0,339537.0,1420381.0,0.0,0.0
2023-05,WOORI BANK,WOORI BANK,Foreign,0.0,0.0,0.0,0.0,0.0,0.0,0.0,1003.0,0.0,0.0,0.0,0.0,0.0,0.0,0.0,0.0,4088.0,13531.0,1431.0,4655.0,0.0,0.0,984.0,7167.0,0.0,0.0
2023-05,YES BANK,YES BANK LTD,Private sector,1132.0,177.0,68644.0,90457.0,375475.0,144169628.0,1449755.0,4569186.0,2255307.0,7844163.0,979754.0,9241188.0,0.0,0.0,21856.0,98074.0,977980.0,2094248.0,378996.0,1240531.0,35.0,683.0,2740310.0,12175973.0,633.0,632.0
2023-06,AIRTEL PAYMENTS BANK,AIRTEL PAYMENTS BANK,Payments bank,0.0,0.0,0.0,78522.0,0.0,4054960.0,0.0,5419872.0,0.0,0.0,0.0,0.0,0.0,0.0,0.0,0.0,3290.0,5196.0,230825.0,288103.0,0.0,0.0,20821.0,100520.0,0.0,0.0
2023-06,AMERICAN EXPRESS BANKING CORPORATION,AMERICAN EXPRESS BANKING CORPORATION,Foreign,0.0,0.0,53387.0,0.0,0.0,0.0,1350680.0,0.0,1105475.0,8119821.0,3194954.0,27543975.0,0.0,0.0,0.0,0.0,0.0,0.0,0.0,0.0,0.0,0.0,0.0,0.0,0.0,0.0
2023-06,AU SMALL FINANCE BANK,AU SMALL FINANCE BANK LTD,Small finance,493.0,2.0,0.0,378.0,0.0,1076781.0,612215.0,2618894.0,831392.0,5000635.0,933902.0,7338006.0,1059.0,561.0,4741.0,27582.0,221890.0,526152.0,217587.0,693433.0,179.0,3523.0,999905.0,6641232.0,616.0,616.0
2023-06,AXIS BANK,AXIS BANK LTD,Private sector,5839.0,9933.0,1490691.0,747.0,664322.0,62172633.0,12509723.0,31603498.0,23544823.0,69046451.0,21767534.0,100018877.0,0.0,0.0,78713.0,336706.0,8225168.0,20932136.0,3784315.0,15234769.0,15642.0,386298.0,20780925.0,130083934.0,0.0,0.0
2023-06,BANDHAN BANK,BANDHAN BANK LTD,Private sector,433.0,5.0,42785.0,0.0,0.0,0.0,0.0,5507207.0,0.0,0.0,0.0,0.0,0.0,0.0,0.0,0.0,393424.0,1031303.0,183613.0,599127.0,0.0,0.0,2422492.0,12861203.0,36621.0,36833.0
2023-06,BANK OF AMERICA,BANK OF AMERICA,Foreign,0.0,0.0,0.0,0.0,0.0,0.0,0.0,0.0,0.0,0.0,0.0,0.0,0.0,0.0,0.0,0.0,0.0,0.0,0.0,0.0,0.0,0.0,0.0,0.0,0.0,0.0
2023-06,BANK OF BARODA,BANK OF BARODA,Public sector,8424.0,2035.0,23769.0,43716.0,7792.0,1278661.0,2006637.0,85726395.0,2253421.0,7047079.0,2033644.0,11565394.0,0.0,0.0,8609.0,42850.0,5501254.0,11082655.0,1553046.0,4634942.0,7.0,14.0,25602799.0,124247042.0,711.0,688.0
2023-06,BANK OF INDIA,BANK OF INDIA,Public sector,5326.0,2899.0,43051.0,16657.0,0.0,703132.0,74827.0,49233971.0,147475.0,510250.0,66038.0,264777.0,0.0,0.0,9336.0,56068.0,3692666.0,6843163.0,1403915.0,2379696.0,0.0,0.0,16892233.0,68465836.0,3328.0,3288.0
2023-06,BANK OF MAHARASHTRA,BANK OF MAHARASHTRA,Public sector,1946.0,417.0,1901.0,1937.0,355014.0,1102347.0,33045.0,13572986.0,52841.0,213649.0,22508.0,113123.0,0.0,0.0,871.0,4073.0,1581228.0,2594714.0,569744.0,1024396.0,6419.0,71349.0,6095597.0,26914032.0,0.0,0.0
2023-06,BARCLAYS BANK,BARCLAYS BANK PLC,Foreign,0.0,0.0,0.0,0.0,1.0,0.0,0.0,919.0,0.0,0.0,0.0,0.0,0.0,0.0,0.0,0.0,41.0,159.0,2.0,2.0,0.0,0.0,350.0,2961.0,0.0,0.0
2023-06,CANARA BANK,CANARA BANK,Public sector,8100.0,4016.0,62759.0,13427.0,57.0,2608610.0,661344.0,52478964.0,786402.0,2303569.0,296617.0,1338993.0,0.0,0.0,65989.0,349627.0,7995575.0,17968433.0,1796209.0,4804223.0,5476.0,89903.0,33270843.0,153662609.0,1047.0,881.0
2023-06,CAPITAL SMALL FINANCE BANK,CAPITAL SMALL FINANCE BANK LTD,Small finance,172.0,2.0,0.0,0.0,0.0,0.0,0.0,274089.0,0.0,0.0,0.0,0.0,0.0,0.0,0.0,0.0,37918.0,101347.0,8179.0,24006.0,0.0,0.0,128507.0,691685.0,0.0,0.0
2023-06,CENTRAL BANK OF INDIA,CENTRAL BANK OF INDIA,Public sector,2609.0,668.0,2254.0,9254.0,6193.0,760870.0,0.0,28431599.0,0.0,0.0,0.0,0.0,0.0,0.0,0.0,0.0,2008906.0,4429419.0,403325.0,1078336.0,0.0,0.0,8907862.0,40882536.0,9729.0,10274.0
2023-06,CITI BANK,CITI BANK,Foreign,0.0,0.0,0.0,0.0,0.0,0.0,164045.0,0.0,129983.0,743352.0,196779.0,2506749.0,0.0,0.0,647.0,4858.0,0.0,0.0,0.0,0.0,0.0,0.0,0.0,0.0,0.0,0.0
2023-06,CITY UNION BANK,CITY UNION BANK LTD.,Private sector,1119.0,552.0,6697.0,39475.0,0.0,49264.0,9768.0,2769897.0,20699.0,80464.0,8316.0,69066.0,0.0,0.0,253.0,1233.0,655454.0,1529820.0,95855.0,256406.0,0.0,0.0,2695155.0,14565586.0,0.0,0.0
2023-06,CSB BANK,CSB BANK LTD.,Private sector,487.0,53.0,0.0,0.0,6881.0,0.0,21721.0,903982.0,48972.0,184059.0,44540.0,406296.0,0.0,0.0,0.0,0.0,220402.0,411805.0,25768.0,65507.0,8.0,70.0,488920.0,2352503.0,16.0,12.0
2023-06,DBS BANK INDIA,DBS INDIA BANK LTD,Foreign,454.0,495.0,501.0,87.0,0.0,4126.0,320464.0,1907370.0,304204.0,1162756.0,203101.0,1744256.0,0.0,0.0,3213.0,9186.0,384839.0,716749.0,159657.0,323188.0,0.0,0.0,983723.0,4822683.0,0.0,0.0
2023-06,DCB BANK,DCB BANK LTD,Private sector,404.0,5.0,8362.0,0.0,8626.0,0.0,0.0,689216.0,0.0,0.0,0.0,0.0,0.0,0.0,0.0,0.0,114816.0,296349.0,26496.0,123502.0,316.0,9744.0,283453.0,1521957.0,0.0,0.0
2023-06,DEUTSCHE BANK,DEUTSCHE BANK LTD,Foreign,13.0,18.0,0.0,0.0,0.0,3.0,0.0,116840.0,0.0,0.0,0.0,0.0,0.0,0.0,0.0,0.0,41236.0,110232.0,18294.0,63882.0,0.0,0.0,40715.0,232903.0,0.0,0.0
2023-06,DHANALAKSHMI BANK,DHANALAKSHMI BANK LTD,Private sector,231.0,42.0,1531.0,0.0,0.0,29279.0,9322.0,542633.0,21522.0,44968.0,6309.0,23744.0,0.0,0.0,202.0,704.0,216912.0,378146.0,18407.0,47394.0,0.0,0.0,469557.0,2059586.0,0.0,0.0
2023-06,EQUITAS SMALL FINANCE BANK,EQUITAS SMALL FINANCE BANK LTD,Small finance,349.0,3.0,25138.0,303.0,52249.0,0.0,0.0,3380395.0,0.0,0.0,0.0,0.0,0.0,0.0,0.0,0.0,196672.0,362998.0,51916.0,234062.0,0.0,0.0,3104893.0,8430685.0,0.0,0.0
2023-06,ESAF SMALL FINANCE BANK,ESAF SMALL FINANCE BANK LTD,Small finance,557.0,3.0,0.0,2116.0,0.0,0.0,0.0,5018435.0,0.0,0.0,0.0,0.0,0.0,0.0,0.0,0.0,229018.0,327660.0,18199.0,36685.0,0.0,0.0,974584.0,4720590.0,17.0,9.0
2023-06,FEDERAL BANK,FEDERAL BANK LTD,Private sector,1576.0,342.0,18654.0,0.0,29300.0,4197109.0,655511.0,13044574.0,1296670.0,3853486.0,1291682.0,7239476.0,0.0,0.0,3557.0,15944.0,4314399.0,8558559.0,1638863.0,4752523.0,2470.0,30340.0,8722982.0,43548824.0,205.0,185.0
2023-06,FINCARE SMALL FINANCE BANK,FINCARE SMALL FINANCE BANK LTD,Small finance,146.0,0.0,0.0,252.0,0.0,13134.0,0.0,4747356.0,0.0,0.0,0.0,0.0,0.0,0.0,0.0,0.0,47700.0,62974.0,6459.0,15523.0,0.0,0.0,921634.0,4754872.0,0.0,0.0
2023-06,FINO PAYMENTS BANK,FINO PAYMENTS BANK,Payments bank,0.0,0.0,0.0,381679.0,0.0,17759.0,0.0,7242765.0,0.0,0.0,0.0,0.0,0.0,0.0,0.0,0.0,193059.0,433434.0,11959.0,18530.0,0.0,0.0,2096156.0,6860035.0,162.0,99.0
2023-06,HDFC BANK,HDFC BANK LTD,Private sector,10784.0,9568.0,1576885.0,4514.0,1885461.0,0.0,18351008.0,51038405.0,35993263.0,136126552.0,29549027.0,251029530.0,0.0,0.0,196190.0,1131491.0,17580058.0,47869106.0,11491013.0,40482871.0,93014.0,1408186.0,40293124.0,247754798.0,78204.0,78206.0
2023-06,HSBC,HSBC LTD,Foreign,46.0,28.0,0.0,0.0,0.0,0.0,664317.0,608751.0,738934.0,2401628.0,1083579.0,4954050.0,0.0,0.0,1539.0,12298.0,292991.0,995116.0,0.0,0.0,0.0,0.0,241255.0,1418462.0,0.0,0.0
2023-06,ICICI BANK,ICICI BANK LTD,Private sector,9318.0,7405.0,1350171.0,9795.0,571870.0,3186008.0,14802557.0,32592862.0,19550193.0,72020959.0,30359368.0,158399244.0,65.0,3733.0,48740.0,240538.0,11186684.0,32050031.0,4123377.0,19398178.0,20435.0,201573.0,19997780.0,137241144.0,3.0,1.0
2023-06,IDBI BANK,IDBI BANK LTD,Private sector,2255.0,1075.0,21178.0,133.0,9186.0,235040.0,44736.0,11245185.0,69993.0,226751.0,41557.0,155356.0,0.0,0.0,315.0,1810.0,1866937.0,3986575.0,338360.0,880916.0,0.0,0.0,6045028.0,30387257.0,706.0,699.0
2023-06,IDFC FIRST BANK,IDFC FIRST BANK LTD,Private sector,760.0,309.0,36489.0,11146.0,0.0,38079.0,1678367.0,6537629.0,2270080.0,7615682.0,1781721.0,12140922.0,0.0,0.0,25369.0,96988.0,943197.0,2189319.0,323665.0,1911794.0,0.0,0.0,3940519.0,20230545.0,0.0,0.0
2023-06,INDIA POST PAYMENTS BANK,INDIA POST PAYMENTS BANK,Payments bank,0.0,0.0,0.0,162452.0,0.0,265035.0,0.0,10860553.0,0.0,0.0,0.0,0.0,0.0,0.0,0.0,0.0,0.0,0.0,470418.0,362331.0,0.0,0.0,0.0,0.0,0.0,0.0
2023-06,INDIAN BANK,INDIAN BANK,Public sector,4217.0,587.0,13009.0,10805.0,0.0,3380224.0,170135.0,32286911.0,135493.0,470068.0,64467.0,290827.0,0.0,0.0,3149.0,20580.0,4586296.0,9685264.0,1580405.0,3171378.0,2975.0,41951.0,20901227.0,98607927.0,35050.0,34974.0
2023-06,INDIAN OVERSEAS BANK,INDIAN OVERSEAS BANK,Public sector,2776.0,718.0,0.0,0.0,0.0,267552.0,81061.0,17030045.0,72810.0,194219.0,25616.0,77423.0,0.0,0.0,2461.0,11327.0,3039647.0,6073188.0,758841.0,1601418.0,0.0,0.0,11576143.0,49318216.0,0.0,0.0
2023-06,INDUSIND BANK,INDUSIND BANK LTD,Private sector,1707.0,1168.0,283662.0,146.0,58772.0,3485539.0,2394461.0,8766441.0,3580166.0,16351971.0,2404899.0,50669842.0,0.0,0.0,27949.0,138056.0,1184244.0,2756176.0,742920.0,3128734.0,927.0,69562.0,4620881.0,26186963.0,0.0,0.0
2023-06,JAMMU AND KASHMIR BANK,JAMMU AND KASHMIR BANK LTD,Private sector,913.0,622.0,11530.0,942.0,0.0,157125.0,102634.0,3963646.0,195275.0,1315647.0,98844.0,334594.0,0.0,0.0,8403.0,34735.0,1935688.0,2843879.0,1118586.0,798547.0,0.0,0.0,6421574.0,34456556.0,2.0,0.0
2023-06,JANA SMALL FINANCE BANK,JANA SMALL FINANCE BANK LTD,Small finance,59.0,2.0,0.0,164.0,0.0,494869.0,0.0,2866216.0,0.0,0.0,0.0,0.0,0.0,0.0,0.0,0.0,49857.0,91110.0,7953.0,20929.0,0.0,0.0,332922.0,1675135.0,0.0,0.0
2023-06,JIO PAYMENTS BANK,JIO PAYMENTS BANK,Payments bank,0.0,0.0,0.0,0.0,0.0,12172.0,0.0,0.0,0.0,0.0,0.0,0.0,0.0,0.0,0.0,0.0,0.0,0.0,0.0,0.0,0.0,0.0,0.0,0.0,0.0,0.0
2023-06,KARNATAKA BANK,KARNATAKA BANK LTD,Private sector,889.0,586.0,9405.0,0.0,0.0,59510.0,0.0,5258100.0,0.0,0.0,0.0,0.0,0.0,0.0,0.0,0.0,1176732.0,2082879.0,154119.0,366164.0,0.0,0.0,4094860.0,19075881.0,0.0,0.0
2023-06,KARUR VYSYA BANK,KARUR VYSYA BANK LTD,Private sector,1410.0,830.0,8980.0,0.0,0.0,26591.0,11068.0,4394009.0,31108.0,192861.0,9725.0,122044.0,0.0,0.0,834.0,6327.0,1511467.0,3498822.0,247913.0,881287.0,10065.0,218538.0,4788237.0,23334650.0,0.0,0.0
2023-06,KOTAK MAHINDRA BANK,KOTAK MAHINDRA BANK LTD,Private sector,1611.0,1436.0,77907.0,17549.0,70499.0,458519.0,5216456.0,29407660.0,5438129.0,19608701.0,4220735.0,30427625.0,0.0,0.0,48443.0,190730.0,3676895.0,7145563.0,2504140.0,6703127.0,0.0,0.0,12099616.0,55395851.0,0.0,0.0
2023-06,NAINITAL BANK,NAINITAL BANK LTD,Private sector,0.0,0.0,0.0,0.0,0.0,0.0,0.0,214304.0,0.0,0.0,0.0,0.0,0.0,0.0,0.0,0.0,24699.0,45629.0,11630.0,27854.0,0.0,0.0,90180.0,423547.0,17.0,15.0
2023-06,NORTH EAST SMALL FINANCE BANK,NORTH EAST SMALL FINANCE BANK LTD,Small finance,13.0,1.0,0.0,0.0,0.0,0.0,0.0,393695.0,0.0,0.0,0.0,0.0,0.0,0.0,0.0,0.0,4552.0,6303.0,0.0,0.0,0.0,0.0,44169.0,179363.0,0.0,0.0
2023-06,NSDL PAYMENTS BANK,NSDL PAYMENTS BANK,Payments bank,0.0,0.0,0.0,410597.0,0.0,0.0,0.0,609825.0,0.0,0.0,0.0,0.0,0.0,0.0,0.0,0.0,899.0,1019.0,21644.0,15796.0,0.0,0.0,5158.0,21456.0,0.0,0.0
2023-06,PAYTM PAYMENTS BANK,PAYTM PAYMENTS BANK,Payments bank,1.0,25.0,670115.0,0.0,0.0,30053065.0,0.0,38194741.0,0.0,0.0,0.0,0.0,0.0,0.0,0.0,0.0,375179.0,477005.0,949751.0,1896620.0,0.0,0.0,1331109.0,5630277.0,0.0,0.0
2023-06,PUNJAB AND SIND BANK,PUNJAB AND SIND BANK,Public sector,872.0,24.0,974.0,357.0,1073.0,43590.0,0.0,3879470.0,0.0,0.0,0.0,0.0,0.0,0.0,0.0,0.0,621179.0,1351094.0,109540.0,382284.0,0.0,0.0,1574069.0,7299487.0,0.0,0.0
2023-06,PUNJAB NATIONAL BANK,PUNJAB NATIONAL BANK,Public sector,8134.0,4686.0,45287.0,11265.0,639192.0,391125.0,340119.0,41690011.0,501674.0,1803943.0,205990.0,860035.0,0.0,0.0,4553.0,14703.0,6025489.0,13565523.0,2729159.0,5853031.0,0.0,0.0,27131349.0,135576190.0,0.0,0.0
2023-06,RBL BANK,RBL BANK LTD,Private sector,375.0,39.0,912711.0,0.0,47498.0,84572.0,4613266.0,1674477.0,6895225.0,29046771.0,3055162.0,29220591.0,0.0,0.0,42198.0,145016.0,230925.0,542813.0,103993.0,565093.0,90.0,4463.0,630016.0,3172981.0,0.0,0.0
2023-06,SBM BANK INDIA,SBM BANK INDIA LTD,Foreign,0.0,0.0,0.0,112745.0,0.0,0.0,948971.0,667063.0,386156.0,451282.0,651577.0,877109.0,0.0,0.0,2812.0,5294.0,17187.0,31413.0,15065.0,41246.0,0.0,0.0,85499.0,265693.0,0.0,0.0
2023-06,SHIVALIK SMALL FINANCE BANK,SHIVALIK SMALL FINANCE BANK LTD,Small finance,28.0,1.0,0.0,279.0,0.0,0.0,0.0,86252.0,0.0,0.0,0.0,0.0,0.0,0.0,0.0,0.0,5703.0,12620.0,4851.0,16867.0,0.0,0.0,35532.0,183472.0,0.0,0.0
2023-06,SOUTH INDIAN BANK,SOUTH INDIAN BANK,Private sector,884.0,412.0,15215.0,0.0,7428.0,79908.0,247224.0,3700670.0,529023.0,1739785.0,483837.0,3370560.0,0.0,0.0,0.0,0.0,1506040.0,3043113.0,242157.0,847657.0,0.0,0.0,3060491.0,14144639.0,0.0,0.0
2023-06,STANDARD CHARTERED BANK,STANDARD CHARTERED BANK LTD,Foreign,102.0,68.0,0.0,0.0,0.0,0.0,1040847.0,1111690.0,1374820.0,4223804.0,1235430.0,5930704.0,0.0,0.0,2599.0,16435.0,773117.0,1771662.0,100907.0,580312.0,30.0,539.0,682908.0,3385576.0,0.0,0.0
2023-06,STATE BANK OF INDIA,STATE BANK OF INDIA,Public sector,25899.0,39575.0,1154673.0,52364.0,760216.0,2481144.0,17343335.0,269268640.0,26742951.0,86351603.0,18177378.0,163453845.0,0.0,0.0,114659.0,433621.0,44401210.0,95935494.0,15381148.0,34412352.0,1563.0,19326.0,183092005.0,927321499.0,35234.0,32960.0
2023-06,SURYODAY SMALL FINANCE BANK,SURYODAY SMALL FINANCE BANK LTD,Small finance,0.0,0.0,0.0,67.0,0.0,0.0,0.0,595878.0,0.0,0.0,0.0,0.0,0.0,0.0,0.0,0.0,27165.0,30434.0,2127.0,5202.0,0.0,0.0,320981.0,520863.0,0.0,0.0
2023-06,TAMILNAD MERCANTILE BANK,TAMILNAD MERCANTILE BANK LTD,Private sector,483.0,667.0,4455.0,0.0,0.0,89473.0,34233.0,2218972.0,46312.0,202947.0,17116.0,105411.0,0.0,0.0,2240.0,9232.0,426555.0,1012373.0,75434.0,203012.0,127.0,405.0,5294099.0,22548645.0,0.0,0.0
2023-06,UCO BANK,UCO BANK,Public sector,2188.0,223.0,11298.0,3568.0,1041.0,674601.0,0.0,12486111.0,0.0,0.0,0.0,0.0,0.0,0.0,0.0,0.0,1668753.0,3315634.0,401407.0,997164.0,730.0,13244.0,6743905.0,30498834.0,665.0,626.0
2023-06,UJJIVAN SMALL FINANCE BANK,UJJIVAN SMALL FINANCE BANK LTD,Small finance,520.0,3.0,0.0,0.0,0.0,436928.0,0.0,9142682.0,0.0,0.0,0.0,0.0,0.0,0.0,0.0,0.0,261234.0,448275.0,100243.0,244705.0,0.0,0.0,3452197.0,15220477.0,83.0,75.0
2023-06,UNION BANK OF INDIA,UNION BANK OF INDIA,Public sector,8021.0,3210.0,38789.0,7992.0,125914.0,268318.0,671751.0,51486043.0,633923.0,2350923.0,538523.0,1834691.0,0.0,0.0,14405.0,71886.0,7318291.0,14129378.0,3402051.0,6403476.0,2502.0,9593.0,46037116.0,141889176.0,25820.0,25769.0
2023-06,UNITY SMALL FINANCE BANK,UNITY SMALL FINANCE BANK LTD,Small finance,231.0,0.0,0.0,0.0,0.0,0.0,0.0,0.0,0.0,0.0,0.0,0.0,0.0,0.0,0.0,0.0,0.0,0.0,0.0,0.0,0.0,0.0,0.0,0.0,0.0,0.0
2023-06,UTKARSH SMALL FINANCE BANK,UTKARSH SMALL FINANCE BANK LTD,Small finance,292.0,7.0,0.0,557.0,0.0,20424.0,0.0,1688294.0,0.0,0.0,0.0,0.0,0.0,0.0,0.0,0.0,34175.0,60956.0,11057.0,24266.0,19.0,103.0,311511.0,1292068.0,0.0,0.0
2023-06,WOORI BANK,WOORI BANK,Foreign,0.0,0.0,0.0,0.0,0.0,0.0,0.0,1021.0,0.0,0.0,0.0,0.0,0.0,0.0,0.0,0.0,2910.0,11272.0,1205.0,3547.0,0.0,0.0,924.0,6184.0,0.0,0.0
2023-06,YES BANK,YES BANK LTD,Private sector,1144.0,165.0,69696.0,89645.0,379784.0,147257348.0,1496508.0,4635022.0,2141275.0,7533947.0,962663.0,9371376.0,0.0,0.0,20448.0,91020.0,934287.0,2022283.0,346753.0,1202868.0,49.0,759.0,2862449.0,13341969.0,537.0,537.0
2023-07,AIRTEL PAYMENTS BANK,AIRTEL PAYMENTS BANK,Payments bank,0.0,0.0,0.0,83880.0,0.0,3792634.0,0.0,5959901.0,0.0,0.0,0.0,0.0,0.0,0.0,0.0,0.0,4570.0,6509.0,213000.0,274502.0,0.0,0.0,30096.0,135459.0,0.0,0.0
2023-07,AMERICAN EXPRESS BANKING CORPORATION,AMERICAN EXPRESS BANKING CORPORATION,Foreign,0.0,0.0,52988.0,0.0,0.0,0.0,1353841.0,0.0,1176874.0,8609369.0,3414995.0,29327670.0,0.0,0.0,0.0,0.0,0.0,0.0,0.0,0.0,0.0,0.0,0.0,0.0,0.0,0.0
2023-07,AU SMALL FINANCE BANK,AU SMALL FINANCE BANK LTD,Small finance,493.0,2.0,0.0,380.0,0.0,1084906.0,645027.0,2677150.0,848428.0,4794047.0,1007995.0,8206736.0,1314.0,677.0,5033.0,28556.0,218398.0,527001.0,243562.0,858959.0,232.0,3754.0,988224.0,6364624.0,593.0,566.0
2023-07,AXIS BANK,AXIS BANK LTD,Private sector,5863.0,9904.0,1501086.0,747.0,692067.0,64030282.0,12739961.0,32205377.0,23914404.0,66051323.0,23873837.0,114320051.0,0.0,0.0,82627.0,348602.0,8075504.0,20705044.0,3832518.0,17341395.0,15502.0,385878.0,19804086.0,121833553.0,0.0,0.0
2023-07,BANDHAN BANK,BANDHAN BANK LTD,Private sector,433.0,5.0,44094.0,0.0,0.0,0.0,0.0,5579890.0,0.0,0.0,0.0,0.0,0.0,0.0,0.0,0.0,392654.0,1028074.0,189330.0,678473.0,0.0,0.0,2491362.0,13168210.0,42077.0,39996.0
2023-07,BANK OF AMERICA,BANK OF AMERICA,Foreign,0.0,0.0,0.0,0.0,0.0,0.0,0.0,0.0,0.0,0.0,0.0,0.0,0.0,0.0,0.0,0.0,0.0,0.0,0.0,0.0,0.0,0.0,0.0,0.0,0.0,0.0
2023-07,BANK OF BARODA,BANK OF BARODA,Public sector,8440.0,2088.0,25007.0,43852.0,8320.0,1339890.0,2044759.0,87634917.0,2845288.0,7971068.0,2466667.0,13209926.0,0.0,0.0,8439.0,41891.0,5397673.0,10898139.0,1551018.0,5190205.0,9.0,23.0,25647197.0,120381811.0,624.0,589.0
2023-07,BANK OF INDIA,BANK OF INDIA,Public sector,5327.0,2901.0,43184.0,16657.0,0.0,730308.0,74798.0,49346167.0,148750.0,516626.0,69395.0,284577.0,0.0,0.0,9553.0,58028.0,3569757.0,6584974.0,1460175.0,2598165.0,0.0,0.0,16866377.0,66847676.0,3238.0,3189.0
2023-07,BANK OF MAHARASHTRA,BANK OF MAHARASHTRA,Public sector,1957.0,416.0,1878.0,1939.0,355014.0,1116939.0,33064.0,13696497.0,53293.0,218061.0,23985.0,124480.0,0.0,0.0,898.0,4268.0,1534280.0,2521756.0,582418.0,1108981.0,6976.0,73482.0,6077825.0,26243462.0,0.0,0.0
2023-07,BARCLAYS BANK,BARCLAYS BANK PLC,Foreign,0.0,0.0,0.0,0.0,1.0,0.0,0.0,923.0,0.0,0.0,0.0,0.0,0.0,0.0,0.0,0.0,34.0,135.0,9.0,30.0,0.0,0.0,310.0,2750.0,0.0,0.0
2023-07,CANARA BANK,CANARA BANK,Public sector,8103.0,4020.0,63409.0,13427.0,56.0,2765781.0,679662.0,52489959.0,777501.0,2448283.0,305873.0,1389874.0,0.0,0.0,68362.0,361758.0,8121323.0,18021292.0,1714705.0,5498511.0,5714.0,89931.0,32051326.0,144789866.0,960.0,795.0
2023-07,CAPITAL SMALL FINANCE BANK,CAPITAL SMALL FINANCE BANK LTD,Small finance,172.0,2.0,0.0,0.0,0.0,0.0,0.0,269198.0,0.0,0.0,0.0,0.0,0.0,0.0,0.0,0.0,36293.0,92100.0,8579.0,27404.0,0.0,0.0,127950.0,677134.0,0.0,0.0
2023-07,CENTRAL BANK OF INDIA,CENTRAL BANK OF INDIA,Public sector,2609.0,740.0,2292.0,9254.0,6277.0,827414.0,0.0,28731310.0,0.0,0.0,0.0,0.0,0.0,0.0,0.0,0.0,1998785.0,4410976.0,384264.0,1148752.0,0.0,0.0,8909303.0,39731861.0,9355.0,9665.0
2023-07,CITI BANK,CITI BANK,Foreign,0.0,0.0,0.0,0.0,0.0,0.0,167225.0,0.0,131229.0,756913.0,198123.0,2475528.0,0.0,0.0,676.0,5103.0,0.0,0.0,0.0,0.0,0.0,0.0,0.0,0.0,0.0,0.0
2023-07,CITY UNION BANK,CITY UNION BANK LTD.,Private sector,1123.0,553.0,6402.0,41725.0,0.0,51537.0,13026.0,2785413.0,30988.0,122902.0,12386.0,121687.0,0.0,0.0,297.0,1544.0,636081.0,1491460.0,97286.0,280290.0,0.0,0.0,2759314.0,14703178.0,0.0,0.0
2023-07,CSB BANK,CSB BANK LTD.,Private sector,489.0,52.0,0.0,0.0,7418.0,0.0,28136.0,907493.0,66340.0,249262.0,65085.0,554089.0,0.0,0.0,0.0,0.0,224700.0,444747.0,25006.0,68534.0,8.0,35.0,489087.0,2315549.0,9.0,9.0
2023-07,DBS BANK INDIA,DBS INDIA BANK LTD,Foreign,459.0,492.0,507.0,91.0,0.0,4304.0,354200.0,1934336.0,339291.0,1321944.0,228638.0,1957903.0,0.0,0.0,3856.0,10496.0,372458.0,698569.0,174858.0,362148.0,0.0,0.0,972850.0,4681148.0,0.0,0.0
2023-07,DCB BANK,DCB BANK LTD,Private sector,406.0,5.0,8306.0,0.0,8792.0,0.0,0.0,696612.0,0.0,0.0,0.0,0.0,0.0,0.0,0.0,0.0,113242.0,296182.0,27569.0,132137.0,314.0,10047.0,274346.0,1390737.0,0.0,0.0
2023-07,DEUTSCHE BANK,DEUTSCHE BANK LTD,Foreign,13.0,18.0,0.0,0.0,0.0,15.0,0.0,117996.0,0.0,0.0,0.0,0.0,0.0,0.0,0.0,0.0,41446.0,114630.0,18695.0,67802.0,0.0,0.0,40207.0,228927.0,0.0,0.0
2023-07,DHANALAKSHMI BANK,DHANALAKSHMI BANK LTD,Private sector,232.0,42.0,1559.0,0.0,0.0,29766.0,9599.0,547256.0,22474.0,49359.0,6635.0,23935.0,1.0,59.0,247.0,738.0,216689.0,379422.0,17634.0,50192.0,0.0,0.0,476284.0,2045509.0,0.0,0.0
2023-07,EQUITAS SMALL FINANCE BANK,EQUITAS SMALL FINANCE BANK LTD,Small finance,349.0,3.0,25092.0,303.0,54172.0,0.0,0.0,3362040.0,0.0,0.0,0.0,0.0,0.0,0.0,0.0,0.0,188573.0,355539.0,52473.0,239542.0,0.0,0.0,3220496.0,8200365.0,0.0,0.0
2023-07,ESAF SMALL FINANCE BANK,ESAF SMALL FINANCE BANK LTD,Small finance,563.0,2.0,0.0,2255.0,0.0,0.0,0.0,5070205.0,0.0,0.0,0.0,0.0,0.0,0.0,0.0,0.0,220478.0,324694.0,17033.0,38726.0,0.0,0.0,907089.0,4144297.0,17.0,9.0
2023-07,FEDERAL BANK,FEDERAL BANK LTD,Private sector,1579.0,334.0,18616.0,860.0,23439.0,4277320.0,677760.0,13119727.0,1360584.0,4127574.0,1482281.0,8175012.0,0.0,0.0,3815.0,17643.0,4393278.0,9025673.0,1704423.0,5712758.0,2551.0,31460.0,8677657.0,42613511.0,184.0,172.0
2023-07,FINCARE SMALL FINANCE BANK,FINCARE SMALL FINANCE BANK LTD,Small finance,147.0,0.0,0.0,254.0,0.0,18971.0,0.0,4885913.0,0.0,0.0,0.0,0.0,0.0,0.0,0.0,0.0,51835.0,68553.0,7823.0,20789.0,0.0,0.0,1041184.0,5262435.0,0.0,0.0
2023-07,FINO PAYMENTS BANK,FINO PAYMENTS BANK,Payments bank,0.0,0.0,0.0,385874.0,0.0,17833.0,0.0,7484726.0,0.0,0.0,0.0,0.0,0.0,0.0,0.0,0.0,207963.0,438318.0,13459.0,19818.0,0.0,0.0,2173680.0,6801138.0,148.0,85.0
2023-07,HDFC BANK,HDFC BANK LTD,Private sector,10862.0,9600.0,1599848.0,4530.0,1911494.0,0.0,18542304.0,49617036.0,38884598.0,138389420.0,30687690.0,255642569.0,0.0,0.0,196361.0,1131024.0,17433076.0,48011203.0,11706312.0,44796609.0,95168.0,1450921.0,40108580.0,242140173.0,69374.0,68742.0
2023-07,HSBC,HSBC LTD,Foreign,46.0,28.0,0.0,0.0,0.0,0.0,600995.0,616710.0,760657.0,2512949.0,1144028.0,5586460.0,0.0,0.0,1651.0,11545.0,302497.0,1039206.0,0.0,0.0,0.0,0.0,240604.0,1387116.0,0.0,0.0
2023-07,ICICI BANK,ICICI BANK LTD,Private sector,9418.0,7395.0,1374595.0,10004.0,572951.0,3225261.0,14988851.0,32367490.0,19961639.0,74237700.0,32412333.0,184327241.0,35.0,2248.0,47924.0,236050.0,11127869.0,32794278.0,4374463.0,26096679.0,21688.0,205526.0,19622565.0,132705282.0,7.0,4.0
2023-07,IDBI BANK,IDBI BANK LTD,Private sector,2258.0,1070.0,21113.0,125.0,9322.0,238331.0,44716.0,11330058.0,71081.0,221151.0,42200.0,162649.0,0.0,0.0,350.0,2099.0,1772824.0,3791039.0,367306.0,1027545.0,0.0,0.0,5939110.0,28988874.0,1147.0,1138.0
2023-07,IDFC FIRST BANK,IDFC FIRST BANK LTD,Private sector,767.0,318.0,37409.0,11208.0,0.0,38079.0,1770754.0,6649842.0,2359648.0,7897826.0,1966212.0,13314455.0,0.0,0.0,25937.0,99208.0,943523.0,2217932.0,347670.0,2434448.0,0.0,0.0,3943804.0,19704688.0,0.0,0.0
2023-07,INDIA POST PAYMENTS BANK,INDIA POST PAYMENTS BANK,Payments bank,0.0,0.0,0.0,164949.0,0.0,306097.0,0.0,11278715.0,0.0,0.0,0.0,0.0,0.0,0.0,0.0,0.0,0.0,0.0,416644.0,405499.0,0.0,0.0,0.0,0.0,0.0,0.0
2023-07,INDIAN BANK,INDIAN BANK,Public sector,4237.0,582.0,12745.0,10805.0,0.0,3543265.0,170536.0,32615297.0,136942.0,466934.0,69201.0,305592.0,0.0,0.0,3370.0,22071.0,4562861.0,9443020.0,1639340.0,3552664.0,3089.0,50243.0,21331326.0,98191570.0,33582.0,33085.0
2023-07,INDIAN OVERSEAS BANK,INDIAN OVERSEAS BANK,Public sector,2787.0,720.0,0.0,0.0,0.0,273633.0,82790.0,17215644.0,74898.0,196063.0,27492.0,83432.0,0.0,0.0,2476.0,11165.0,3047007.0,6013921.0,785806.0,1794712.0,0.0,0.0,11838390.0,49380903.0,0.0,0.0
2023-07,INDUSIND BANK,INDUSIND BANK LTD,Private sector,1717.0,1168.0,247835.0,146.0,58811.0,3542925.0,2431761.0,8846208.0,3702423.0,17559543.0,2779604.0,50379607.0,0.0,0.0,27768.0,137774.0,1163726.0,2712641.0,781245.0,3428672.0,851.0,63573.0,4565948.0,25315974.0,0.0,0.0
2023-07,JAMMU AND KASHMIR BANK,JAMMU AND KASHMIR BANK LTD,Private sector,914.0,624.0,11400.0,942.0,0.0,215212.0,102123.0,4018048.0,178408.0,1281781.0,103111.0,366865.0,0.0,0.0,8547.0,34109.0,2002276.0,2983773.0,1103201.0,1012687.0,0.0,0.0,5740589.0,28502615.0,14.0,15.0
2023-07,JANA SMALL FINANCE BANK,JANA SMALL FINANCE BANK LTD,Small finance,59.0,2.0,0.0,164.0,0.0,494916.0,0.0,2905705.0,0.0,0.0,0.0,0.0,0.0,0.0,0.0,0.0,54645.0,102915.0,8970.0,24212.0,0.0,0.0,380762.0,1947770.0,0.0,0.0
2023-07,JIO PAYMENTS BANK,JIO PAYMENTS BANK,Payments bank,0.0,0.0,0.0,0.0,0.0,12774.0,0.0,0.0,0.0,0.0,0.0,0.0,0.0,0.0,0.0,0.0,0.0,0.0,0.0,0.0,0.0,0.0,0.0,0.0,0.0,0.0
2023-07,KARNATAKA BANK,KARNATAKA BANK LTD,Private sector,890.0,584.0,9485.0,0.0,0.0,61520.0,0.0,5226012.0,0.0,0.0,0.0,0.0,0.0,0.0,0.0,0.0,1156743.0,2060522.0,163722.0,399003.0,0.0,0.0,4112770.0,18629871.0,0.0,0.0
2023-07,KARUR VYSYA BANK,KARUR VYSYA BANK LTD,Private sector,1411.0,824.0,9123.0,0.0,0.0,27947.0,11007.0,4445614.0,31974.0,190798.0,10783.0,128918.0,0.0,0.0,914.0,6972.0,1486568.0,3400458.0,259190.0,954390.0,9348.0,201743.0,4851663.0,23185482.0,0.0,0.0
2023-07,KOTAK MAHINDRA BANK,KOTAK MAHINDRA BANK LTD,Private sector,1647.0,1465.0,79063.0,17608.0,78361.0,473575.0,5296061.0,29656410.0,5531512.0,21054818.0,4554414.0,34217889.0,0.0,0.0,46427.0,188344.0,3440554.0,6986101.0,2456342.0,7101504.0,0.0,0.0,12020836.0,52914797.0,0.0,0.0
2023-07,NAINITAL BANK,NAINITAL BANK LTD,Private sector,0.0,0.0,0.0,0.0,0.0,0.0,0.0,217410.0,0.0,0.0,0.0,0.0,0.0,0.0,0.0,0.0,24516.0,43199.0,12208.0,31756.0,0.0,0.0,89103.0,406041.0,22.0,17.0
2023-07,NORTH EAST SMALL FINANCE BANK,NORTH EAST SMALL FINANCE BANK LTD,Small finance,13.0,1.0,0.0,0.0,0.0,0.0,0.0,393696.0,0.0,0.0,0.0,0.0,0.0,0.0,0.0,0.0,7179.0,9097.0,0.0,0.0,0.0,0.0,46222.0,182077.0,0.0,0.0
2023-07,NSDL PAYMENTS BANK,NSDL PAYMENTS BANK,Payments bank,0.0,0.0,0.0,457648.0,0.0,0.0,0.0,632211.0,0.0,0.0,0.0,0.0,0.0,0.0,0.0,0.0,947.0,935.0,21997.0,17301.0,0.0,0.0,5722.0,23897.0,0.0,0.0
2023-07,PAYTM PAYMENTS BANK,PAYTM PAYMENTS BANK,Payments bank,1.0,18.0,657116.0,0.0,0.0,32165595.0,0.0,32116534.0,0.0,0.0,0.0,0.0,0.0,0.0,0.0,0.0,343431.0,439862.0,977274.0,1929981.0,0.0,0.0,1252836.0,5197185.0,0.0,0.0
2023-07,PUNJAB AND SIND BANK,PUNJAB AND SIND BANK,Public sector,882.0,25.0,967.0,357.0,1074.0,79926.0,0.0,3924182.0,0.0,0.0,0.0,0.0,0.0,0.0,0.0,0.0,614335.0,1322672.0,119069.0,474574.0,0.0,0.0,1576741.0,7134696.0,0.0,0.0
2023-07,PUNJAB NATIONAL BANK,PUNJAB NATIONAL BANK,Public sector,8133.0,4537.0,44332.0,11265.0,639954.0,445896.0,347985.0,42024249.0,495407.0,1824853.0,201805.0,865310.0,0.0,0.0,4757.0,15242.0,5949463.0,13231805.0,2804440.0,7289769.0,0.0,0.0,26919031.0,131097199.0,0.0,0.0
2023-07,RBL BANK,RBL BANK LTD,Private sector,371.0,38.0,922747.0,0.0,47498.0,87651.0,4644075.0,1694046.0,7007624.0,29849277.0,3295649.0,31750776.0,0.0,0.0,44914.0,149753.0,226967.0,543050.0,108139.0,626792.0,71.0,2042.0,626865.0,3078047.0,0.0,0.0
2023-07,SBM BANK INDIA,SBM BANK INDIA LTD,Foreign,0.0,0.0,0.0,89897.0,0.0,0.0,956991.0,689256.0,400775.0,483217.0,709383.0,974593.0,0.0,0.0,3047.0,6186.0,18063.0,34023.0,15734.0,48131.0,0.0,0.0,77903.0,234529.0,0.0,0.0
2023-07,SHIVALIK SMALL FINANCE BANK,SHIVALIK SMALL FINANCE BANK LTD,Small finance,28.0,1.0,0.0,0.0,0.0,0.0,0.0,82099.0,0.0,0.0,0.0,0.0,0.0,0.0,0.0,0.0,5561.0,11268.0,4520.0,17457.0,0.0,0.0,35175.0,181427.0,0.0,0.0
2023-07,SOUTH INDIAN BANK,SOUTH INDIAN BANK,Private sector,885.0,415.0,15315.0,0.0,7639.0,81813.0,272067.0,3721917.0,572350.0,1887278.0,574112.0,3810301.0,0.0,0.0,0.0,0.0,1515042.0,3122514.0,249201.0,929846.0,0.0,0.0,3041424.0,13825981.0,0.0,0.0
2023-07,STANDARD CHARTERED BANK,STANDARD CHARTERED BANK LTD,Foreign,102.0,68.0,0.0,0.0,0.0,0.0,1037489.0,1114774.0,1439492.0,4413757.0,1401869.0,6309805.0,0.0,0.0,2368.0,14111.0,751874.0,1750673.0,99040.0,605242.0,42.0,758.0,649294.0,3161241.0,0.0,0.0
2023-07,STATE BANK OF INDIA,STATE BANK OF INDIA,Public sector,25788.0,39573.0,1150540.0,52315.0,767871.0,2752868.0,17550747.0,264868353.0,27125103.0,87448960.0,19799581.0,172218641.0,0.0,0.0,118875.0,445021.0,44225257.0,94216000.0,15816442.0,38448260.0,1528.0,20732.0,186025983.0,924991260.0,32644.0,31564.0
2023-07,SURYODAY SMALL FINANCE BANK,SURYODAY SMALL FINANCE BANK LTD,Small finance,0.0,0.0,0.0,67.0,0.0,0.0,0.0,657328.0,0.0,0.0,0.0,0.0,0.0,0.0,0.0,0.0,32219.0,35447.0,965.0,2455.0,0.0,0.0,241412.0,695391.0,0.0,0.0
2023-07,TAMILNAD MERCANTILE BANK,TAMILNAD MERCANTILE BANK LTD,Private sector,488.0,663.0,2109.0,0.0,0.0,92485.0,33444.0,2237587.0,46169.0,199120.0,17603.0,108362.0,0.0,0.0,2178.0,8829.0,420295.0,983644.0,78157.0,223067.0,95.0,322.0,5271919.0,22226464.0,0.0,0.0
2023-07,UCO BANK,UCO BANK,Public sector,2190.0,226.0,11372.0,3568.0,991.0,757416.0,0.0,12511787.0,0.0,0.0,0.0,0.0,0.0,0.0,0.0,0.0,1641226.0,3221734.0,425246.0,1208383.0,754.0,12224.0,6840869.0,30200792.0,641.0,598.0
2023-07,UJJIVAN SMALL FINANCE BANK,UJJIVAN SMALL FINANCE BANK LTD,Small finance,524.0,3.0,0.0,0.0,0.0,452466.0,0.0,9253667.0,0.0,0.0,0.0,0.0,0.0,0.0,0.0,0.0,260159.0,403123.0,102896.0,259519.0,0.0,0.0,3483506.0,14962326.0,65.0,58.0
2023-07,UNION BANK OF INDIA,UNION BANK OF INDIA,Public sector,7183.0,2256.0,50240.0,8001.0,168259.0,269018.0,651577.0,51906827.0,712622.0,2635535.0,676950.0,2149944.0,0.0,0.0,15880.0,79225.0,7028908.0,13727203.0,3505182.0,7236863.0,2874.0,10714.0,47315825.0,151361220.0,27447.0,27397.0
2023-07,UNITY SMALL FINANCE BANK,UNITY SMALL FINANCE BANK LTD,Small finance,231.0,0.0,0.0,0.0,0.0,0.0,0.0,0.0,0.0,0.0,0.0,0.0,0.0,0.0,0.0,0.0,0.0,0.0,0.0,0.0,0.0,0.0,0.0,0.0,0.0,0.0
2023-07,UTKARSH SMALL FINANCE BANK,UTKARSH SMALL FINANCE BANK LTD,Small finance,295.0,7.0,0.0,559.0,0.0,21684.0,0.0,1704618.0,0.0,0.0,0.0,0.0,0.0,0.0,0.0,0.0,37654.0,65810.0,13222.0,30688.0,33.0,147.0,353693.0,1406949.0,0.0,0.0
2023-07,WOORI BANK,WOORI BANK,Foreign,0.0,0.0,0.0,0.0,0.0,0.0,0.0,1033.0,0.0,0.0,0.0,0.0,0.0,0.0,0.0,0.0,2654.0,9647.0,1379.0,4304.0,0.0,0.0,796.0,5371.0,0.0,0.0
2023-07,YES BANK,YES BANK LTD,Private sector,1151.0,160.0,70885.0,90895.0,385732.0,150976965.0,1515920.0,4697157.0,2212200.0,7906566.0,1037659.0,10311062.0,0.0,0.0,20364.0,91941.0,905036.0,1962528.0,342424.0,1259849.0,55.0,1771.0,2820725.0,12768387.0,481.0,482.0
2023-08,AIRTEL PAYMENTS BANK,AIRTEL PAYMENTS BANK,Payments bank,0.0,0.0,0.0,88924.0,0.0,3669563.0,0.0,6405709.0,0.0,0.0,0.0,0.0,0.0,0.0,0.0,0.0,5686.0,8515.0,214380.0,263044.0,0.0,0.0,42061.0,190208.0,0.0,0.0
2023-08,AMERICAN EXPRESS BANKING CORPORATION,AMERICAN EXPRESS BANKING CORPORATION,Foreign,0.0,0.0,53012.0,0.0,0.0,0.0,1359275.0,0.0,1216211.0,9355131.0,3451102.0,32397837.0,0.0,0.0,0.0,0.0,0.0,0.0,0.0,0.0,0.0,0.0,0.0,0.0,0.0,0.0
2023-08,AU SMALL FINANCE BANK,AU SMALL FINANCE BANK LTD,Small finance,493.0,2.0,0.0,382.0,0.0,1092395.0,675447.0,2735550.0,918576.0,4870909.0,1114712.0,8658918.0,1037.0,561.0,5620.0,32419.0,227266.0,565750.0,261433.0,1117520.0,194.0,2976.0,1072403.0,6857697.0,359.0,344.0
2023-08,AXIS BANK,AXIS BANK LTD,Private sector,5881.0,9844.0,1510970.0,747.0,698266.0,65886628.0,12959431.0,32354482.0,25175195.0,70928461.0,23549448.0,106590486.0,0.0,0.0,87151.0,375751.0,7927205.0,20953817.0,3629592.0,15737625.0,15351.0,381948.0,20429901.0,124352380.0,0.0,0.0
2023-08,BANDHAN BANK,BANDHAN BANK LTD,Private sector,433.0,5.0,45327.0,0.0,0.0,0.0,0.0,5699377.0,0.0,0.0,0.0,0.0,0.0,0.0,0.0,0.0,375731.0,988666.0,180250.0,608279.0,0.0,0.0,2447652.0,12701190.0,25039.0,23756.0
2023-08,BANK OF AMERICA,BANK OF AMERICA,Foreign,0.0,0.0,0.0,0.0,0.0,0.0,0.0,0.0,0.0,0.0,0.0,0.0,0.0,0.0,0.0,0.0,0.0,0.0,0.0,0.0,0.0,0.0,0.0,0.0,0.0,0.0
2023-08,BANK OF BARODA,BANK OF BARODA,Public sector,8433.0,2182.0,26359.0,44256.0,9022.0,1374085.0,2085610.0,90550901.0,3137373.0,8477970.0,2581124.0,13386633.0,0.0,0.0,10608.0,50232.0,5519704.0,11193870.0,1371422.0,4691402.0,7.0,15.0,26858062.0,124429975.0,647.0,599.0
2023-08,BANK OF INDIA,BANK OF INDIA,Public sector,5327.0,2901.0,42280.0,16657.0,0.0,789723.0,75040.0,49686011.0,153953.0,526244.0,70536.0,280337.0,0.0,0.0,10408.0,62307.0,3632496.0,6800148.0,1369850.0,2265349.0,0.0,0.0,17522676.0,68496360.0,2680.0,2667.0
2023-08,BANK OF MAHARASHTRA,BANK OF MAHARASHTRA,Public sector,1965.0,416.0,1881.0,1937.0,355014.0,1150969.0,33035.0,13824701.0,55446.0,220587.0,23412.0,119260.0,0.0,0.0,987.0,4408.0,1552737.0,2585825.0,555375.0,1018082.0,6587.0,70670.0,6305613.0,26788016.0,0.0,0.0
2023-08,BARCLAYS BANK,BARCLAYS BANK PLC,Foreign,0.0,0.0,0.0,0.0,1.0,0.0,0.0,924.0,0.0,0.0,0.0,0.0,0.0,0.0,0.0,0.0,24.0,228.0,4.0,18.0,0.0,0.0,388.0,3478.0,0.0,0.0
2023-08,CANARA BANK,CANARA BANK,Public sector,8075.0,4033.0,64964.0,13427.0,56.0,2833452.0,722114.0,53341318.0,870874.0,2611352.0,351182.0,1570551.0,0.0,0.0,79568.0,422337.0,8170129.0,19343472.0,1701907.0,4989066.0,5066.0,81362.0,34576990.0,156576120.0,890.0,751.0
2023-08,CAPITAL SMALL FINANCE BANK,CAPITAL SMALL FINANCE BANK LTD,Small finance,172.0,2.0,0.0,0.0,0.0,0.0,0.0,271631.0,0.0,0.0,0.0,0.0,0.0,0.0,0.0,0.0,34337.0,80896.0,7725.0,24535.0,0.0,0.0,128868.0,675547.0,0.0,0.0
2023-08,CENTRAL BANK OF INDIA,CENTRAL BANK OF INDIA,Public sector,2687.0,912.0,2380.0,9254.0,5659.0,899399.0,0.0,29296351.0,0.0,0.0,0.0,0.0,0.0,0.0,0.0,0.0,2022222.0,4472036.0,345994.0,1053925.0,0.0,0.0,9140646.0,40349806.0,6478.0,6572.0
2023-08,CITI BANK,CITI BANK,Foreign,0.0,0.0,0.0,0.0,0.0,0.0,170006.0,0.0,128451.0,717297.0,198778.0,2676025.0,0.0,0.0,655.0,4816.0,0.0,0.0,0.0,0.0,0.0,0.0,0.0,0.0,0.0,0.0
2023-08,CITY UNION BANK,CITY UNION BANK LTD.,Private sector,1118.0,548.0,6379.0,45498.0,0.0,54732.0,15718.0,2808852.0,29032.0,120424.0,11184.0,112147.0,0.0,0.0,321.0,1868.0,614033.0,1523299.0,93748.0,248780.0,0.0,0.0,2775812.0,14813000.0,0.0,0.0
2023-08,CSB BANK,CSB BANK LTD.,Private sector,492.0,51.0,0.0,0.0,7914.0,0.0,34806.0,911910.0,88762.0,331635.0,81239.0,689894.0,0.0,0.0,0.0,0.0,231012.0,473365.0,22936.0,65108.0,28.0,275.0,505970.0,2444498.0,8.0,8.0
2023-08,DBS BANK INDIA,DBS INDIA BANK LTD,Foreign,457.0,491.0,528.0,87.0,0.0,4452.0,381804.0,1917076.0,375198.0,1517099.0,236719.0,1841193.0,0.0,0.0,3933.0,11201.0,356076.0,715948.0,158292.0,342087.0,0.0,0.0,985400.0,4791707.0,0.0,0.0
2023-08,DCB BANK,DCB BANK LTD,Private sector,408.0,5.0,8250.0,0.0,9044.0,0.0,0.0,716002.0,0.0,0.0,0.0,0.0,0.0,0.0,0.0,0.0,115350.0,297755.0,28244.0,127829.0,305.0,10458.0,299744.0,1459817.0,0.0,0.0
2023-08,DEUTSCHE BANK,DEUTSCHE BANK LTD,Foreign,13.0,18.0,0.0,0.0,0.0,7.0,0.0,118694.0,0.0,0.0,0.0,0.0,0.0,0.0,0.0,0.0,40093.0,111110.0,19306.0,62686.0,0.0,0.0,40621.0,233163.0,0.0,0.0
2023-08,DHANALAKSHMI BANK,DHANALAKSHMI BANK LTD,Private sector,232.0,42.0,1571.0,0.0,0.0,30203.0,9803.0,554723.0,24571.0,58784.0,6307.0,24341.0,2.0,6.0,210.0,688.0,234207.0,443269.0,15739.0,41717.0,0.0,0.0,502068.0,2226540.0,0.0,0.0
2023-08,EQUITAS SMALL FINANCE BANK,EQUITAS SMALL FINANCE BANK LTD,Small finance,351.0,3.0,25324.0,303.0,56500.0,0.0,0.0,3265014.0,0.0,0.0,0.0,0.0,0.0,0.0,0.0,0.0,183250.0,365310.0,51477.0,218151.0,0.0,0.0,3368535.0,8423913.0,0.0,0.0
2023-08,ESAF SMALL FINANCE BANK,ESAF SMALL FINANCE BANK LTD,Small finance,573.0,2.0,0.0,2305.0,0.0,0.0,0.0,5120042.0,0.0,0.0,0.0,0.0,0.0,0.0,0.0,0.0,224758.0,360574.0,16390.0,38235.0,0.0,0.0,921417.0,4301429.0,16.0,6.0
2023-08,FEDERAL BANK,FEDERAL BANK LTD,Private sector,1583.0,334.0,18896.0,882.0,18750.0,4366879.0,706027.0,13157056.0,1427276.0,4438839.0,1463974.0,8083967.0,0.0,0.0,3890.0,17598.0,4651264.0,10548255.0,1647232.0,5585013.0,2598.0,34781.0,9028012.0,45029343.0,69.0,59.0
2023-08,FINCARE SMALL FINANCE BANK,FINCARE SMALL FINANCE BANK LTD,Small finance,157.0,0.0,0.0,254.0,0.0,25548.0,0.0,5003298.0,0.0,0.0,0.0,0.0,0.0,0.0,0.0,0.0,48972.0,65072.0,12420.0,40503.0,0.0,0.0,965532.0,4837100.0,0.0,0.0
2023-08,FINO PAYMENTS BANK,FINO PAYMENTS BANK,Payments bank,0.0,0.0,0.0,389827.0,0.0,17645.0,0.0,7687544.0,0.0,0.0,0.0,0.0,0.0,0.0,0.0,0.0,201200.0,424121.0,13128.0,20894.0,0.0,0.0,2242502.0,7016089.0,171.0,109.0
2023-08,HDFC BANK,HDFC BANK LTD,Private sector,10929.0,9636.0,1643643.0,4558.0,1956248.0,0.0,18533409.0,51212603.0,42015654.0,144347585.0,31133073.0,249365222.0,0.0,0.0,205042.0,1181127.0,17157806.0,48643130.0,10963649.0,41525140.0,95389.0,1411215.0,41870046.0,251455612.0,19387.0,19320.0
2023-08,HSBC,HSBC LTD,Foreign,46.0,29.0,0.0,0.0,0.0,0.0,611265.0,632499.0,781057.0,2575063.0,1147638.0,5407259.0,0.0,0.0,1730.0,10547.0,298763.0,994838.0,0.0,0.0,0.0,0.0,248055.0,1420632.0,0.0,0.0
2023-08,ICICI BANK,ICICI BANK LTD,Private sector,9485.0,7259.0,1406850.0,9998.0,574683.0,3266537.0,15298217.0,32510075.0,20498984.0,78161444.0,33860342.0,187906299.0,40.0,2123.0,51275.0,252792.0,10957114.0,33024014.0,4219012.0,22814058.0,22102.0,216863.0,20284252.0,136084715.0,8.0,2.0
2023-08,IDBI BANK,IDBI BANK LTD,Private sector,2259.0,1068.0,21257.0,124.0,9590.0,257815.0,39588.0,11418347.0,73506.0,235335.0,48235.0,172044.0,0.0,0.0,385.0,2076.0,1780046.0,3748802.0,355277.0,999571.0,0.0,0.0,6134138.0,29810231.0,380.0,362.0
2023-08,IDFC FIRST BANK,IDFC FIRST BANK LTD,Private sector,773.0,324.0,38359.0,11143.0,0.0,38079.0,1819030.0,6777277.0,2385774.0,8041107.0,2225469.0,14193357.0,0.0,0.0,27620.0,107293.0,941925.0,2294890.0,377711.0,4572876.0,0.0,0.0,4009649.0,19710011.0,0.0,0.0
2023-08,INDIA POST PAYMENTS BANK,INDIA POST PAYMENTS BANK,Payments bank,0.0,0.0,0.0,165114.0,0.0,354568.0,0.0,12215005.0,0.0,0.0,0.0,0.0,0.0,0.0,0.0,0.0,0.0,0.0,407902.0,234503.0,0.0,0.0,0.0,0.0,0.0,0.0
2023-08,INDIAN BANK,INDIAN BANK,Public sector,4265.0,585.0,12565.0,10805.0,0.0,3750740.0,171001.0,33122868.0,135209.0,477431.0,67817.0,299993.0,0.0,0.0,3498.0,22745.0,4501926.0,9864146.0,1547705.0,3108689.0,2877.0,45567.0,21574349.0,99168742.0,14780.0,14451.0
2023-08,INDIAN OVERSEAS BANK,INDIAN OVERSEAS BANK,Public sector,2788.0,726.0,0.0,0.0,0.0,285291.0,83757.0,17485684.0,77039.0,198348.0,27122.0,82496.0,0.0,0.0,2614.0,11884.0,3027028.0,6327559.0,765092.0,1628136.0,0.0,0.0,12008457.0,50151380.0,0.0,0.0
2023-08,INDUSIND BANK,INDUSIND BANK LTD,Private sector,1735.0,1166.0,238567.0,146.0,58915.0,3609253.0,2484765.0,9059810.0,3931505.0,20156287.0,2763831.0,50143920.0,0.0,0.0,28329.0,140845.0,1195989.0,2838711.0,772418.0,3266557.0,954.0,55774.0,4802932.0,26436387.0,0.0,0.0
2023-08,JAMMU AND KASHMIR BANK,JAMMU AND KASHMIR BANK LTD,Private sector,920.0,625.0,11352.0,942.0,0.0,228556.0,106283.0,4065062.0,190457.0,1733874.0,104960.0,366124.0,0.0,0.0,9374.0,37200.0,2085297.0,2593654.0,931848.0,880695.0,0.0,0.0,6016985.0,30159462.0,4.0,4.0
2023-08,JANA SMALL FINANCE BANK,JANA SMALL FINANCE BANK LTD,Small finance,59.0,2.0,0.0,162.0,0.0,495051.0,0.0,2944562.0,0.0,0.0,0.0,0.0,0.0,0.0,0.0,0.0,54150.0,103460.0,8039.0,21635.0,0.0,0.0,427283.0,2230087.0,0.0,0.0
2023-08,JIO PAYMENTS BANK,JIO PAYMENTS BANK,Payments bank,0.0,0.0,0.0,0.0,0.0,12774.0,0.0,0.0,0.0,0.0,0.0,0.0,0.0,0.0,0.0,0.0,0.0,0.0,0.0,0.0,0.0,0.0,0.0,0.0,0.0,0.0
2023-08,KARNATAKA BANK,KARNATAKA BANK LTD,Private sector,892.0,585.0,9515.0,0.0,0.0,63316.0,0.0,5219378.0,0.0,0.0,0.0,0.0,0.0,0.0,0.0,0.0,1136448.0,2083106.0,147314.0,355776.0,0.0,0.0,4213163.0,18973668.0,0.0,0.0
2023-08,KARUR VYSYA BANK,KARUR VYSYA BANK LTD,Private sector,1428.0,826.0,8690.0,0.0,0.0,28019.0,10924.0,4485789.0,31209.0,196146.0,10497.0,129713.0,0.0,0.0,868.0,6762.0,1466588.0,3490207.0,257171.0,883691.0,0.0,0.0,4865424.0,23271717.0,0.0,0.0
2023-08,KOTAK MAHINDRA BANK,KOTAK MAHINDRA BANK LTD,Private sector,1653.0,1469.0,82662.0,17662.0,82662.0,485501.0,5399623.0,30106574.0,6321962.0,22878778.0,4710450.0,34887629.0,0.0,0.0,47194.0,195031.0,3386030.0,6948442.0,2424495.0,6846174.0,0.0,0.0,12866541.0,55436041.0,0.0,0.0
2023-08,NAINITAL BANK,NAINITAL BANK LTD,Private sector,0.0,0.0,0.0,0.0,0.0,0.0,0.0,220533.0,0.0,0.0,0.0,0.0,0.0,0.0,0.0,0.0,24640.0,45401.0,11632.0,31285.0,0.0,0.0,95561.0,426289.0,19.0,11.0
2023-08,NORTH EAST SMALL FINANCE BANK,NORTH EAST SMALL FINANCE BANK LTD,Small finance,13.0,1.0,0.0,0.0,0.0,0.0,0.0,393696.0,0.0,0.0,0.0,0.0,0.0,0.0,0.0,0.0,8618.0,10960.0,0.0,0.0,0.0,0.0,46959.0,187225.0,0.0,0.0
2023-08,NSDL PAYMENTS BANK,NSDL PAYMENTS BANK,Payments bank,0.0,0.0,190.0,463290.0,0.0,0.0,0.0,650471.0,0.0,0.0,0.0,0.0,0.0,0.0,0.0,0.0,1035.0,936.0,22562.0,17200.0,0.0,0.0,6249.0,25435.0,0.0,0.0
2023-08,PAYTM PAYMENTS BANK,PAYTM PAYMENTS BANK,Payments bank,1.0,18.0,682048.0,0.0,0.0,32780684.0,0.0,32155273.0,0.0,0.0,0.0,0.0,0.0,0.0,0.0,0.0,335494.0,435799.0,928257.0,1862830.0,0.0,0.0,1278183.0,5268645.0,0.0,0.0
2023-08,PUNJAB AND SIND BANK,PUNJAB AND SIND BANK,Public sector,891.0,26.0,701.0,357.0,886.0,86827.0,0.0,3961978.0,0.0,0.0,0.0,0.0,0.0,0.0,0.0,0.0,613125.0,1261990.0,114221.0,425716.0,0.0,0.0,1674982.0,7498099.0,0.0,0.0
2023-08,PUNJAB NATIONAL BANK,PUNJAB NATIONAL BANK,Public sector,8147.0,4511.0,43330.0,11265.0,641682.0,459832.0,363946.0,41454165.0,539088.0,1989355.0,221379.0,969236.0,0.0,0.0,5186.0,17406.0,6074018.0,13487874.0,2604101.0,6040549.0,0.0,0.0,28259311.0,135829424.0,0.0,0.0
2023-08,RBL BANK,RBL BANK LTD,Private sector,371.0,37.0,928688.0,0.0,47498.0,90579.0,4715011.0,1711336.0,7279775.0,31906806.0,3379376.0,31541954.0,0.0,0.0,45867.0,156174.0,235625.0,558383.0,109841.0,632271.0,95.0,3036.0,671157.0,3221733.0,0.0,0.0
2023-08,SBM BANK INDIA,SBM BANK INDIA LTD,Foreign,0.0,0.0,0.0,61881.0,0.0,0.0,967399.0,716788.0,405182.0,482155.0,677790.0,918265.0,0.0,0.0,3003.0,6582.0,18116.0,31511.0,16054.0,47669.0,0.0,0.0,103305.0,248697.0,0.0,0.0
2023-08,SHIVALIK SMALL FINANCE BANK,SHIVALIK SMALL FINANCE BANK LTD,Small finance,28.0,1.0,0.0,0.0,0.0,0.0,0.0,81162.0,0.0,0.0,0.0,0.0,0.0,0.0,0.0,0.0,5705.0,13190.0,4696.0,15995.0,0.0,0.0,37865.0,195914.0,0.0,0.0
2023-08,SOUTH INDIAN BANK,SOUTH INDIAN BANK,Private sector,888.0,417.0,15620.0,0.0,7436.0,83292.0,296406.0,3752402.0,698174.0,2268093.0,648226.0,4350534.0,0.0,0.0,0.0,0.0,1597708.0,3500432.0,239720.0,894656.0,0.0,0.0,3173526.0,14695533.0,0.0,0.0
2023-08,STANDARD CHARTERED BANK,STANDARD CHARTERED BANK LTD,Foreign,102.0,67.0,0.0,0.0,0.0,0.0,1032911.0,1112443.0,1453079.0,4498582.0,1398851.0,6161996.0,0.0,0.0,2341.0,13594.0,735711.0,1749762.0,96209.0,530743.0,42.0,460.0,801560.0,3822006.0,0.0,0.0
2023-08,STATE BANK OF INDIA,STATE BANK OF INDIA,Public sector,25809.0,39483.0,1160480.0,52775.0,779194.0,2898255.0,17779055.0,261415873.0,28346883.0,93963252.0,21069535.0,180177760.0,0.0,0.0,127743.0,478370.0,45159239.0,98689859.0,14530223.0,32889165.0,1352.0,18749.0,186535150.0,919507245.0,31681.0,30613.0
2023-08,SURYODAY SMALL FINANCE BANK,SURYODAY SMALL FINANCE BANK LTD,Small finance,0.0,0.0,0.0,67.0,0.0,0.0,0.0,670256.0,0.0,0.0,0.0,0.0,0.0,0.0,0.0,0.0,28372.0,33127.0,706.0,2049.0,0.0,0.0,305018.0,865181.0,0.0,0.0
2023-08,TAMILNAD MERCANTILE BANK,TAMILNAD MERCANTILE BANK LTD,Private sector,489.0,663.0,2067.0,0.0,0.0,97109.0,33009.0,2250668.0,47761.0,207399.0,18437.0,111763.0,0.0,0.0,2314.0,8928.0,415690.0,1053594.0,78370.0,191895.0,94.0,277.0,5113099.0,21593302.0,0.0,0.0
2023-08,UCO BANK,UCO BANK,Public sector,2216.0,226.0,11225.0,3568.0,902.0,820122.0,0.0,12516751.0,0.0,0.0,0.0,0.0,0.0,0.0,0.0,0.0,1655108.0,3294242.0,389869.0,1052717.0,950.0,14309.0,7069093.0,30924915.0,721.0,680.0
2023-08,UJJIVAN SMALL FINANCE BANK,UJJIVAN SMALL FINANCE BANK LTD,Small finance,530.0,3.0,0.0,0.0,0.0,465413.0,0.0,9396854.0,0.0,0.0,0.0,0.0,0.0,0.0,0.0,0.0,251322.0,403063.0,96687.0,242088.0,0.0,0.0,3640027.0,15703943.0,63.0,61.0
2023-08,UNION BANK OF INDIA,UNION BANK OF INDIA,Public sector,7840.0,2214.0,48455.0,8011.0,187145.0,273564.0,699897.0,52420990.0,719424.0,2755084.0,747555.0,2271407.0,0.0,0.0,19768.0,99129.0,7109077.0,14129390.0,3387342.0,6583540.0,2443.0,9221.0,46883310.0,139946069.0,21535.0,21260.0
2023-08,UNITY SMALL FINANCE BANK,UNITY SMALL FINANCE BANK LTD,Small finance,231.0,0.0,0.0,0.0,0.0,0.0,0.0,6.0,0.0,0.0,0.0,0.0,0.0,0.0,0.0,0.0,3.0,0.0,0.0,0.0,0.0,0.0,2.0,0.0,0.0,0.0
2023-08,UTKARSH SMALL FINANCE BANK,UTKARSH SMALL FINANCE BANK LTD,Small finance,301.0,7.0,0.0,559.0,0.0,27908.0,0.0,1726510.0,0.0,0.0,0.0,0.0,0.0,0.0,0.0,0.0,38304.0,66164.0,12804.0,29043.0,20.0,190.0,368959.0,1522539.0,0.0,0.0
2023-08,WOORI BANK,WOORI BANK,Foreign,0.0,0.0,0.0,0.0,0.0,0.0,0.0,1062.0,0.0,0.0,0.0,0.0,0.0,0.0,0.0,0.0,3246.0,10685.0,1334.0,4228.0,0.0,0.0,859.0,5777.0,0.0,0.0
2023-08,YES BANK,YES BANK LTD,Private sector,1158.0,169.0,72229.0,92003.0,392284.0,155009459.0,1604645.0,4765005.0,2546435.0,8360192.0,1097198.0,10521777.0,0.0,0.0,21012.0,95650.0,905436.0,1993479.0,326035.0,1200398.0,52.0,1046.0,2964077.0,13322806.0,59.0,57.0
2023-09,AIRTEL PAYMENTS BANK,AIRTEL PAYMENTS BANK,Payments bank,0.0,0.0,0.0,93533.0,0.0,3522109.0,0.0,6793380.0,0.0,0.0,0.0,0.0,0.0,0.0,0.0,0.0,6002.0,9226.0,201977.0,243491.0,0.0,0.0,47695.0,217853.0,0.0,0.0
2023-09,AMERICAN EXPRESS BANKING CORPORATION,AMERICAN EXPRESS BANKING CORPORATION,Foreign,0.0,0.0,52703.0,0.0,0.0,0.0,1363023.0,0.0,1126241.0,8800302.0,3255777.0,29406027.0,0.0,0.0,0.0,0.0,0.0,0.0,0.0,0.0,0.0,0.0,0.0,0.0,0.0,0.0
2023-09,AU SMALL FINANCE BANK,AU SMALL FINANCE BANK LTD,Small finance,493.0,2.0,0.0,385.0,0.0,1099570.0,706404.0,2784983.0,864511.0,4804487.0,1083739.0,8711744.0,985.0,543.0,5194.0,30063.0,205136.0,508585.0,252591.0,1324801.0,208.0,3254.0,983678.0,6391197.0,357.0,347.0
2023-09,AXIS BANK,AXIS BANK LTD,Private sector,5940.0,9841.0,1544021.0,736.0,716608.0,67744063.0,13145726.0,31631497.0,23538845.0,63902082.0,21367571.0,98723441.0,0.0,0.0,82018.0,355863.0,6982994.0,18386372.0,3185826.0,14294690.0,15313.0,378889.0,19172823.0,118757739.0,0.0,0.0
2023-09,BANDHAN BANK,BANDHAN BANK LTD,Private sector,433.0,5.0,46292.0,0.0,0.0,0.0,0.0,5627530.0,0.0,0.0,0.0,0.0,0.0,0.0,0.0,0.0,345855.0,944786.0,164718.0,555838.0,0.0,0.0,2361170.0,12561275.0,21384.0,20214.0
2023-09,BANK OF AMERICA,BANK OF AMERICA,Foreign,0.0,0.0,0.0,0.0,0.0,0.0,0.0,0.0,0.0,0.0,0.0,0.0,0.0,0.0,0.0,0.0,0.0,0.0,0.0,0.0,0.0,0.0,0.0,0.0,0.0,0.0
2023-09,BANK OF BARODA,BANK OF BARODA,Public sector,8375.0,2192.0,28421.0,45302.0,9969.0,1412490.0,2166360.0,91480844.0,2260619.0,7404833.0,2236436.0,13144834.0,0.0,0.0,16930.0,78148.0,4833810.0,9902468.0,1130124.0,4112098.0,5.0,14.0,24812918.0,116494715.0,551.0,520.0
2023-09,BANK OF INDIA,BANK OF INDIA,Public sector,5327.0,2901.0,42656.0,17434.0,0.0,843820.0,70929.0,49643403.0,144476.0,515101.0,60720.0,256925.0,0.0,0.0,9018.0,53869.0,3247388.0,6174313.0,1140481.0,1922317.0,0.0,0.0,16368316.0,64977360.0,2858.0,2843.0
2023-09,BANK OF MAHARASHTRA,BANK OF MAHARASHTRA,Public sector,1979.0,412.0,1784.0,1933.0,355014.0,1180119.0,33130.0,13897125.0,50290.0,208089.0,20893.0,113524.0,0.0,0.0,893.0,4114.0,1402660.0,2308026.0,477232.0,853696.0,6311.0,68480.0,5891546.0,25344237.0,0.0,0.0
2023-09,BARCLAYS BANK,BARCLAYS BANK PLC,Foreign,0.0,0.0,0.0,0.0,1.0,0.0,0.0,841.0,0.0,0.0,0.0,0.0,0.0,0.0,0.0,0.0,36.0,191.0,10.0,26.0,0.0,0.0,398.0,3525.0,0.0,0.0
2023-09,CANARA BANK,CANARA BANK,Public sector,8079.0,4038.0,66225.0,13427.0,56.0,2716588.0,805175.0,54222425.0,854972.0,2637112.0,362306.0,1726103.0,0.0,0.0,85550.0,464085.0,7258009.0,16965840.0,1538830.0,4506638.0,4692.0,78142.0,33037721.0,151889634.0,874.0,700.0
2023-09,CAPITAL SMALL FINANCE BANK,CAPITAL SMALL FINANCE BANK LTD,Small finance,173.0,2.0,0.0,0.0,0.0,0.0,0.0,274388.0,0.0,0.0,0.0,0.0,0.0,0.0,0.0,0.0,31511.0,80003.0,6740.0,24354.0,0.0,0.0,122410.0,642040.0,0.0,0.0
2023-09,CENTRAL BANK OF INDIA,CENTRAL BANK OF INDIA,Public sector,2857.0,949.0,2484.0,9254.0,5628.0,981388.0,0.0,29438355.0,0.0,0.0,0.0,0.0,0.0,0.0,0.0,0.0,1837320.0,4103624.0,324703.0,963037.0,0.0,0.0,8769221.0,39298944.0,6344.0,6556.0
2023-09,CITI BANK,CITI BANK,Foreign,0.0,0.0,0.0,0.0,0.0,0.0,170993.0,0.0,130184.0,766544.0,196987.0,2609765.0,0.0,0.0,714.0,5293.0,0.0,0.0,0.0,0.0,0.0,0.0,0.0,0.0,0.0,0.0
2023-09,CITY UNION BANK,CITY UNION BANK LTD.,Private sector,1116.0,546.0,6308.0,50320.0,0.0,55817.0,18052.0,2814661.0,37047.0,156588.0,14124.0,150468.0,0.0,0.0,331.0,1822.0,545816.0,1321184.0,79970.0,204420.0,0.0,0.0,2668264.0,14281381.0,0.0,0.0
2023-09,CSB BANK,CSB BANK LTD.,Private sector,494.0,51.0,0.0,0.0,8415.0,0.0,38831.0,902043.0,87392.0,355635.0,81703.0,769112.0,0.0,0.0,0.0,0.0,199002.0,397018.0,20263.0,58797.0,12.0,78.0,461757.0,2235607.0,10.0,11.0
2023-09,DBS BANK INDIA,DBS INDIA BANK LTD,Foreign,458.0,489.0,541.0,81.0,0.0,4596.0,414566.0,1945102.0,386655.0,1716601.0,244428.0,1769847.0,0.0,0.0,3914.0,12093.0,311948.0,617255.0,146287.0,329755.0,0.0,0.0,911508.0,4465764.0,0.0,0.0
2023-09,DCB BANK,DCB BANK LTD,Private sector,409.0,5.0,8200.0,0.0,9285.0,0.0,0.0,732137.0,0.0,0.0,0.0,0.0,0.0,0.0,0.0,0.0,107231.0,277575.0,26244.0,116682.0,320.0,9697.0,299507.0,1391677.0,0.0,0.0
2023-09,DEUTSCHE BANK,DEUTSCHE BANK LTD,Foreign,13.0,18.0,0.0,0.0,0.0,12.0,0.0,118020.0,0.0,0.0,0.0,0.0,0.0,0.0,0.0,0.0,35684.0,103075.0,18051.0,63191.0,0.0,0.0,37149.0,213901.0,0.0,0.0
2023-09,DHANALAKSHMI BANK,DHANALAKSHMI BANK LTD,Private sector,232.0,42.0,1602.0,0.0,0.0,30559.0,10070.0,553506.0,21468.0,46877.0,6326.0,24759.0,1.0,9.0,206.0,688.0,192103.0,344289.0,13838.0,37045.0,0.0,0.0,446747.0,1958841.0,0.0,0.0
2023-09,EQUITAS SMALL FINANCE BANK,EQUITAS SMALL FINANCE BANK LTD,Small finance,353.0,3.0,25588.0,303.0,58608.0,0.0,0.0,2135949.0,0.0,0.0,0.0,0.0,0.0,0.0,0.0,0.0,169664.0,339030.0,46736.0,179249.0,0.0,0.0,2963316.0,7723710.0,0.0,0.0
2023-09,ESAF SMALL FINANCE BANK,ESAF SMALL FINANCE BANK LTD,Small finance,577.0,2.0,0.0,2332.0,0.0,0.0,0.0,5201591.0,0.0,0.0,0.0,0.0,0.0,0.0,0.0,0.0,197511.0,308626.0,16647.0,39198.0,0.0,0.0,968663.0,4805605.0,17.0,12.0
2023-09,FEDERAL BANK,FEDERAL BANK LTD,Private sector,1601.0,334.0,18836.0,891.0,15001.0,4471297.0,737984.0,13233925.0,1330164.0,4139747.0,1391323.0,8097635.0,0.0,0.0,3681.0,16714.0,3886213.0,8133707.0,1531505.0,5388715.0,2504.0,34504.0,8272204.0,41033330.0,97.0,90.0
2023-09,FINCARE SMALL FINANCE BANK,FINCARE SMALL FINANCE BANK LTD,Small finance,162.0,0.0,0.0,254.0,0.0,31707.0,0.0,5003298.0,0.0,0.0,0.0,0.0,0.0,0.0,0.0,0.0,48972.0,65072.0,12420.0,40503.0,0.0,0.0,965532.0,4837100.0,0.0,0.0
2023-09,FINO PAYMENTS BANK,FINO PAYMENTS BANK,Payments bank,0.0,0.0,0.0,393394.0,0.0,17612.0,0.0,7907878.0,0.0,0.0,0.0,0.0,0.0,0.0,0.0,0.0,185193.0,406560.0,11352.0,18055.0,0.0,0.0,2112631.0,6700951.0,151.0,92.0
2023-09,HDFC BANK,HDFC BANK LTD,Private sector,11058.0,9538.0,1545322.0,4550.0,1956440.0,0.0,18831933.0,51919168.0,39822882.0,136035405.0,29835529.0,250583216.0,0.0,0.0,193009.0,1141897.0,15408199.0,43739752.0,9957563.0,38353790.0,93634.0,1348293.0,39681940.0,241666187.0,7732.0,7692.0
2023-09,HSBC,HSBC LTD,Foreign,46.0,29.0,0.0,0.0,0.0,0.0,623751.0,646750.0,714077.0,2374774.0,1073527.0,5209417.0,0.0,0.0,1579.0,11535.0,253476.0,892641.0,0.0,0.0,0.0,0.0,222277.0,1266034.0,0.0,0.0
2023-09,ICICI BANK,ICICI BANK LTD,Private sector,9500.0,7201.0,1436353.0,10042.0,575570.0,3296546.0,15647301.0,32606520.0,18814653.0,72008762.0,32984367.0,181046659.0,28.0,1587.0,47517.0,239054.0,9527723.0,28093717.0,3836421.0,21113807.0,20832.0,204092.0,18893578.0,128940528.0,4.0,2.0
2023-09,IDBI BANK,IDBI BANK LTD,Private sector,2261.0,1060.0,21616.0,124.0,9856.0,269354.0,33451.0,11498389.0,68846.0,229916.0,47619.0,180892.0,0.0,0.0,344.0,1999.0,1556608.0,3305099.0,320374.0,911473.0,0.0,0.0,5708392.0,27999870.0,383.0,374.0
2023-09,IDFC FIRST BANK,IDFC FIRST BANK LTD,Private sector,783.0,328.0,39157.0,11126.0,0.0,38079.0,1919838.0,6780903.0,2530361.0,9215469.0,1962189.0,12794339.0,0.0,0.0,26128.0,104125.0,841415.0,2081440.0,345481.0,3616293.0,0.0,0.0,3945222.0,19431996.0,0.0,0.0
2023-09,INDIA POST PAYMENTS BANK,INDIA POST PAYMENTS BANK,Payments bank,0.0,0.0,0.0,175185.0,0.0,406581.0,0.0,12668916.0,0.0,0.0,0.0,0.0,0.0,0.0,0.0,0.0,0.0,0.0,377745.0,115627.0,0.0,0.0,0.0,0.0,0.0,0.0
2023-09,INDIAN BANK,INDIAN BANK,Public sector,4274.0,592.0,13401.0,10825.0,0.0,3947277.0,177001.0,33151076.0,125933.0,443682.0,64633.0,331544.0,0.0,0.0,3447.0,22857.0,4219009.0,8866724.0,1456769.0,2815892.0,2717.0,42722.0,21200385.0,96932512.0,14283.0,14105.0
2023-09,INDIAN OVERSEAS BANK,INDIAN OVERSEAS BANK,Public sector,2785.0,729.0,0.0,0.0,0.0,302820.0,85030.0,17847007.0,71817.0,189018.0,24159.0,77972.0,0.0,0.0,2587.0,11985.0,2695036.0,5518792.0,686047.0,1421744.0,0.0,0.0,11685874.0,48727944.0,0.0,0.0
2023-09,INDUSIND BANK,INDUSIND BANK LTD,Private sector,1749.0,1154.0,242627.0,146.0,58968.0,3656406.0,2533531.0,9182378.0,3690282.0,19273296.0,2520966.0,58697971.0,0.0,0.0,25975.0,132240.0,1051733.0,2543059.0,704794.0,3148587.0,838.0,56200.0,4642123.0,26674512.0,0.0,0.0
2023-09,JAMMU AND KASHMIR BANK,JAMMU AND KASHMIR BANK LTD,Private sector,923.0,628.0,11356.0,942.0,0.0,266473.0,108040.0,4108092.0,184206.0,1347477.0,103059.0,363670.0,0.0,0.0,9102.0,36908.0,2092380.0,2593654.0,942444.0,771867.0,0.0,0.0,5737810.0,29538221.0,0.0,0.0
2023-09,JANA SMALL FINANCE BANK,JANA SMALL FINANCE BANK LTD,Small finance,59.0,2.0,0.0,162.0,0.0,495147.0,0.0,2982952.0,0.0,0.0,0.0,0.0,0.0,0.0,0.0,0.0,51613.0,97969.0,7766.0,21828.0,0.0,0.0,422972.0,2222715.0,0.0,0.0
2023-09,JIO PAYMENTS BANK,JIO PAYMENTS BANK,Payments bank,0.0,0.0,0.0,0.0,0.0,13189.0,0.0,0.0,0.0,0.0,0.0,0.0,0.0,0.0,0.0,0.0,0.0,0.0,0.0,0.0,0.0,0.0,0.0,0.0,0.0,0.0
2023-09,KARNATAKA BANK,KARNATAKA BANK LTD,Private sector,893.0,587.0,9572.0,0.0,0.0,65625.0,0.0,5145560.0,0.0,0.0,0.0,0.0,0.0,0.0,0.0,0.0,1001793.0,1820835.0,122286.0,308529.0,0.0,0.0,3987228.0,18200474.0,0.0,0.0
2023-09,KARUR VYSYA BANK,KARUR VYSYA BANK LTD,Private sector,1429.0,815.0,8623.0,0.0,0.0,28877.0,10777.0,4527368.0,28212.0,180037.0,10039.0,122529.0,0.0,0.0,853.0,6361.0,1264992.0,2946138.0,221490.0,780614.0,0.0,888.0,4190774.0,20161007.0,0.0,0.0
2023-09,KOTAK MAHINDRA BANK,KOTAK MAHINDRA BANK LTD,Private sector,1678.0,1492.0,82017.0,17705.0,85378.0,492376.0,5527538.0,30641864.0,6078111.0,21651729.0,4423299.0,33274109.0,0.0,0.0,44156.0,187958.0,3018266.0,6232142.0,2211843.0,6350491.0,0.0,0.0,12418511.0,53543301.0,0.0,0.0
2023-09,NAINITAL BANK,NAINITAL BANK LTD,Private sector,0.0,0.0,0.0,0.0,0.0,0.0,0.0,224256.0,0.0,0.0,0.0,0.0,0.0,0.0,0.0,0.0,21897.0,39335.0,10779.0,26573.0,0.0,0.0,84485.0,383201.0,15.0,14.0
2023-09,NORTH EAST SMALL FINANCE BANK,NORTH EAST SMALL FINANCE BANK LTD,Small finance,13.0,1.0,0.0,0.0,0.0,0.0,0.0,394954.0,0.0,0.0,0.0,0.0,0.0,0.0,0.0,0.0,5865.0,7622.0,0.0,0.0,0.0,0.0,42932.0,182347.0,0.0,0.0
2023-09,NSDL PAYMENTS BANK,NSDL PAYMENTS BANK,Payments bank,0.0,0.0,190.0,469759.0,0.0,0.0,0.0,667538.0,0.0,0.0,0.0,0.0,0.0,0.0,0.0,0.0,881.0,730.0,24480.0,18533.0,0.0,0.0,6014.0,24672.0,0.0,0.0
2023-09,PAYTM PAYMENTS BANK,PAYTM PAYMENTS BANK,Payments bank,1.0,11.0,704551.0,0.0,0.0,33301474.0,0.0,32186420.0,0.0,0.0,0.0,0.0,0.0,0.0,0.0,0.0,292387.0,383617.0,854768.0,1809360.0,0.0,0.0,1165338.0,4919315.0,0.0,0.0
2023-09,PUNJAB AND SIND BANK,PUNJAB AND SIND BANK,Public sector,894.0,26.0,616.0,193.0,790.0,91856.0,0.0,4003642.0,0.0,0.0,0.0,0.0,0.0,0.0,0.0,0.0,558578.0,1192039.0,105817.0,386998.0,0.0,0.0,1574869.0,7170502.0,0.0,0.0
2023-09,PUNJAB NATIONAL BANK,PUNJAB NATIONAL BANK,Public sector,8155.0,4490.0,42138.0,11265.0,659900.0,453808.0,411313.0,40614670.0,525518.0,1937969.0,236587.0,1003335.0,0.0,0.0,4931.0,16178.0,5526624.0,12689885.0,2286455.0,5284333.0,0.0,0.0,26539256.0,129606781.0,0.0,0.0
2023-09,RBL BANK,RBL BANK LTD,Private sector,371.0,37.0,931294.0,0.0,47498.0,93582.0,4806304.0,1732377.0,6941265.0,30821496.0,3015122.0,30815024.0,0.0,0.0,43421.0,149785.0,214244.0,529972.0,104851.0,649082.0,66.0,2014.0,639828.0,3097543.0,0.0,0.0
2023-09,SBM BANK INDIA,SBM BANK INDIA LTD,Foreign,0.0,0.0,0.0,4305.0,0.0,0.0,983171.0,728098.0,379300.0,459402.0,637042.0,959218.0,0.0,0.0,2626.0,6012.0,15938.0,27796.0,13001.0,45266.0,0.0,0.0,134045.0,250734.0,0.0,0.0
2023-09,SHIVALIK SMALL FINANCE BANK,SHIVALIK SMALL FINANCE BANK LTD,Small finance,29.0,1.0,0.0,0.0,0.0,0.0,0.0,82450.0,0.0,0.0,0.0,0.0,0.0,0.0,0.0,0.0,5355.0,12925.0,3998.0,15093.0,0.0,0.0,35688.0,188633.0,0.0,0.0
2023-09,SOUTH INDIAN BANK,SOUTH INDIAN BANK,Private sector,890.0,420.0,15742.0,0.0,7188.0,84325.0,325323.0,3785157.0,665845.0,2195274.0,634775.0,4383639.0,0.0,0.0,0.0,0.0,1356034.0,2869033.0,227585.0,850102.0,0.0,0.0,2909422.0,13314015.0,0.0,0.0
2023-09,STANDARD CHARTERED BANK,STANDARD CHARTERED BANK LTD,Foreign,102.0,64.0,0.0,0.0,0.0,0.0,1019544.0,1116228.0,1311745.0,4073388.0,1329100.0,6072611.0,0.0,0.0,2275.0,13841.0,674774.0,1608616.0,87536.0,515718.0,31.0,698.0,767260.0,3747104.0,0.0,0.0
2023-09,STATE BANK OF INDIA,STATE BANK OF INDIA,Public sector,25736.0,39424.0,1223092.0,53277.0,803536.0,3021111.0,17873839.0,257923281.0,25873904.0,85097062.0,20794866.0,164569844.0,0.0,0.0,125865.0,487186.0,39478488.0,86389687.0,12031804.0,27983340.0,1393.0,18216.0,173919526.0,872254987.0,27273.0,24983.0
2023-09,SURYODAY SMALL FINANCE BANK,SURYODAY SMALL FINANCE BANK LTD,Small finance,0.0,0.0,0.0,67.0,0.0,0.0,0.0,682876.0,0.0,0.0,0.0,0.0,0.0,0.0,0.0,0.0,26546.0,30585.0,642.0,1731.0,0.0,0.0,249788.0,909177.0,0.0,0.0
2023-09,TAMILNAD MERCANTILE BANK,TAMILNAD MERCANTILE BANK LTD,Private sector,490.0,663.0,2012.0,0.0,0.0,107305.0,32856.0,2268985.0,44629.0,199673.0,16791.0,107553.0,0.0,0.0,1999.0,8159.0,377643.0,930050.0,68611.0,163636.0,65.0,166.0,5053547.0,21272936.0,0.0,0.0
2023-09,UCO BANK,UCO BANK,Public sector,2242.0,229.0,11202.0,3568.0,861.0,856819.0,0.0,12661869.0,0.0,0.0,0.0,0.0,0.0,0.0,0.0,0.0,1555304.0,3174680.0,360189.0,950462.0,935.0,17348.0,6782744.0,30155211.0,657.0,650.0
2023-09,UJJIVAN SMALL FINANCE BANK,UJJIVAN SMALL FINANCE BANK LTD,Small finance,541.0,4.0,0.0,0.0,0.0,531512.0,0.0,9542636.0,0.0,0.0,0.0,0.0,0.0,0.0,0.0,0.0,237038.0,387781.0,91873.0,223322.0,0.0,0.0,3475976.0,14989483.0,55.0,51.0
2023-09,UNION BANK OF INDIA,UNION BANK OF INDIA,Public sector,7861.0,2216.0,42840.0,8016.0,200178.0,277756.0,727780.0,53029563.0,760676.0,2983660.0,825844.0,2470890.0,0.0,0.0,21602.0,109435.0,6374017.0,12535834.0,3061401.0,6183720.0,2481.0,9498.0,43168955.0,132642059.0,12756.0,12486.0
2023-09,UNITY SMALL FINANCE BANK,UNITY SMALL FINANCE BANK LTD,Small finance,231.0,0.0,0.0,0.0,0.0,0.0,0.0,6.0,0.0,0.0,0.0,0.0,0.0,0.0,0.0,0.0,2.0,0.0,5.0,0.0,0.0,0.0,5.0,1.0,0.0,0.0
2023-09,UTKARSH SMALL FINANCE BANK,UTKARSH SMALL FINANCE BANK LTD,Small finance,306.0,7.0,0.0,564.0,0.0,29645.0,68.0,1745726.0,58.0,442.0,89.0,590.0,0.0,0.0,1.0,5.0,35733.0,66737.0,11674.0,28097.0,14.0,21.0,347381.0,1466119.0,0.0,0.0
2023-09,WOORI BANK,WOORI BANK,Foreign,0.0,0.0,0.0,0.0,0.0,0.0,0.0,1078.0,0.0,0.0,0.0,0.0,0.0,0.0,0.0,0.0,3116.0,10698.0,1295.0,4157.0,0.0,0.0,790.0,5756.0,0.0,0.0
2023-09,YES BANK,YES BANK LTD,Private sector,1159.0,171.0,73801.0,75940.0,397040.0,158766061.0,1657850.0,4844567.0,2630346.0,8231693.0,984428.0,10220541.0,0.0,0.0,19437.0,88409.0,806022.0,1800901.0,288795.0,1126058.0,59.0,1145.0,2759407.0,12606991.0,113.0,115.0
2023-10,AIRTEL PAYMENTS BANK,AIRTEL PAYMENTS BANK,Payments bank,0.0,0.0,0.0,97607.0,0.0,3540605.0,0.0,6957593.0,0.0,0.0,0.0,0.0,0.0,0.0,0.0,0.0,6727.0,10891.0,199394.0,270659.0,0.0,0.0,57853.0,267198.0,0.0,0.0
2023-10,AMERICAN EXPRESS BANKING CORPORATION,AMERICAN EXPRESS BANKING CORPORATION,Foreign,0.0,0.0,52717.0,0.0,0.0,0.0,1365100.0,0.0,1250459.0,10532585.0,3643797.0,32932233.0,0.0,0.0,0.0,0.0,0.0,0.0,0.0,0.0,0.0,0.0,0.0,0.0,0.0,0.0
2023-10,AU SMALL FINANCE BANK,AU SMALL FINANCE BANK LTD,Small finance,493.0,2.0,0.0,385.0,0.0,1111684.0,746173.0,2796363.0,965778.0,5632182.0,1256470.0,10765851.0,991.0,553.0,5946.0,34112.0,211056.0,574444.0,276887.0,1319501.0,212.0,3106.0,1061313.0,6969115.0,453.0,452.0
2023-10,AXIS BANK,AXIS BANK LTD,Private sector,6021.0,9839.0,1556531.0,728.0,726827.0,69601206.0,13293075.0,33329123.0,26798031.0,74318525.0,27650515.0,142970791.0,0.0,0.0,87790.0,383181.0,7093459.0,20197190.0,3233433.0,14951467.0,16086.0,410581.0,20526891.0,127729346.0,0.0,0.0
2023-10,BANDHAN BANK,BANDHAN BANK LTD,Private sector,433.0,5.0,47147.0,0.0,0.0,0.0,0.0,5744198.0,0.0,0.0,0.0,0.0,0.0,0.0,0.0,0.0,338638.0,982182.0,130194.0,472333.0,0.0,0.0,2317173.0,12557145.0,6117.0,7388.0
2023-10,BANK OF AMERICA,BANK OF AMERICA,Foreign,0.0,0.0,0.0,0.0,0.0,0.0,0.0,0.0,0.0,0.0,0.0,0.0,0.0,0.0,0.0,0.0,0.0,0.0,0.0,0.0,0.0,0.0,0.0,0.0,0.0,0.0
2023-10,BANK OF BARODA,BANK OF BARODA,Public sector,8445.0,2414.0,31612.0,45030.0,10603.0,1447689.0,2208155.0,92478697.0,2422628.0,8267889.0,2514374.0,15100404.0,0.0,0.0,17704.0,81689.0,4943032.0,10728889.0,1030259.0,4147094.0,19.0,50.0,26070785.0,123224871.0,497.0,491.0
2023-10,BANK OF INDIA,BANK OF INDIA,Public sector,5327.0,2901.0,42846.0,17731.0,0.0,882882.0,71490.0,49755371.0,152615.0,566357.0,70085.0,288935.0,0.0,0.0,10012.0,60658.0,3407786.0,6886050.0,1107502.0,1931965.0,0.0,0.0,17477557.0,69963131.0,2778.0,2774.0
2023-10,BANK OF MAHARASHTRA,BANK OF MAHARASHTRA,Public sector,1887.0,366.0,1781.0,1852.0,355014.0,1191141.0,33207.0,13413549.0,54932.0,236332.0,24900.0,133471.0,0.0,0.0,1017.0,4944.0,1483269.0,2591480.0,435827.0,791257.0,6174.0,68638.0,6214461.0,26556446.0,0.0,0.0
2023-10,BARCLAYS BANK,BARCLAYS BANK PLC,Foreign,0.0,0.0,0.0,0.0,1.0,0.0,0.0,845.0,0.0,0.0,0.0,0.0,0.0,0.0,0.0,0.0,49.0,401.0,7.0,16.0,0.0,0.0,434.0,3961.0,0.0,0.0
2023-10,CANARA BANK,CANARA BANK,Public sector,8114.0,4043.0,67219.0,13427.0,56.0,2916410.0,820672.0,55329040.0,989836.0,3190062.0,411256.0,1986479.0,0.0,0.0,94424.0,506397.0,7581681.0,18576984.0,1556237.0,4569710.0,4305.0,66985.0,34586705.0,159184377.0,835.0,706.0
2023-10,CAPITAL SMALL FINANCE BANK,CAPITAL SMALL FINANCE BANK LTD,Small finance,174.0,2.0,0.0,0.0,0.0,0.0,0.0,274381.0,0.0,0.0,0.0,0.0,0.0,0.0,0.0,0.0,33518.0,105684.0,6501.0,22674.0,0.0,0.0,126368.0,688738.0,0.0,0.0
2023-10,CENTRAL BANK OF INDIA,CENTRAL BANK OF INDIA,Public sector,2857.0,964.0,2541.0,9254.0,5660.0,1041846.0,0.0,29275304.0,0.0,0.0,0.0,0.0,0.0,0.0,0.0,0.0,1891641.0,4505576.0,320608.0,1043478.0,0.0,0.0,9386218.0,42870721.0,6709.0,6964.0
2023-10,CITI BANK,CITI BANK,Foreign,0.0,0.0,0.0,0.0,0.0,0.0,171138.0,0.0,126016.0,768655.0,197474.0,2380937.0,0.0,0.0,682.0,5002.0,0.0,0.0,0.0,0.0,0.0,0.0,0.0,0.0,0.0,0.0
2023-10,CITY UNION BANK,CITY UNION BANK LTD.,Private sector,1115.0,541.0,6315.0,52050.0,0.0,57301.0,19382.0,2831023.0,43352.0,187787.0,16999.0,167863.0,0.0,0.0,325.0,1705.0,555080.0,1375782.0,76739.0,200723.0,0.0,0.0,2779026.0,14412538.0,0.0,0.0
2023-10,CSB BANK,CSB BANK LTD.,Private sector,497.0,50.0,0.0,0.0,8917.0,0.0,43632.0,912006.0,96369.0,410828.0,89615.0,855352.0,0.0,0.0,0.0,0.0,204148.0,400799.0,20257.0,62990.0,6.0,22.0,477058.0,2275220.0,8.0,9.0
2023-10,DBS BANK INDIA,DBS INDIA BANK LTD,Foreign,456.0,489.0,542.0,86.0,0.0,4769.0,445565.0,2024550.0,436373.0,1927603.0,262244.0,2162883.0,0.0,0.0,4114.0,12704.0,321847.0,675661.0,118860.0,325138.0,0.0,0.0,942847.0,4603662.0,0.0,0.0
2023-10,DCB BANK,DCB BANK LTD,Private sector,410.0,5.0,8164.0,0.0,9498.0,0.0,0.0,749651.0,0.0,0.0,0.0,0.0,0.0,0.0,0.0,0.0,111462.0,301651.0,23864.0,116653.0,285.0,8127.0,339854.0,1512621.0,0.0,0.0
2023-10,DEUTSCHE BANK,DEUTSCHE BANK LTD,Foreign,13.0,18.0,0.0,0.0,0.0,7.0,0.0,118751.0,0.0,0.0,0.0,0.0,0.0,0.0,0.0,0.0,37658.0,117026.0,18485.0,63927.0,0.0,0.0,38917.0,226902.0,0.0,0.0
2023-10,DHANALAKSHMI BANK,DHANALAKSHMI BANK LTD,Private sector,233.0,42.0,1568.0,0.0,0.0,30881.0,10202.0,555631.0,23796.0,54770.0,6307.0,21964.0,2.0,10.0,249.0,752.0,194451.0,363296.0,13624.0,37551.0,0.0,0.0,468013.0,2020607.0,0.0,0.0
2023-10,EQUITAS SMALL FINANCE BANK,EQUITAS SMALL FINANCE BANK LTD,Small finance,354.0,3.0,25625.0,302.0,60836.0,0.0,0.0,2147127.0,0.0,0.0,0.0,0.0,0.0,0.0,0.0,0.0,172799.0,357448.0,47018.0,184199.0,0.0,0.0,3504655.0,9518009.0,0.0,0.0
2023-10,ESAF SMALL FINANCE BANK,ESAF SMALL FINANCE BANK LTD,Small finance,583.0,2.0,0.0,2385.0,0.0,0.0,0.0,5314633.0,0.0,0.0,0.0,0.0,0.0,0.0,0.0,0.0,203313.0,318738.0,16606.0,41286.0,0.0,0.0,1051578.0,5239942.0,34.0,22.0
2023-10,FEDERAL BANK,FEDERAL BANK LTD,Private sector,1613.0,281.0,19386.0,929.0,11997.0,4561482.0,764377.0,13263813.0,1492199.0,4756899.0,1562670.0,9527768.0,0.0,0.0,3918.0,17741.0,3799858.0,7943383.0,1549802.0,5491069.0,2637.0,36218.0,8587336.0,41962879.0,166.0,157.0
2023-10,FINCARE SMALL FINANCE BANK,FINCARE SMALL FINANCE BANK LTD,Small finance,167.0,0.0,0.0,436.0,0.0,39712.0,0.0,5165295.0,0.0,0.0,0.0,0.0,0.0,0.0,0.0,0.0,44382.0,60238.0,8950.0,24270.0,0.0,0.0,938513.0,4731814.0,0.0,0.0
2023-10,FINO PAYMENTS BANK,FINO PAYMENTS BANK,Payments bank,0.0,0.0,0.0,396812.0,0.0,17619.0,0.0,8104301.0,0.0,0.0,0.0,0.0,0.0,0.0,0.0,0.0,190580.0,427879.0,10891.0,17477.0,0.0,0.0,2226229.0,7242738.0,153.0,94.0
2023-10,HDFC BANK,HDFC BANK LTD,Private sector,11166.0,9505.0,1484063.0,4569.0,1891634.0,0.0,19188698.0,52448484.0,46591670.0,164450562.0,33032547.0,287282655.0,0.0,0.0,206567.0,1226441.0,15602699.0,48178801.0,10151212.0,39384107.0,90648.0,1365372.0,41918364.0,255743975.0,9006.0,9022.0
2023-10,HSBC,HSBC LTD,Foreign,46.0,29.0,0.0,0.0,0.0,0.0,634991.0,665887.0,776758.0,2732391.0,1130117.0,5545897.0,0.0,0.0,1724.0,11394.0,268316.0,1017260.0,0.0,0.0,0.0,0.0,237996.0,1369343.0,0.0,0.0
2023-10,ICICI BANK,ICICI BANK LTD,Private sector,9753.0,7177.0,1489489.0,9835.0,577162.0,3323992.0,16006724.0,32816106.0,20258627.0,85315052.0,42598715.0,256265550.0,43.0,3044.0,62729.0,295560.0,9890656.0,31531946.0,4529369.0,25727049.0,21485.0,203268.0,19904148.0,133180115.0,7.0,2.0
2023-10,IDBI BANK,IDBI BANK LTD,Private sector,2268.0,1049.0,21563.0,122.0,10205.0,274385.0,33876.0,11556223.0,75946.0,260740.0,52911.0,200716.0,0.0,0.0,429.0,2391.0,1625552.0,3655754.0,330913.0,981958.0,0.0,0.0,6047575.0,29898116.0,408.0,398.0
2023-10,IDFC FIRST BANK,IDFC FIRST BANK LTD,Private sector,803.0,304.0,40072.0,11194.0,0.0,38079.0,1981856.0,6641387.0,2968242.0,10685817.0,2151553.0,13990338.0,0.0,0.0,28559.0,117952.0,860037.0,2367248.0,351438.0,4139324.0,0.0,0.0,4226567.0,20785658.0,0.0,0.0
2023-10,INDIA POST PAYMENTS BANK,INDIA POST PAYMENTS BANK,Payments bank,0.0,0.0,0.0,210628.0,0.0,477191.0,0.0,13094570.0,0.0,0.0,0.0,0.0,0.0,0.0,0.0,0.0,0.0,0.0,345386.0,110144.0,0.0,0.0,0.0,0.0,0.0,0.0
2023-10,INDIAN BANK,INDIAN BANK,Public sector,4282.0,595.0,22679.0,10835.0,0.0,3512171.0,181869.0,33037570.0,139700.0,526411.0,69949.0,391262.0,0.0,0.0,4061.0,27031.0,4116541.0,9089571.0,1218718.0,2547299.0,2796.0,44424.0,22069948.0,101492209.0,15399.0,15323.0
2023-10,INDIAN OVERSEAS BANK,INDIAN OVERSEAS BANK,Public sector,2787.0,728.0,0.0,0.0,0.0,309808.0,84075.0,18052283.0,79685.0,218901.0,24590.0,83701.0,0.0,0.0,2776.0,13161.0,2849800.0,6088602.0,662609.0,1423549.0,0.0,0.0,12187005.0,50731084.0,0.0,0.0
2023-10,INDUSIND BANK,INDUSIND BANK LTD,Private sector,1764.0,1153.0,226405.0,146.0,59077.0,3667592.0,2602914.0,9172877.0,4011764.0,21495963.0,2610437.0,57774533.0,0.0,0.0,27442.0,138679.0,1072838.0,2788450.0,689581.0,3711507.0,993.0,52657.0,4889780.0,30478539.0,0.0,0.0
2023-10,JAMMU AND KASHMIR BANK,JAMMU AND KASHMIR BANK LTD,Private sector,930.0,628.0,11777.0,942.0,0.0,328240.0,109695.0,4130699.0,186889.0,1413009.0,114013.0,420830.0,0.0,0.0,9089.0,37370.0,2060153.0,2910246.0,1048559.0,831732.0,0.0,0.0,5746076.0,31262530.0,0.0,0.0
2023-10,JANA SMALL FINANCE BANK,JANA SMALL FINANCE BANK LTD,Small finance,59.0,2.0,0.0,162.0,0.0,495224.0,0.0,3015122.0,0.0,0.0,0.0,0.0,0.0,0.0,0.0,0.0,51959.0,98601.0,8055.0,20860.0,0.0,0.0,371502.0,1865050.0,0.0,0.0
2023-10,JIO PAYMENTS BANK,JIO PAYMENTS BANK,Payments bank,0.0,0.0,0.0,0.0,0.0,14458.0,0.0,0.0,0.0,0.0,0.0,0.0,0.0,0.0,0.0,0.0,0.0,0.0,0.0,0.0,0.0,0.0,0.0,0.0,0.0,0.0
2023-10,KARNATAKA BANK,KARNATAKA BANK LTD,Private sector,899.0,587.0,9674.0,0.0,0.0,67579.0,0.0,5111068.0,0.0,0.0,0.0,0.0,0.0,0.0,0.0,0.0,1022773.0,1973282.0,115705.0,295974.0,0.0,0.0,4083499.0,18685268.0,0.0,0.0
2023-10,KARUR VYSYA BANK,KARUR VYSYA BANK LTD,Private sector,1436.0,813.0,8804.0,0.0,0.0,29766.0,10863.0,4564002.0,31019.0,197434.0,11111.0,129306.0,0.0,0.0,798.0,5906.0,1358074.0,3283791.0,232039.0,826231.0,0.0,923.0,4711233.0,22605166.0,0.0,0.0
2023-10,KOTAK MAHINDRA BANK,KOTAK MAHINDRA BANK LTD,Private sector,1695.0,1497.0,85285.0,17741.0,91307.0,500605.0,5674306.0,31219431.0,7050325.0,24459873.0,5352441.0,47052262.0,0.0,0.0,45546.0,194247.0,3116613.0,6926183.0,2461457.0,8745299.0,0.0,0.0,13568103.0,58157054.0,0.0,0.0
2023-10,NAINITAL BANK,NAINITAL BANK LTD,Private sector,0.0,0.0,0.0,0.0,0.0,0.0,0.0,228266.0,0.0,0.0,0.0,0.0,0.0,0.0,0.0,0.0,21263.0,43052.0,9748.0,27604.0,0.0,0.0,89968.0,418920.0,18.0,11.0
2023-10,NORTH EAST SMALL FINANCE BANK,NORTH EAST SMALL FINANCE BANK LTD,Small finance,13.0,1.0,0.0,0.0,0.0,0.0,0.0,396434.0,0.0,0.0,0.0,0.0,0.0,0.0,0.0,0.0,6066.0,8733.0,0.0,0.0,0.0,0.0,46573.0,196581.0,0.0,0.0
2023-10,NSDL PAYMENTS BANK,NSDL PAYMENTS BANK,Payments bank,0.0,0.0,190.0,453536.0,0.0,0.0,0.0,689487.0,0.0,0.0,0.0,0.0,0.0,0.0,0.0,0.0,1296.0,1323.0,28604.0,22453.0,0.0,0.0,7361.0,30842.0,0.0,0.0
2023-10,PAYTM PAYMENTS BANK,PAYTM PAYMENTS BANK,Payments bank,1.0,10.0,729338.0,0.0,0.0,33963628.0,0.0,32218748.0,0.0,0.0,0.0,0.0,0.0,0.0,0.0,0.0,287675.0,401743.0,813168.0,1926223.0,0.0,0.0,1225875.0,5255120.0,0.0,0.0
2023-10,PUNJAB AND SIND BANK,PUNJAB AND SIND BANK,Public sector,899.0,26.0,531.0,180.0,706.0,93656.0,0.0,4030168.0,0.0,0.0,0.0,0.0,0.0,0.0,0.0,0.0,512711.0,1215118.0,94440.0,365986.0,0.0,0.0,1547391.0,7191910.0,0.0,0.0
2023-10,PUNJAB NATIONAL BANK,PUNJAB NATIONAL BANK,Public sector,8152.0,4482.0,41016.0,11265.0,661133.0,470386.0,435619.0,40790698.0,546325.0,2187579.0,250579.0,1146528.0,2.0,85.0,5130.0,16332.0,5769565.0,14284749.0,2164734.0,5320264.0,0.0,0.0,28574989.0,141247901.0,0.0,0.0
2023-10,RBL BANK,RBL BANK LTD,Private sector,371.0,37.0,936253.0,0.0,47498.0,101211.0,4878164.0,1762304.0,7590496.0,34555149.0,3330968.0,36256070.0,0.0,0.0,45095.0,159403.0,224542.0,574168.0,110412.0,697662.0,92.0,2434.0,690404.0,3342814.0,0.0,0.0
2023-10,SBM BANK INDIA,SBM BANK INDIA LTD,Foreign,0.0,0.0,0.0,2050.0,0.0,0.0,972776.0,734483.0,387917.0,472347.0,670738.0,962530.0,0.0,0.0,2428.0,5774.0,14636.0,30001.0,13863.0,53115.0,0.0,0.0,180800.0,313929.0,0.0,0.0
2023-10,SHIVALIK SMALL FINANCE BANK,SHIVALIK SMALL FINANCE BANK LTD,Small finance,27.0,0.0,0.0,0.0,0.0,0.0,0.0,82588.0,0.0,0.0,0.0,0.0,0.0,0.0,0.0,0.0,5375.0,12534.0,4244.0,17444.0,0.0,0.0,37107.0,195620.0,0.0,0.0
2023-10,SOUTH INDIAN BANK,SOUTH INDIAN BANK,Private sector,892.0,420.0,15917.0,0.0,7802.0,85442.0,343731.0,3854521.0,762029.0,2615182.0,748869.0,5231925.0,0.0,0.0,0.0,0.0,1325568.0,2857630.0,226880.0,867888.0,0.0,0.0,3054360.0,14140482.0,0.0,0.0
2023-10,STANDARD CHARTERED BANK,STANDARD CHARTERED BANK LTD,Foreign,101.0,64.0,0.0,0.0,0.0,0.0,1019544.0,1116228.0,1311745.0,4073388.0,1329100.0,6072611.0,0.0,0.0,2275.0,13841.0,674774.0,1608616.0,87536.0,515718.0,31.0,698.0,767260.0,3747104.0,0.0,0.0
2023-10,STATE BANK OF INDIA,STATE BANK OF INDIA,Public sector,25629.0,39389.0,1234687.0,54235.0,827443.0,3165588.0,18067139.0,252794722.0,28031535.0,98331879.0,27103421.0,255728270.0,0.0,0.0,137252.0,530942.0,42557623.0,98721572.0,12993567.0,37801484.0,1539.0,22392.0,186706471.0,936941000.0,28301.0,26885.0
2023-10,SURYODAY SMALL FINANCE BANK,SURYODAY SMALL FINANCE BANK LTD,Small finance,0.0,0.0,0.0,67.0,0.0,0.0,0.0,696552.0,0.0,0.0,0.0,0.0,0.0,0.0,0.0,0.0,28708.0,34391.0,699.0,2450.0,0.0,0.0,310297.0,961287.0,0.0,0.0
2023-10,TAMILNAD MERCANTILE BANK,TAMILNAD MERCANTILE BANK LTD,Private sector,490.0,663.0,1984.0,0.0,0.0,110380.0,32715.0,2282921.0,48395.0,209482.0,17753.0,108929.0,0.0,0.0,2178.0,8376.0,396043.0,997618.0,66916.0,153840.0,92.0,263.0,5120203.0,21432462.0,0.0,0.0
2023-10,UCO BANK,UCO BANK,Public sector,2250.0,233.0,11137.0,3568.0,804.0,900686.0,0.0,12739420.0,0.0,0.0,0.0,0.0,0.0,0.0,0.0,0.0,1578160.0,3528072.0,340137.0,956387.0,936.0,16709.0,7255537.0,32976352.0,690.0,669.0
2023-10,UJJIVAN SMALL FINANCE BANK,UJJIVAN SMALL FINANCE BANK LTD,Small finance,553.0,4.0,0.0,0.0,0.0,540441.0,0.0,9665815.0,0.0,0.0,0.0,0.0,0.0,0.0,0.0,0.0,248205.0,431760.0,90270.0,228152.0,0.0,0.0,3702376.0,15883934.0,52.0,35.0
2023-10,UNION BANK OF INDIA,UNION BANK OF INDIA,Public sector,7847.0,2230.0,39902.0,8016.0,207148.0,279417.0,772992.0,53347475.0,781607.0,3195525.0,1008934.0,2706987.0,0.0,0.0,23521.0,119432.0,6271175.0,13038828.0,3056245.0,6452827.0,2717.0,10610.0,46519791.0,143268863.0,12242.0,10938.0
2023-10,UNITY SMALL FINANCE BANK,UNITY SMALL FINANCE BANK LTD,Small finance,231.0,0.0,0.0,0.0,0.0,0.0,0.0,6.0,0.0,0.0,0.0,0.0,0.0,0.0,0.0,0.0,3.0,0.0,1.0,0.0,0.0,0.0,21.0,58.0,0.0,0.0
2023-10,UTKARSH SMALL FINANCE BANK,UTKARSH SMALL FINANCE BANK LTD,Small finance,307.0,7.0,0.0,566.0,0.0,30831.0,99.0,1763248.0,92.0,375.0,67.0,458.0,0.0,0.0,0.0,0.0,38475.0,76778.0,11655.0,27883.0,15.0,115.0,373025.0,1600494.0,0.0,0.0
2023-10,WOORI BANK,WOORI BANK,Foreign,0.0,0.0,0.0,0.0,0.0,0.0,0.0,1089.0,0.0,0.0,0.0,0.0,0.0,0.0,0.0,0.0,3082.0,10914.0,1335.0,4442.0,0.0,0.0,779.0,5303.0,0.0,0.0
2023-10,YES BANK,YES BANK LTD,Private sector,1126.0,171.0,73325.0,91616.0,403468.0,162494208.0,1686003.0,4908619.0,3191194.0,9496016.0,1056812.0,11297736.0,0.0,0.0,20146.0,93257.0,841090.0,2019247.0,282439.0,1116265.0,52.0,1003.0,2986291.0,13726191.0,309.0,309.0
2023-11,AIRTEL PAYMENTS BANK,AIRTEL PAYMENTS BANK,Payments bank,0.0,0.0,0.0,103803.0,0.0,3490565.0,0.0,7342325.0,0.0,0.0,0.0,0.0,0.0,0.0,0.0,0.0,6171.0,10680.0,188232.0,254855.0,0.0,0.0,56723.0,266659.0,0.0,0.0
2023-11,AMERICAN EXPRESS BANKING CORPORATION,AMERICAN EXPRESS BANKING CORPORATION,Foreign,0.0,0.0,52437.0,0.0,0.0,0.0,1356020.0,0.0,1248731.0,11181550.0,3346612.0,30009337.0,0.0,0.0,0.0,0.0,0.0,0.0,0.0,0.0,0.0,0.0,0.0,0.0,0.0,0.0
2023-11,AU SMALL FINANCE BANK,AU SMALL FINANCE BANK LTD,Small finance,493.0,2.0,0.0,392.0,0.0,1120133.0,781173.0,2832277.0,960742.0,5888900.0,1212998.0,9902969.0,890.0,517.0,4872.0,28177.0,198497.0,595312.0,268278.0,1033833.0,267.0,4053.0,1052158.0,7035869.0,447.0,451.0
2023-11,AXIS BANK,AXIS BANK LTD,Private sector,6065.0,9817.0,1592257.0,728.0,707830.0,71518349.0,13437470.0,33727730.0,26673678.0,82832670.0,21634483.0,102995751.0,0.0,0.0,83079.0,377430.0,6823228.0,21484980.0,2904424.0,13520890.0,14858.0,378960.0,20140478.0,128323884.0,0.0,0.0
2023-11,BANDHAN BANK,BANDHAN BANK LTD,Private sector,433.0,5.0,48193.0,0.0,0.0,0.0,0.0,5802074.0,0.0,0.0,0.0,0.0,0.0,0.0,0.0,0.0,310982.0,1021903.0,124352.0,420297.0,0.0,0.0,2279917.0,12341945.0,3600.0,3577.0
2023-11,BANK OF AMERICA,BANK OF AMERICA,Foreign,0.0,0.0,0.0,0.0,0.0,0.0,0.0,0.0,0.0,0.0,0.0,0.0,0.0,0.0,0.0,0.0,0.0,0.0,0.0,0.0,0.0,0.0,0.0,0.0,0.0,0.0
2023-11,BANK OF BARODA,BANK OF BARODA,Public sector,8444.0,2564.0,32865.0,45071.0,11208.0,1472139.0,2183629.0,92992617.0,2393488.0,8765422.0,2337803.0,14420621.0,0.0,0.0,16696.0,78886.0,4637322.0,10980199.0,857973.0,3391135.0,10.0,15.0,25378506.0,124180193.0,481.0,478.0
2023-11,BANK OF INDIA,BANK OF INDIA,Public sector,5327.0,2901.0,43141.0,17731.0,0.0,915853.0,72537.0,48665137.0,148764.0,563301.0,62399.0,262708.0,0.0,0.0,9371.0,57664.0,3349053.0,7168896.0,1065412.0,1669061.0,0.0,0.0,17157100.0,70626117.0,2548.0,2543.0
2023-11,BANK OF MAHARASHTRA,BANK OF MAHARASHTRA,Public sector,1995.0,361.0,1786.0,1908.0,355014.0,1214061.0,33103.0,13532409.0,53631.0,231460.0,20717.0,112149.0,0.0,0.0,881.0,3998.0,1486317.0,2865849.0,422246.0,739807.0,6251.0,68856.0,6089301.0,27575903.0,0.0,0.0
2023-11,BARCLAYS BANK,BARCLAYS BANK PLC,Foreign,0.0,0.0,0.0,0.0,1.0,0.0,0.0,840.0,0.0,0.0,0.0,0.0,0.0,0.0,0.0,0.0,41.0,358.0,6.0,6.0,0.0,0.0,401.0,3623.0,0.0,0.0
2023-11,CANARA BANK,CANARA BANK,Public sector,8140.0,4026.0,68053.0,13427.0,1.0,2654919.0,829561.0,56420528.0,925134.0,3316020.0,385089.0,1888638.0,0.0,0.0,83909.0,455536.0,7384746.0,18782545.0,1448851.0,4132142.0,3958.0,61952.0,34288108.0,160629105.0,879.0,699.0
2023-11,CAPITAL SMALL FINANCE BANK,CAPITAL SMALL FINANCE BANK LTD,Small finance,174.0,2.0,0.0,0.0,0.0,0.0,0.0,277244.0,0.0,0.0,0.0,0.0,0.0,0.0,0.0,0.0,33144.0,121069.0,5938.0,20925.0,0.0,0.0,124995.0,734267.0,0.0,0.0
2023-11,CENTRAL BANK OF INDIA,CENTRAL BANK OF INDIA,Public sector,2857.0,964.0,2600.0,9254.0,5650.0,1093444.0,0.0,28858313.0,0.0,0.0,0.0,0.0,0.0,0.0,0.0,0.0,1804416.0,4585416.0,300873.0,967096.0,0.0,0.0,9167335.0,43198989.0,6738.0,6931.0
2023-11,CITI BANK,CITI BANK,Foreign,0.0,0.0,0.0,0.0,0.0,0.0,178479.0,0.0,114337.0,701989.0,179012.0,2258396.0,0.0,0.0,593.0,4313.0,0.0,0.0,0.0,0.0,0.0,0.0,0.0,0.0,0.0,0.0
2023-11,CITY UNION BANK,CITY UNION BANK LTD.,Private sector,1114.0,540.0,6289.0,54525.0,0.0,64310.0,25519.0,2820581.0,52985.0,217400.0,18270.0,201360.0,0.0,0.0,535.0,2328.0,518072.0,1298456.0,65085.0,170738.0,0.0,0.0,2574375.0,13971753.0,0.0,0.0
2023-11,CSB BANK,CSB BANK LTD.,Private sector,498.0,51.0,0.0,0.0,9448.0,0.0,48585.0,895355.0,97819.0,444356.0,84793.0,864881.0,0.0,0.0,0.0,0.0,192650.0,381802.0,15990.0,48454.0,16.0,119.0,467273.0,2238241.0,6.0,4.0
2023-11,DBS BANK INDIA,DBS INDIA BANK LTD,Foreign,424.0,484.0,549.0,104.0,0.0,4910.0,463595.0,2021315.0,413651.0,1866663.0,228610.0,1934413.0,0.0,0.0,3349.0,10245.0,294677.0,650590.0,108536.0,313358.0,0.0,0.0,895208.0,4494996.0,0.0,0.0
2023-11,DCB BANK,DCB BANK LTD,Private sector,411.0,5.0,8149.0,0.0,9773.0,0.0,0.0,767294.0,0.0,0.0,0.0,0.0,0.0,0.0,0.0,0.0,108629.0,314108.0,20399.0,94229.0,255.0,7999.0,345666.0,1462920.0,0.0,0.0
2023-11,DEUTSCHE BANK,DEUTSCHE BANK LTD,Foreign,13.0,4.0,0.0,0.0,0.0,3.0,0.0,119383.0,0.0,0.0,0.0,0.0,0.0,0.0,0.0,0.0,35734.0,120057.0,15157.0,57609.0,0.0,0.0,38447.0,229867.0,0.0,0.0
2023-11,DHANALAKSHMI BANK,DHANALAKSHMI BANK LTD,Private sector,235.0,41.0,1569.0,0.0,0.0,31409.0,10621.0,549536.0,22023.0,52761.0,6123.0,23354.0,1.0,115.0,225.0,766.0,182702.0,330879.0,10577.0,27211.0,0.0,0.0,468219.0,2014961.0,0.0,0.0
2023-11,EQUITAS SMALL FINANCE BANK,EQUITAS SMALL FINANCE BANK LTD,Small finance,359.0,3.0,25645.0,302.0,62621.0,0.0,0.0,2299201.0,0.0,0.0,0.0,0.0,0.0,0.0,0.0,0.0,161634.0,349057.0,42167.0,178946.0,0.0,0.0,2974213.0,8636022.0,0.0,0.0
2023-11,ESAF SMALL FINANCE BANK,ESAF SMALL FINANCE BANK LTD,Small finance,593.0,2.0,0.0,2521.0,0.0,0.0,0.0,5414652.0,0.0,0.0,0.0,0.0,0.0,0.0,0.0,0.0,187714.0,296960.0,14744.0,35538.0,0.0,0.0,1015219.0,5050864.0,19.0,9.0
2023-11,FEDERAL BANK,FEDERAL BANK LTD,Private sector,1626.0,303.0,19161.0,934.0,9598.0,4636493.0,791267.0,13337114.0,1443432.0,4624858.0,1408359.0,8637207.0,0.0,0.0,3886.0,18238.0,3598724.0,7753095.0,1410619.0,5001912.0,2534.0,33326.0,8465715.0,41686100.0,169.0,165.0
2023-11,FINCARE SMALL FINANCE BANK,FINCARE SMALL FINANCE BANK LTD,Small finance,170.0,0.0,0.0,436.0,0.0,46699.0,0.0,5295272.0,0.0,0.0,0.0,0.0,0.0,0.0,0.0,0.0,41520.0,58116.0,8394.0,26010.0,0.0,0.0,916452.0,4520536.0,0.0,0.0
2023-11,FINO PAYMENTS BANK,FINO PAYMENTS BANK,Payments bank,0.0,0.0,0.0,399550.0,0.0,17612.0,0.0,8289039.0,0.0,0.0,0.0,0.0,0.0,0.0,0.0,0.0,164967.0,332935.0,8935.0,11151.0,0.0,0.0,2196063.0,7200508.0,167.0,103.0
2023-11,HDFC BANK,HDFC BANK LTD,Private sector,11237.0,9451.0,1519857.0,4574.0,1917259.0,0.0,19512140.0,52959912.0,46604833.0,161055970.0,29847723.0,259437228.0,0.0,0.0,190200.0,1157356.0,14835196.0,50246084.0,9389527.0,35090627.0,91800.0,1278537.0,40968130.0,258865444.0,8310.0,8239.0
2023-11,HSBC,HSBC LTD,Foreign,46.0,28.0,0.0,0.0,0.0,0.0,629851.0,670484.0,781371.0,3021146.0,1061503.0,5382974.0,0.0,0.0,1708.0,12607.0,255879.0,1047990.0,0.0,0.0,0.0,0.0,242471.0,1426737.0,0.0,0.0
2023-11,ICICI BANK,ICICI BANK LTD,Private sector,9794.0,7165.0,1530987.0,9896.0,579681.0,3345289.0,16206426.0,32501109.0,19620347.0,85782288.0,36660885.0,191943999.0,36.0,2487.0,59127.0,282625.0,9469617.0,33381477.0,3773803.0,19918222.0,20616.0,210108.0,19546695.0,134335096.0,1.0,1.0
2023-11,IDBI BANK,IDBI BANK LTD,Private sector,2273.0,1040.0,21629.0,121.0,10456.0,281004.0,33806.0,11647059.0,73807.0,270832.0,47637.0,176521.0,0.0,0.0,400.0,2233.0,1588391.0,3865189.0,293768.0,850358.0,0.0,0.0,5921335.0,30100026.0,372.0,358.0
2023-11,IDFC FIRST BANK,IDFC FIRST BANK LTD,Private sector,813.0,311.0,40665.0,11161.0,0.0,38079.0,2116838.0,6656381.0,3377127.0,11409548.0,2015722.0,13698102.0,0.0,0.0,25638.0,108225.0,832571.0,2490685.0,304118.0,3161305.0,0.0,0.0,4278512.0,21340872.0,0.0,0.0
2023-11,INDIA POST PAYMENTS BANK,INDIA POST PAYMENTS BANK,Payments bank,0.0,0.0,0.0,236945.0,0.0,574290.0,0.0,13587491.0,0.0,0.0,0.0,0.0,0.0,0.0,0.0,0.0,0.0,0.0,339820.0,106603.0,0.0,0.0,0.0,0.0,0.0,0.0
2023-11,INDIAN BANK,INDIAN BANK,Public sector,4296.0,590.0,22679.0,10835.0,0.0,3548847.0,184416.0,33303082.0,135941.0,567138.0,69299.0,526831.0,0.0,0.0,3888.0,27960.0,4068324.0,9116713.0,1146212.0,2300083.0,3334.0,53283.0,21484201.0,99714323.0,15580.0,15499.0
2023-11,INDIAN OVERSEAS BANK,INDIAN OVERSEAS BANK,Public sector,2787.0,730.0,0.0,0.0,0.0,315044.0,84957.0,18359700.0,74714.0,216742.0,21989.0,74713.0,0.0,0.0,2498.0,12362.0,2776905.0,6077380.0,617395.0,1289592.0,0.0,0.0,12068356.0,51229665.0,0.0,0.0
2023-11,INDUSIND BANK,INDUSIND BANK LTD,Private sector,1779.0,1153.0,215002.0,146.0,59197.0,3717013.0,2659808.0,9216472.0,3857753.0,20188066.0,2489789.0,60648314.0,0.0,0.0,25137.0,130722.0,1015087.0,2916980.0,639478.0,3475624.0,921.0,57007.0,4144529.0,28598236.0,0.0,0.0
2023-11,JAMMU AND KASHMIR BANK,JAMMU AND KASHMIR BANK LTD,Private sector,932.0,629.0,13077.0,942.0,0.0,333002.0,110095.0,4155962.0,182151.0,1434124.0,104208.0,376435.0,0.0,0.0,7973.0,33468.0,1458301.0,2997215.0,1356983.0,688584.0,0.0,0.0,5678204.0,30963966.0,1.0,0.0
2023-11,JANA SMALL FINANCE BANK,JANA SMALL FINANCE BANK LTD,Small finance,59.0,2.0,0.0,162.0,0.0,495276.0,0.0,3048414.0,0.0,0.0,0.0,0.0,0.0,0.0,0.0,0.0,48896.0,98179.0,7429.0,19639.0,0.0,0.0,405703.0,2145602.0,0.0,0.0
2023-11,JIO PAYMENTS BANK,JIO PAYMENTS BANK,Payments bank,0.0,0.0,0.0,0.0,0.0,15913.0,0.0,0.0,0.0,0.0,0.0,0.0,0.0,0.0,0.0,0.0,0.0,0.0,0.0,0.0,0.0,0.0,0.0,0.0,0.0,0.0
2023-11,KARNATAKA BANK,KARNATAKA BANK LTD,Private sector,900.0,585.0,9789.0,0.0,0.0,69678.0,0.0,5061984.0,0.0,0.0,0.0,0.0,0.0,0.0,0.0,0.0,943948.0,1904778.0,96471.0,250228.0,0.0,0.0,3953392.0,18407948.0,0.0,0.0
2023-11,KARUR VYSYA BANK,KARUR VYSYA BANK LTD,Private sector,1447.0,810.0,8733.0,0.0,0.0,30834.0,10743.0,4604230.0,31019.0,197434.0,9699.0,121636.0,0.0,0.0,804.0,6449.0,1293446.0,3163016.0,213915.0,773330.0,0.0,939.0,4480076.0,21934842.0,0.0,0.0
2023-11,KOTAK MAHINDRA BANK,KOTAK MAHINDRA BANK LTD,Private sector,1700.0,1497.0,87125.0,13886.0,96347.0,506637.0,5666441.0,31786794.0,7752409.0,26199940.0,4415267.0,37410902.0,0.0,0.0,39466.0,175477.0,2952273.0,7320101.0,2084189.0,5885791.0,0.0,0.0,13200498.0,57813411.0,0.0,0.0
2023-11,NAINITAL BANK,NAINITAL BANK LTD,Private sector,0.0,0.0,0.0,0.0,0.0,0.0,0.0,232985.0,0.0,0.0,0.0,0.0,0.0,0.0,0.0,0.0,19610.0,41975.0,9049.0,22976.0,0.0,0.0,81460.0,395579.0,20.0,16.0
2023-11,NORTH EAST SMALL FINANCE BANK,NORTH EAST SMALL FINANCE BANK LTD,Small finance,13.0,1.0,0.0,0.0,0.0,0.0,0.0,405842.0,0.0,0.0,0.0,0.0,0.0,0.0,0.0,0.0,6451.0,8427.0,0.0,0.0,0.0,0.0,45447.0,198683.0,0.0,0.0
2023-11,NSDL PAYMENTS BANK,NSDL PAYMENTS BANK,Payments bank,0.0,0.0,190.0,477224.0,0.0,0.0,0.0,783865.0,0.0,0.0,0.0,0.0,0.0,0.0,0.0,0.0,1277.0,1231.0,28295.0,21433.0,0.0,0.0,8551.0,39343.0,0.0,0.0
2023-11,PAYTM PAYMENTS BANK,PAYTM PAYMENTS BANK,Payments bank,1.0,10.0,688151.0,0.0,0.0,34535520.0,0.0,32249647.0,0.0,0.0,0.0,0.0,0.0,0.0,0.0,0.0,248727.0,375783.0,745934.0,1482727.0,0.0,0.0,1163249.0,5197249.0,0.0,0.0
2023-11,PUNJAB AND SIND BANK,PUNJAB AND SIND BANK,Public sector,899.0,26.0,559.0,190.0,706.0,96681.0,0.0,4049859.0,0.0,0.0,0.0,0.0,0.0,0.0,0.0,0.0,527727.0,1343572.0,84841.0,321429.0,0.0,0.0,1572971.0,7649055.0,0.0,0.0
2023-11,PUNJAB NATIONAL BANK,PUNJAB NATIONAL BANK,Public sector,8138.0,4467.0,40562.0,11265.0,659214.0,492677.0,467584.0,40106166.0,559235.0,2306108.0,255800.0,1159096.0,3.0,125.0,7699.0,22376.0,5480788.0,14620659.0,2042236.0,4663204.0,0.0,0.0,28028244.0,142590538.0,0.0,0.0
2023-11,RBL BANK,RBL BANK LTD,Private sector,371.0,37.0,937659.0,0.0,47498.0,104867.0,4944182.0,1447901.0,7130376.0,33872956.0,3073571.0,34005117.0,0.0,0.0,41099.0,150050.0,218453.0,608335.0,102167.0,699051.0,80.0,4085.0,722131.0,3545314.0,0.0,0.0
2023-11,SBM BANK INDIA,SBM BANK INDIA LTD,Foreign,0.0,0.0,0.0,2163.0,0.0,0.0,946146.0,740025.0,330172.0,429708.0,554060.0,862859.0,0.0,0.0,1787.0,5145.0,12274.0,39306.0,12347.0,38152.0,0.0,0.0,163979.0,296836.0,0.0,0.0
2023-11,SHIVALIK SMALL FINANCE BANK,SHIVALIK SMALL FINANCE BANK LTD,Small finance,27.0,0.0,0.0,0.0,0.0,0.0,0.0,83364.0,0.0,0.0,0.0,0.0,0.0,0.0,0.0,0.0,4736.0,12250.0,4118.0,16070.0,0.0,0.0,34695.0,186555.0,0.0,0.0
2023-11,SOUTH INDIAN BANK,SOUTH INDIAN BANK,Private sector,893.0,419.0,16267.0,0.0,8529.0,86747.0,361531.0,3799093.0,726643.0,2570055.0,680089.0,4829729.0,0.0,0.0,0.0,0.0,1245499.0,2694764.0,201587.0,784989.0,0.0,0.0,3028009.0,14112625.0,0.0,0.0
2023-11,STANDARD CHARTERED BANK,STANDARD CHARTERED BANK LTD,Foreign,102.0,64.0,0.0,0.0,0.0,0.0,1027563.0,1108599.0,1361575.0,4747137.0,1332951.0,6136185.0,0.0,0.0,2363.0,14726.0,632678.0,1788503.0,71193.0,436063.0,29.0,352.0,771354.0,3914859.0,0.0,0.0
2023-11,STATE BANK OF INDIA,STATE BANK OF INDIA,Public sector,25545.0,39338.0,1248729.0,54594.0,836027.0,3266716.0,18251184.0,245706873.0,27126972.0,101552543.0,23061303.0,212523184.0,0.0,0.0,128217.0,515499.0,39879371.0,98337750.0,10428419.0,25487003.0,1280.0,18056.0,179218098.0,921203946.0,25709.0,24372.0
2023-11,SURYODAY SMALL FINANCE BANK,SURYODAY SMALL FINANCE BANK LTD,Small finance,0.0,0.0,0.0,67.0,0.0,0.0,0.0,709978.0,0.0,0.0,0.0,0.0,0.0,0.0,0.0,0.0,34367.0,41555.0,698.0,2230.0,0.0,0.0,327721.0,1031113.0,0.0,0.0
2023-11,TAMILNAD MERCANTILE BANK,TAMILNAD MERCANTILE BANK LTD,Private sector,491.0,662.0,1980.0,0.0,0.0,114238.0,32575.0,2297510.0,44900.0,199572.0,16157.0,106769.0,0.0,0.0,1912.0,7828.0,393838.0,1012525.0,59241.0,140799.0,89.0,253.0,4995579.0,21387564.0,0.0,0.0
2023-11,UCO BANK,UCO BANK,Public sector,2245.0,227.0,11064.0,3568.0,772.0,925845.0,0.0,12803771.0,0.0,0.0,0.0,0.0,0.0,0.0,0.0,0.0,1462730.0,3530420.0,293002.0,816644.0,800.0,14296.0,6957989.0,32051792.0,638.0,607.0
2023-11,UJJIVAN SMALL FINANCE BANK,UJJIVAN SMALL FINANCE BANK LTD,Small finance,561.0,4.0,0.0,0.0,0.0,550110.0,0.0,9781933.0,0.0,0.0,0.0,0.0,0.0,0.0,0.0,0.0,218693.0,396100.0,79803.0,224524.0,0.0,0.0,3280596.0,14074617.0,37.0,33.0
2023-11,UNION BANK OF INDIA,UNION BANK OF INDIA,Public sector,7838.0,2239.0,40298.0,8016.0,219418.0,280946.0,791750.0,53584901.0,820044.0,3450383.0,1146523.0,2903490.0,0.0,0.0,23963.0,124271.0,5873090.0,12497574.0,2826728.0,5786461.0,2489.0,9525.0,44223755.0,142928650.0,8859.0,8602.0
2023-11,UNITY SMALL FINANCE BANK,UNITY SMALL FINANCE BANK LTD,Small finance,231.0,0.0,0.0,0.0,0.0,0.0,0.0,10.0,0.0,0.0,0.0,0.0,0.0,0.0,0.0,0.0,4.0,1.0,2.0,1.0,0.0,0.0,32.0,43.0,0.0,0.0
2023-11,UTKARSH SMALL FINANCE BANK,UTKARSH SMALL FINANCE BANK LTD,Small finance,309.0,7.0,0.0,568.0,0.0,32138.0,135.0,1782192.0,96.0,358.0,49.0,192.0,0.0,0.0,1.0,8.0,35657.0,77149.0,11868.0,23885.0,21.0,176.0,358510.0,1544445.0,0.0,0.0
2023-11,WOORI BANK,WOORI BANK,Foreign,0.0,0.0,0.0,0.0,0.0,0.0,0.0,1103.0,0.0,0.0,0.0,0.0,0.0,0.0,0.0,0.0,2988.0,10651.0,1104.0,4105.0,0.0,0.0,864.0,6303.0,0.0,0.0
2023-11,YES BANK,YES BANK LTD,Private sector,1112.0,169.0,74492.0,90194.0,267829.0,166700564.0,1751652.0,5074514.0,3225686.0,9989919.0,933625.0,10451041.0,0.0,0.0,18065.0,85347.0,836006.0,2224366.0,248565.0,1049580.0,65.0,1159.0,3127933.0,14669393.0,236.0,236.0
2023-12,AIRTEL PAYMENTS BANK,AIRTEL PAYMENTS BANK,Payments bank,0.0,0.0,0.0,110008.0,0.0,3396101.0,0.0,7671834.0,0.0,0.0,0.0,0.0,0.0,0.0,0.0,0.0,8418.0,13128.0,163876.0,228705.0,0.0,0.0,73384.0,328080.0,0.0,0.0
2023-12,AMERICAN EXPRESS BANKING CORPORATION,AMERICAN EXPRESS BANKING CORPORATION,Foreign,0.0,0.0,52577.0,0.0,0.0,0.0,1357137.0,0.0,1386795.0,11263078.0,3427748.0,30746390.0,0.0,0.0,0.0,0.0,0.0,0.0,0.0,0.0,0.0,0.0,0.0,0.0,0.0,0.0
2023-12,AU SMALL FINANCE BANK,AU SMALL FINANCE BANK LTD,Small finance,493.0,2.0,0.0,394.0,0.0,1127134.0,828168.0,2875390.0,997908.0,5827548.0,1465810.0,11830608.0,1044.0,1022.0,5310.0,31162.0,204275.0,542037.0,292719.0,1275995.0,238.0,3520.0,1061806.0,7054068.0,242.0,244.0
2023-12,AXIS BANK,AXIS BANK LTD,Private sector,6113.0,9793.0,1615668.0,728.0,718305.0,75282845.0,13584295.0,34454156.0,27669825.0,81240597.0,22543667.0,109312374.0,0.0,0.0,80870.0,365047.0,6895072.0,19926077.0,3006442.0,15171873.0,14885.0,380683.0,19942228.0,126223004.0,0.0,0.0
2023-12,BANDHAN BANK,BANDHAN BANK LTD,Private sector,433.0,5.0,51879.0,0.0,0.0,0.0,0.0,5877680.0,0.0,0.0,0.0,0.0,0.0,0.0,0.0,0.0,313847.0,920514.0,123936.0,426822.0,0.0,0.0,2353387.0,12840987.0,2587.0,2623.0
2023-12,BANK OF AMERICA,BANK OF AMERICA,Foreign,0.0,0.0,0.0,0.0,0.0,0.0,0.0,0.0,0.0,0.0,0.0,0.0,0.0,0.0,0.0,0.0,0.0,0.0,0.0,0.0,0.0,0.0,0.0,0.0,0.0,0.0
2023-12,BANK OF BAHRAIN AND KUWAIT B S C,BANK OF BAHRAIN & KUWAIT B.S.C.,Foreign,2.0,0.0,0.0,0.0,0.0,0.0,0.0,37.0,0.0,0.0,0.0,0.0,0.0,0.0,0.0,0.0,1704.0,5447.0,122.0,3601.0,0.0,0.0,1624.0,8559.0,0.0,0.0
2023-12,BANK OF BARODA,BANK OF BARODA,Public sector,8422.0,2608.0,34954.0,45176.0,11607.0,1498835.0,2243917.0,93535911.0,2418208.0,8449987.0,2461672.0,15357783.0,0.0,0.0,17671.0,83631.0,4538853.0,10012345.0,800551.0,3440482.0,16.0,33.0,24940155.0,119582986.0,455.0,456.0
2023-12,BANK OF INDIA,BANK OF INDIA,Public sector,5327.0,2901.0,43486.0,17963.0,0.0,990639.0,73371.0,47055120.0,149982.0,563974.0,64101.0,292190.0,0.0,0.0,9994.0,61479.0,3181920.0,6336630.0,1010354.0,1746767.0,0.0,0.0,16734877.0,68012074.0,2662.0,2658.0
2023-12,BANK OF MAHARASHTRA,BANK OF MAHARASHTRA,Public sector,1973.0,352.0,1780.0,1918.0,355014.0,1226972.0,33030.0,13567181.0,50653.0,212928.0,20998.0,119730.0,0.0,0.0,910.0,4286.0,1431653.0,2432141.0,420645.0,757735.0,6594.0,72862.0,6116722.0,26625078.0,0.0,0.0
2023-12,BARCLAYS BANK,BARCLAYS BANK PLC,Foreign,0.0,0.0,0.0,0.0,1.0,0.0,0.0,837.0,0.0,0.0,0.0,0.0,0.0,0.0,0.0,0.0,31.0,180.0,17.0,130.0,0.0,0.0,391.0,3600.0,0.0,0.0
2023-12,CANARA BANK,CANARA BANK,Public sector,8125.0,3995.0,70045.0,13427.0,1.0,1968426.0,876575.0,57060996.0,990576.0,3466917.0,430261.0,2145012.0,0.0,0.0,91151.0,496391.0,7226370.0,17734528.0,1415578.0,4534297.0,3981.0,62323.0,33924966.0,159020573.0,841.0,659.0
2023-12,CAPITAL SMALL FINANCE BANK,CAPITAL SMALL FINANCE BANK LTD,Small finance,175.0,2.0,0.0,0.0,0.0,0.0,0.0,266402.0,0.0,0.0,0.0,0.0,0.0,0.0,0.0,0.0,30326.0,97562.0,5905.0,21224.0,0.0,0.0,120623.0,692429.0,0.0,0.0
2023-12,CENTRAL BANK OF INDIA,CENTRAL BANK OF INDIA,Public sector,2857.0,1005.0,2698.0,9254.0,5714.0,1177046.0,0.0,29324324.0,0.0,0.0,0.0,0.0,0.0,0.0,0.0,0.0,1750370.0,4130308.0,295834.0,1049401.0,0.0,0.0,8938619.0,41286695.0,4895.0,5044.0
2023-12,CITI BANK,CITI BANK,Foreign,0.0,0.0,0.0,0.0,0.0,0.0,184466.0,0.0,124152.0,896032.0,177751.0,2272190.0,0.0,0.0,592.0,4467.0,0.0,0.0,0.0,0.0,0.0,0.0,0.0,0.0,0.0,0.0
2023-12,CITY UNION BANK,CITY UNION BANK LTD.,Private sector,1126.0,539.0,6423.0,56948.0,0.0,65693.0,27050.0,2713583.0,50513.0,197928.0,18749.0,206681.0,0.0,0.0,465.0,2153.0,437079.0,1058699.0,58733.0,166699.0,0.0,0.0,2528205.0,13264503.0,0.0,0.0
2023-12,CSB BANK,CSB BANK LTD.,Private sector,519.0,51.0,0.0,0.0,9888.0,0.0,57482.0,889375.0,108239.0,457928.0,100699.0,1012232.0,0.0,0.0,0.0,0.0,218582.0,436516.0,17273.0,53352.0,0.0,0.0,478537.0,2281126.0,5.0,4.0
2023-12,DBS BANK INDIA,DBS INDIA BANK LTD,Foreign,423.0,479.0,558.0,104.0,0.0,5057.0,482887.0,1998285.0,443556.0,2070955.0,253955.0,2057488.0,0.0,0.0,3406.0,10353.0,289646.0,622965.0,110294.0,304285.0,0.0,0.0,890966.0,4421140.0,0.0,0.0
2023-12,DCB BANK,DCB BANK LTD,Private sector,411.0,5.0,8141.0,0.0,10536.0,0.0,0.0,793571.0,0.0,0.0,0.0,0.0,0.0,0.0,0.0,0.0,115609.0,316121.0,18584.0,84959.0,269.0,9052.0,364597.0,1463576.0,0.0,0.0
2023-12,DEUTSCHE BANK,DEUTSCHE BANK LTD,Foreign,13.0,4.0,0.0,0.0,0.0,6.0,0.0,119760.0,0.0,0.0,0.0,0.0,0.0,0.0,0.0,0.0,40464.0,123538.0,15831.0,61640.0,0.0,0.0,37945.0,224202.0,0.0,0.0
2023-12,DHANALAKSHMI BANK,DHANALAKSHMI BANK LTD,Private sector,237.0,41.0,1577.0,0.0,0.0,31677.0,10967.0,538997.0,24374.0,54971.0,6916.0,26455.0,0.0,0.0,235.0,811.0,179973.0,330052.0,6463.0,15910.0,0.0,0.0,455385.0,1973234.0,0.0,0.0
2023-12,DOHA BANK Q P S C,DOHA BANK Q.P.S.C.,Foreign,2.0,0.0,0.0,0.0,0.0,0.0,0.0,20695.0,0.0,0.0,0.0,0.0,0.0,0.0,0.0,0.0,1127.0,4275.0,194.0,256.0,0.0,0.0,923.0,4636.0,0.0,0.0
2023-12,EQUITAS SMALL FINANCE BANK,EQUITAS SMALL FINANCE BANK LTD,Small finance,359.0,4.0,26317.0,302.0,65062.0,0.0,0.0,2062725.0,0.0,0.0,0.0,0.0,0.0,0.0,0.0,0.0,158632.0,327747.0,44137.0,192627.0,0.0,0.0,2870663.0,8479271.0,0.0,0.0
2023-12,ESAF SMALL FINANCE BANK,ESAF SMALL FINANCE BANK LTD,Small finance,598.0,2.0,0.0,4003.0,0.0,0.0,0.0,5516689.0,0.0,0.0,0.0,0.0,0.0,0.0,0.0,0.0,193886.0,316862.0,13574.0,34702.0,0.0,0.0,1049677.0,5243791.0,11.0,7.0
2023-12,FEDERAL BANK,FEDERAL BANK LTD,Private sector,1634.0,326.0,19380.0,940.0,7660.0,4728701.0,923312.0,13348511.0,1691869.0,5259070.0,2006908.0,11867359.0,0.0,0.0,4422.0,20307.0,3899526.0,8659440.0,1437321.0,5028010.0,2623.0,36449.0,8761421.0,43668001.0,118.0,111.0
2023-12,FINCARE SMALL FINANCE BANK,FINCARE SMALL FINANCE BANK LTD,Small finance,171.0,0.0,0.0,436.0,0.0,56221.0,0.0,5461348.0,0.0,0.0,0.0,0.0,0.0,0.0,0.0,0.0,39816.0,56231.0,8395.0,25034.0,0.0,0.0,895671.0,4578016.0,0.0,0.0
2023-12,FINO PAYMENTS BANK,FINO PAYMENTS BANK,Payments bank,0.0,0.0,0.0,402052.0,0.0,19708.0,0.0,8505146.0,0.0,0.0,0.0,0.0,0.0,0.0,0.0,0.0,159829.0,329468.0,8269.0,9646.0,0.0,0.0,2023807.0,6507933.0,154.0,95.0
2023-12,HDFC BANK,HDFC BANK LTD,Private sector,11301.0,9387.0,1553924.0,4592.0,1961689.0,0.0,19878068.0,53330797.0,51520706.0,158608271.0,31909775.0,289110454.0,0.0,0.0,198624.0,1202935.0,15092109.0,46910149.0,9504718.0,37052395.0,94881.0,1309176.0,40540285.0,253688744.0,7031.0,6950.0
2023-12,HSBC,HSBC LTD,Foreign,46.0,28.0,0.0,0.0,0.0,0.0,632199.0,690685.0,880331.0,3152019.0,1154444.0,6166708.0,0.0,0.0,1704.0,12688.0,294852.0,1193123.0,0.0,0.0,0.0,0.0,259114.0,1542454.0,0.0,0.0
2023-12,ICICI BANK,ICICI BANK LTD,Private sector,9866.0,7164.0,1566768.0,9925.0,581007.0,3369758.0,16484458.0,32481406.0,20857808.0,82983382.0,40042476.0,199169791.0,56.0,3845.0,61264.0,280220.0,9941564.0,32590569.0,3880976.0,22470150.0,20128.0,200139.0,19371749.0,132448243.0,4.0,2.0
2023-12,IDBI BANK,IDBI BANK LTD,Private sector,2284.0,1038.0,18745.0,121.0,10276.0,285111.0,33933.0,11582252.0,69045.0,237935.0,49368.0,187248.0,0.0,0.0,404.0,2182.0,1537191.0,3480973.0,292087.0,871812.0,0.0,0.0,5803101.0,28896951.0,267.0,256.0
2023-12,IDFC FIRST BANK,IDFC FIRST BANK LTD,Private sector,824.0,312.0,41823.0,10775.0,0.0,38079.0,2236817.0,6762047.0,4542101.0,12211120.0,2183085.0,14002789.0,0.0,0.0,27383.0,115229.0,839181.0,2241869.0,295514.0,2208268.0,0.0,0.0,4329543.0,21175150.0,0.0,0.0
2023-12,INDIA POST PAYMENTS BANK,INDIA POST PAYMENTS BANK,Payments bank,0.0,0.0,0.0,349345.0,0.0,644662.0,0.0,13695959.0,0.0,0.0,0.0,0.0,0.0,0.0,0.0,0.0,0.0,0.0,344020.0,94884.0,0.0,0.0,0.0,0.0,0.0,0.0
2023-12,INDIAN BANK,INDIAN BANK,Public sector,4300.0,599.0,21725.0,10942.0,0.0,3607247.0,185763.0,32155601.0,143566.0,582344.0,75173.0,567455.0,0.0,0.0,4430.0,31926.0,3861842.0,8404074.0,1154295.0,2431202.0,3163.0,52088.0,21036165.0,97297543.0,13826.0,13750.0
2023-12,INDIAN OVERSEAS BANK,INDIAN OVERSEAS BANK,Public sector,2784.0,731.0,0.0,0.0,0.0,320245.0,82183.0,18600057.0,76298.0,207086.0,21421.0,78977.0,0.0,0.0,2732.0,12964.0,2697597.0,5678342.0,609726.0,1347223.0,0.0,0.0,11965995.0,50405659.0,0.0,0.0
2023-12,INDUSIND BANK,INDUSIND BANK LTD,Private sector,1790.0,1149.0,224142.0,146.0,59254.0,3831702.0,2733139.0,10160388.0,4058463.0,21565086.0,3101680.0,68218030.0,0.0,0.0,26881.0,139832.0,1006723.0,2678872.0,671162.0,3214059.0,1033.0,72860.0,4282083.0,27088691.0,0.0,0.0
2023-12,JAMMU AND KASHMIR BANK,JAMMU AND KASHMIR BANK LTD,Private sector,936.0,627.0,14212.0,942.0,0.0,333142.0,113355.0,4159591.0,187501.0,1433372.0,112145.0,408392.0,0.0,0.0,9332.0,38003.0,1538422.0,3117199.0,1501544.0,989342.0,0.0,0.0,6040274.0,31297462.0,2.0,2.0
2023-12,JANA SMALL FINANCE BANK,JANA SMALL FINANCE BANK LTD,Small finance,59.0,2.0,0.0,157.0,0.0,495354.0,0.0,3088409.0,0.0,0.0,0.0,0.0,0.0,0.0,0.0,0.0,50304.0,99361.0,8342.0,23328.0,0.0,0.0,429129.0,2241350.0,0.0,0.0
2023-12,JIO PAYMENTS BANK,JIO PAYMENTS BANK,Payments bank,0.0,0.0,0.0,0.0,0.0,181.0,0.0,0.0,0.0,0.0,0.0,0.0,0.0,0.0,0.0,0.0,0.0,0.0,0.0,0.0,0.0,0.0,0.0,0.0,0.0,0.0
2023-12,KARNATAKA BANK,KARNATAKA BANK LTD,Private sector,900.0,582.0,9897.0,0.0,0.0,71826.0,0.0,5127764.0,0.0,0.0,0.0,0.0,0.0,0.0,0.0,0.0,912576.0,1721853.0,87377.0,227390.0,0.0,0.0,3872276.0,17935409.0,0.0,0.0
2023-12,KARUR VYSYA BANK,KARUR VYSYA BANK LTD,Private sector,1444.0,807.0,6765.0,0.0,0.0,31878.0,10611.0,4641707.0,28448.0,182163.0,10429.0,134768.0,0.0,0.0,809.0,6242.0,1208957.0,2897599.0,208964.0,809319.0,0.0,1055.0,4505259.0,21728333.0,0.0,0.0
2023-12,KEB HANA BANK,KEB HANA BANK,Foreign,1.0,0.0,0.0,0.0,0.0,0.0,0.0,1331.0,0.0,0.0,0.0,0.0,0.0,0.0,0.0,0.0,967.0,3173.0,87.0,249.0,0.0,0.0,381.0,2697.0,0.0,0.0
2023-12,KOOKMIN BANK,KOOKMIN BANK,Foreign,1.0,0.0,0.0,0.0,0.0,0.0,0.0,236.0,0.0,0.0,0.0,0.0,0.0,0.0,0.0,0.0,491.0,206.0,131.0,429.0,0.0,0.0,183.0,1320.0,0.0,0.0
2023-12,KOTAK MAHINDRA BANK,KOTAK MAHINDRA BANK LTD,Private sector,1724.0,1515.0,77707.0,4407.0,98710.0,512454.0,5790957.0,32424605.0,9323282.0,24865679.0,4845839.0,39891978.0,0.0,0.0,41406.0,185361.0,2992770.0,6808688.0,2190855.0,6502600.0,0.0,0.0,13147856.0,56367090.0,0.0,0.0
2023-12,NAINITAL BANK,NAINITAL BANK LTD,Private sector,0.0,0.0,0.0,0.0,0.0,0.0,0.0,238053.0,0.0,0.0,0.0,0.0,0.0,0.0,0.0,0.0,18980.0,37218.0,7582.0,22732.0,0.0,0.0,78963.0,371760.0,11.0,7.0
2023-12,NORTH EAST SMALL FINANCE BANK,NORTH EAST SMALL FINANCE BANK LTD,Small finance,16.0,1.0,0.0,0.0,0.0,0.0,0.0,409960.0,0.0,0.0,0.0,0.0,0.0,0.0,0.0,0.0,6378.0,8577.0,0.0,0.0,0.0,0.0,48238.0,211657.0,0.0,0.0
2023-12,NSDL PAYMENTS BANK,NSDL PAYMENTS BANK,Payments bank,0.0,0.0,0.0,464258.0,0.0,0.0,0.0,702795.0,0.0,0.0,0.0,0.0,0.0,0.0,0.0,0.0,2618.0,2762.0,32865.0,22784.0,0.0,0.0,16867.0,50922.0,0.0,0.0
2023-12,PAYTM PAYMENTS BANK,PAYTM PAYMENTS BANK,Payments bank,1.0,9.0,708839.0,0.0,0.0,35194250.0,0.0,32303762.0,0.0,0.0,0.0,0.0,0.0,0.0,0.0,0.0,246937.0,353504.0,759112.0,1438594.0,0.0,0.0,1129201.0,4950457.0,0.0,0.0
2023-12,PUNJAB AND SIND BANK,PUNJAB AND SIND BANK,Public sector,913.0,26.0,572.0,201.0,720.0,100403.0,0.0,4078090.0,0.0,0.0,0.0,0.0,0.0,0.0,0.0,0.0,395295.0,948205.0,204492.0,578503.0,0.0,0.0,1549893.0,7426100.0,0.0,0.0
2023-12,PUNJAB NATIONAL BANK,PUNJAB NATIONAL BANK,Public sector,8015.0,4440.0,39757.0,11265.0,660783.0,516691.0,508439.0,40290692.0,653917.0,2785731.0,276119.0,1404062.0,0.0,0.0,8915.0,25623.0,5397806.0,13151538.0,1989486.0,4898491.0,0.0,0.0,27577557.0,138735950.0,0.0,0.0
2023-12,RBL BANK,RBL BANK LTD,Private sector,351.0,37.0,938631.0,0.0,47498.0,109956.0,5036557.0,1439179.0,7430476.0,36184592.0,3303600.0,37044758.0,0.0,0.0,42253.0,157498.0,237489.0,587227.0,110584.0,739156.0,73.0,3500.0,792708.0,3683967.0,0.0,0.0
2023-12,SBM BANK INDIA,SBM BANK INDIA LTD,Foreign,0.0,0.0,0.0,1792.0,0.0,0.0,947391.0,747790.0,333408.0,424112.0,566070.0,817023.0,0.0,0.0,1823.0,5497.0,12404.0,44915.0,13252.0,42226.0,0.0,0.0,165192.0,354247.0,0.0,0.0
2023-12,SHIVALIK SMALL FINANCE BANK,SHIVALIK SMALL FINANCE BANK LTD,Small finance,26.0,0.0,0.0,0.0,0.0,0.0,0.0,82101.0,0.0,0.0,0.0,0.0,0.0,0.0,0.0,0.0,4431.0,10006.0,4215.0,16580.0,0.0,0.0,35076.0,192385.0,0.0,0.0
2023-12,SOUTH INDIAN BANK,SOUTH INDIAN BANK,Private sector,897.0,418.0,16470.0,0.0,5577.0,86931.0,377134.0,3791835.0,837877.0,2905687.0,783782.0,5822220.0,0.0,0.0,0.0,0.0,1363964.0,3098028.0,199199.0,830962.0,0.0,0.0,3135742.0,14858398.0,0.0,0.0
2023-12,STANDARD CHARTERED BANK,STANDARD CHARTERED BANK LTD,Foreign,101.0,64.0,0.0,0.0,0.0,0.0,1029655.0,1092767.0,1380060.0,4525753.0,1361074.0,6620887.0,0.0,0.0,2458.0,15449.0,689567.0,1846674.0,64385.0,416486.0,27.0,504.0,769591.0,3892294.0,0.0,0.0
2023-12,STATE BANK OF INDIA,STATE BANK OF INDIA,Public sector,25416.0,39307.0,1263952.0,53269.0,846720.0,3390743.0,18476875.0,226467390.0,27679358.0,96132679.0,25887240.0,196360264.0,0.0,0.0,130746.0,526635.0,39426006.0,90151571.0,9645350.0,24719077.0,1298.0,17119.0,172964408.0,881588114.0,23979.0,21943.0
2023-12,SURYODAY SMALL FINANCE BANK,SURYODAY SMALL FINANCE BANK LTD,Small finance,0.0,0.0,0.0,67.0,0.0,0.0,0.0,724172.0,0.0,0.0,0.0,0.0,0.0,0.0,0.0,0.0,34352.0,40114.0,722.0,1925.0,0.0,0.0,258766.0,666677.0,0.0,0.0
2023-12,TAMILNAD MERCANTILE BANK,TAMILNAD MERCANTILE BANK LTD,Private sector,493.0,662.0,1975.0,0.0,0.0,118095.0,32587.0,2262563.0,46115.0,198486.0,16901.0,112252.0,0.0,0.0,1917.0,7914.0,367898.0,926196.0,56711.0,145745.0,73.0,247.0,4868298.0,20730797.0,0.0,0.0
2023-12,UCO BANK,UCO BANK,Public sector,2249.0,225.0,11049.0,3568.0,711.0,950128.0,0.0,12840412.0,0.0,0.0,0.0,0.0,0.0,0.0,0.0,0.0,1439720.0,3136905.0,281388.0,799788.0,775.0,13949.0,6837579.0,31256062.0,635.0,598.0
2023-12,UJJIVAN SMALL FINANCE BANK,UJJIVAN SMALL FINANCE BANK LTD,Small finance,573.0,4.0,0.0,0.0,0.0,561225.0,0.0,9856269.0,0.0,0.0,0.0,0.0,0.0,0.0,0.0,0.0,223956.0,392016.0,80121.0,231241.0,0.0,0.0,3050475.0,16607080.0,58.0,55.0
2023-12,UNION BANK OF INDIA,UNION BANK OF INDIA,Public sector,7830.0,2247.0,40128.0,8015.0,225345.0,281527.0,809315.0,54004328.0,752556.0,3124522.0,1134527.0,2853726.0,0.0,0.0,22933.0,118241.0,6160068.0,12938309.0,2781827.0,5935776.0,2984.0,11338.0,46149142.0,142069846.0,8112.0,8473.0
2023-12,UNITY SMALL FINANCE BANK,UNITY SMALL FINANCE BANK LTD,Small finance,231.0,0.0,18.0,0.0,0.0,0.0,0.0,11.0,0.0,0.0,0.0,0.0,0.0,0.0,0.0,0.0,7.0,4.0,4.0,4.0,0.0,0.0,31.0,80.0,0.0,0.0
2023-12,UTKARSH SMALL FINANCE BANK,UTKARSH SMALL FINANCE BANK LTD,Small finance,312.0,7.0,0.0,568.0,0.0,33645.0,137.0,1806260.0,80.0,458.0,35.0,118.0,0.0,0.0,1.0,1.0,36322.0,69655.0,12735.0,28802.0,22.0,341.0,365218.0,1472319.0,0.0,0.0
2023-12,WOORI BANK,WOORI BANK,Foreign,0.0,0.0,0.0,0.0,0.0,0.0,0.0,972.0,0.0,0.0,0.0,0.0,0.0,0.0,0.0,0.0,2985.0,11109.0,1020.0,3307.0,0.0,0.0,876.0,6400.0,0.0,0.0
2023-12,YES BANK,YES BANK LTD,Private sector,1114.0,169.0,74822.0,90550.0,274806.0,170605373.0,1822381.0,5179905.0,3762394.0,10729382.0,1013574.0,11967322.0,0.0,0.0,17883.0,85083.0,799555.0,1940099.0,233336.0,1094211.0,54.0,1271.0,2903242.0,13394867.0,107.0,106.0
