month,bank,bank_name_as_published,bank_group,atms_onsite,atms_offsite,pos_terminals,micro_atms,bharat_qr_codes,upi_qr_codes,credit_cards,debit_cards,credit_pos_n,credit_pos_v,credit_online_n,credit_online_v,credit_other_n,credit_other_v,credit_atm_cash_n,credit_atm_cash_v,debit_pos_n,debit_pos_v,debit_online_n,debit_online_v,debit_other_n,debit_other_v,debit_atm_cash_n,debit_atm_cash_v,debit_pos_cash_n,debit_pos_cash_v
2022-03,AIRTEL PAYMENTS BANK,AIRTEL PAYMENTS BANK,Payments bank,0.0,0.0,0.0,0.0,0.0,3208634.0,0.0,1964142.0,0.0,0.0,0.0,0.0,0.0,0.0,0.0,0.0,0.0,0.0,213807.0,156600.0,0.0,0.0,0.0,0.0,0.0,0.0
2022-03,AMERICAN EXPRESS,AMERICAN EXPRESS,Foreign,0.0,0.0,45455.0,0.0,0.0,0.0,1383221.0,0.0,1018513.0,7369321.0,3595970.0,25400772.0,0.0,0.0,0.0,0.0,0.0,0.0,0.0,0.0,0.0,0.0,0.0,0.0,0.0,0.0
2022-03,AU SMALL FINANCE BANK,AU SMALL FINANCE BANK LIMITED,Small finance,407.0,3.0,0.0,321.0,0.0,487204.0,169470.0,1935173.0,269852.0,1385160.0,197587.0,1881924.0,744.0,364.0,4502.0,28353.0,247593.0,602474.0,184714.0,573932.0,313.0,3427.0,890008.0,5886433.0,30.0,28.0
2022-03,AXIS BANK,AXIS BANK LTD,Private sector,5748.0,11174.0,1010244.0,710.0,347644.0,36594577.0,9034829.0,27747647.0,13841270.0,41222880.0,9407975.0,52642163.0,0.0,0.0,45631.0,185106.0,12387481.0,27686319.0,6319140.0,18441050.0,26208.0,658186.0,22320612.0,137931664.0,0.0,0.0
2022-03,BANDHAN BANK,BANDHAN BANK LTD,Private sector,466.0,5.0,36339.0,0.0,0.0,0.0,0.0,4966096.0,0.0,0.0,0.0,0.0,0.0,0.0,0.0,0.0,592668.0,1405190.0,394699.0,918313.0,0.0,0.0,2658287.0,14003767.0,27811.0,27834.0
2022-03,BANK OF AMERICA,BANK OF AMERICA,Foreign,0.0,0.0,0.0,0.0,0.0,0.0,21756.0,0.0,27052.0,99065.0,12329.0,107630.0,0.0,0.0,0.0,0.0,0.0,0.0,0.0,0.0,0.0,0.0,0.0,0.0,0.0,0.0
2022-03,BANK OF BARODA,BANK OF BARODA,Public sector,8757.0,2730.0,27074.0,35517.0,12378.0,650416.0,1103921.0,74522207.0,1165443.0,3686313.0,1085014.0,4499568.0,0.0,0.0,21838.0,101122.0,8519967.0,15691963.0,4484921.0,7721121.0,0.0,0.0,29706035.0,140457631.0,2163.0,1929.0
2022-03,BANK OF INDIA,BANK OF INDIA,Public sector,2507.0,2751.0,45542.0,10834.0,104.0,353824.0,166751.0,44856938.0,154672.0,508947.0,122496.0,335867.0,0.0,0.0,10184.0,59089.0,5121057.0,8817598.0,3213983.0,4057261.0,0.0,0.0,18870699.0,74143941.0,16653.0,16314.0
2022-03,BANK OF MAHARASHTRA,BANK OF MAHARASHTRA,Public sector,1694.0,434.0,2795.0,0.0,355014.0,433713.0,77677.0,12264810.0,96808.0,407564.0,0.0,0.0,0.0,0.0,1225.0,5728.0,2889361.0,4340817.0,1131118.0,1477836.0,10610.0,128269.0,7541893.0,32295602.0,0.0,0.0
2022-03,BARCLAYS BANK,BARCLAYS BANK PLC,Foreign,0.0,0.0,0.0,0.0,1.0,0.0,0.0,1736.0,0.0,0.0,0.0,0.0,0.0,0.0,0.0,0.0,100.0,907.0,32.0,28.0,0.0,0.0,401.0,3500.0,0.0,0.0
2022-03,CANARA BANK,CANARA BANK,Public sector,8071.0,4139.0,50032.0,8096.0,69.0,1264169.0,927694.0,46459485.0,662053.0,1715137.0,305102.0,965898.0,0.0,0.0,56673.0,284861.0,10233195.0,19323217.0,4791270.0,7906775.0,5255.0,85018.0,32586175.0,148809518.0,2798.0,2468.0
2022-03,CAPITAL SMALL FINANCE BANK,CAPITAL SMALL FINANCE BANK LIMITED,Small finance,161.0,2.0,0.0,0.0,0.0,0.0,0.0,183510.0,0.0,0.0,0.0,0.0,0.0,0.0,0.0,0.0,49955.0,135511.0,20448.0,40847.0,0.0,0.0,129173.0,699054.0,0.0,0.0
2022-03,CATHOLIC SYRIAN BANK,CATHOLIC SYRIAN BANK LTD,Private sector,1110.0,622.0,0.0,1067.0,3835.0,0.0,0.0,804171.0,0.0,0.0,0.0,0.0,0.0,0.0,0.0,0.0,248523.0,408224.0,59475.0,105540.0,8.0,24.0,498802.0,2370433.0,42.0,28.0
2022-03,CENTRAL BANK OF INDIA,CENTRAL BANK OF INDIA,Public sector,2389.0,587.0,3957.0,8015.0,7543.0,175363.0,0.0,30197222.0,0.0,0.0,0.0,0.0,0.0,0.0,0.0,0.0,2618263.0,5511294.0,486339.0,946614.0,0.0,0.0,9716712.0,43780949.0,9887.0,9946.0
2022-03,CITI BANK,CITI BANK,Foreign,47.0,441.0,0.0,0.0,0.0,0.0,2551485.0,1432288.0,6782388.0,18646347.0,6258303.0,25148092.0,0.0,0.0,12658.0,74745.0,1028885.0,2400201.0,1115035.0,3027062.0,0.0,0.0,1006987.0,5649930.0,0.0,0.0
2022-03,CITY UNION BANK,CITY UNION BANK,Private sector,407.0,52.0,7927.0,20366.0,0.0,29912.0,1834.0,2579284.0,1494.0,4334.0,433.0,1626.0,0.0,0.0,8.0,18.0,952999.0,1687005.0,257331.0,409040.0,0.0,0.0,2757082.0,14527321.0,0.0,0.0
2022-03,DBS BANK INDIA,DBS BANK,Foreign,498.0,518.0,1013.0,124.0,0.0,2587.0,1000.0,2125772.0,1479.0,3546.0,634.0,2697.0,0.0,0.0,2.0,3.0,729424.0,993396.0,356248.0,576736.0,568.0,7453.0,1326776.0,5831994.0,50.0,38.0
2022-03,DCB BANK,DCB BANK LTD,Private sector,341.0,8.0,8980.0,0.0,4944.0,0.0,3778.0,854723.0,6334.0,13942.0,3939.0,14687.0,0.0,0.0,205.0,1476.0,273325.0,506682.0,98394.0,349894.0,703.0,25258.0,331189.0,1951475.0,0.0,0.0
2022-03,DEUTSCHE BANK,DEUTSCHE BANK LTD,Foreign,13.0,19.0,0.0,0.0,0.0,7.0,0.0,121093.0,0.0,0.0,0.0,0.0,0.0,0.0,0.0,0.0,61475.0,157090.0,39416.0,97802.0,0.0,0.0,52600.0,303832.0,0.0,0.0
2022-03,DHANALAKSHMI BANK,DHANALAKSHMI BANK LTD,Private sector,214.0,44.0,1472.0,0.0,0.0,18530.0,7134.0,503775.0,16955.0,34980.0,6809.0,18951.0,7.0,34.0,120.0,438.0,246496.0,393790.0,63706.0,105084.0,0.0,0.0,464152.0,2044583.0,0.0,0.0
2022-03,EQUITAS SMALL FINANCE BANK,EQUITAS SMALL FINANCE BANK LIMITED,Small finance,336.0,3.0,13216.0,304.0,22412.0,0.0,0.0,3293094.0,0.0,0.0,0.0,0.0,0.0,0.0,0.0,0.0,278828.0,407816.0,175995.0,468444.0,0.0,0.0,924018.0,3546282.0,0.0,0.0
2022-03,ESAF SMALL FINANCE BANK,ESAF SMALL FINANCE BANK LIMITED,Small finance,384.0,2.0,0.0,697.0,0.0,0.0,0.0,4391126.0,0.0,0.0,0.0,0.0,0.0,0.0,0.0,0.0,305368.0,374818.0,0.0,0.0,0.0,0.0,1241175.0,6406089.0,236.0,158.0
2022-03,FEDERAL BANK,FEDERAL BANK LTD,Private sector,1505.0,380.0,16569.0,0.0,105113.0,3077952.0,134841.0,11129386.0,280863.0,936309.0,381977.0,1532227.0,0.0,0.0,1771.0,9439.0,5243651.0,8564524.0,2268479.0,4444411.0,1903.0,19258.0,9289376.0,45815354.0,297.0,238.0
2022-03,FINCARE SMALL FINANCE BANK,FINCARE SMALL FINANCE BANK LIMITED,Small finance,125.0,0.0,0.0,0.0,0.0,0.0,0.0,3314960.0,0.0,0.0,0.0,0.0,0.0,0.0,0.0,0.0,55974.0,61530.0,9200.0,12302.0,0.0,0.0,686237.0,3393042.0,0.0,0.0
2022-03,FINO PAYMENTS BANK,FINO PAYMENTS BANK,Payments bank,0.0,0.0,0.0,304094.0,0.0,12859.0,0.0,4415157.0,0.0,0.0,0.0,0.0,0.0,0.0,0.0,0.0,205483.0,383496.0,27054.0,22126.0,0.0,0.0,1337527.0,4122139.0,295.0,168.0
2022-03,HDFC BANK,HDFC BANK LTD,Private sector,8703.0,9427.0,1071935.0,3324.0,1244660.0,0.0,16536735.0,43041155.0,29331886.0,108544181.0,27983613.0,176400101.0,0.0,0.0,137659.0,854423.0,23236053.0,52195451.0,16237685.0,40119274.0,600176.0,4278795.0,40385394.0,242976848.0,27684.0,27694.0
2022-03,HONGKONG AND SHANGHAI BKG CORPN,HONGKONG AND SHANGHAI BKG CORPN,Foreign,46.0,28.0,0.0,0.0,0.0,0.0,796103.0,515764.0,613458.0,3579624.0,1155380.0,3986353.0,0.0,0.0,1675.0,13693.0,402555.0,1086459.0,0.0,0.0,0.0,0.0,281463.0,1622205.0,0.0,0.0
2022-03,ICICI BANK,ICICI BANK LTD,Private sector,8402.0,8175.0,944320.0,3693.0,514398.0,3100255.0,12978825.0,36655920.0,19424563.0,69564135.0,23318694.0,137741763.0,0.0,0.0,48760.0,229472.0,17199869.0,40590934.0,7575836.0,24577625.0,26071.0,255784.0,24390197.0,154030785.0,91.0,59.0
2022-03,IDBI BANK,IDBI LTD,Private sector,2221.0,1182.0,25385.0,224.0,4738.0,200147.0,41509.0,13042334.0,68252.0,197504.0,51093.0,177028.0,0.0,0.0,451.0,2447.0,2902263.0,5362691.0,1050806.0,1956517.0,0.0,0.0,7354059.0,36485373.0,532.0,529.0
2022-03,IDFC FIRST BANK,IDFC Bank Limited,Private sector,505.0,214.0,26560.0,11522.0,0.0,38079.0,799219.0,4076204.0,1367730.0,4899090.0,1325904.0,7584241.0,0.0,0.0,11799.0,43601.0,1414101.0,2015650.0,508390.0,1428377.0,0.0,0.0,3103785.0,12878265.0,0.0,0.0
2022-03,INDIA POST PAYMENTS BANK,INDIA POST PAYMENTS BANK,Payments bank,0.0,0.0,0.0,135092.0,0.0,0.0,0.0,4788986.0,0.0,0.0,0.0,0.0,0.0,0.0,0.0,0.0,0.0,0.0,389128.0,240571.0,0.0,0.0,0.0,0.0,0.0,0.0
2022-03,INDIAN BANK,INDIAN BANK,Public sector,4299.0,626.0,14981.0,9322.0,0.0,356603.0,154342.0,26961021.0,129022.0,378093.0,73904.0,237321.0,0.0,0.0,3511.0,22364.0,6087414.0,10556404.0,3068094.0,4255370.0,6422.0,102363.0,21419031.0,99716222.0,32990.0,32410.0
2022-03,INDIAN OVERSEAS BANK,INDIAN OVERSEAS BANK,Public sector,2742.0,613.0,0.0,0.0,0.0,81152.0,74083.0,20508718.0,59749.0,142500.0,26426.0,63550.0,0.0,0.0,867.0,4013.0,3664568.0,6294024.0,1386870.0,2078848.0,0.0,0.0,15137144.0,64870005.0,0.0,0.0
2022-03,INDUSIND BANK,INDUSIND BANK LTD,Private sector,1492.0,1275.0,220160.0,164.0,35908.0,68715.0,1880393.0,6910699.0,2254748.0,10802314.0,2542328.0,45782776.0,0.0,0.0,18246.0,92623.0,1758336.0,3496811.0,1170562.0,3541165.0,1017.0,83631.0,5623319.0,27508948.0,0.0,0.0
2022-03,JAMMU AND KASHMIR BANK,JAMMU AND KASHMIR BANK,Private sector,840.0,613.0,10948.0,945.0,0.0,32064.0,82096.0,3457424.0,145394.0,910885.0,112520.0,287849.0,0.0,0.0,7074.0,27799.0,1236554.0,2919950.0,3462733.0,1602698.0,0.0,0.0,6298900.0,31721953.0,6.0,6.0
2022-03,JANA SMALL FINANCE BANK,JANA SMALL FINANCE BANK LIMITED,Small finance,65.0,2.0,0.0,164.0,0.0,493552.0,0.0,2345835.0,0.0,0.0,0.0,0.0,0.0,0.0,0.0,0.0,66760.0,93390.0,17613.0,33770.0,0.0,0.0,311964.0,1532328.0,0.0,0.0
2022-03,JIO PAYMENTS BANK,JIO PAYMENTS BANK,Payments bank,0.0,0.0,0.0,0.0,0.0,0.0,0.0,0.0,0.0,0.0,0.0,0.0,0.0,0.0,0.0,0.0,0.0,0.0,0.0,0.0,0.0,0.0,0.0,0.0,0.0,0.0
2022-03,KARNATAKA BANK,KARNATAKA BANK LTD,Private sector,819.0,629.0,9312.0,0.0,0.0,28511.0,0.0,5113093.0,0.0,0.0,0.0,0.0,0.0,0.0,0.0,0.0,1892513.0,2748661.0,491340.0,758621.0,0.0,0.0,4554359.0,20083708.0,0.0,0.0
2022-03,KARUR VYSYA BANK,KARUR VYSYA BANK LTD,Private sector,1362.0,861.0,8745.0,0.0,0.0,14391.0,6691.0,4066117.0,15483.0,76128.0,3962.0,40563.0,0.0,0.0,284.0,2104.0,2047824.0,3988487.0,557806.0,1301886.0,11382.0,235965.0,5308872.0,25548661.0,0.0,0.0
2022-03,KOTAK MAHINDRA BANK,KOTAK MAHINDRA BANK LTD,Private sector,1385.0,1314.0,56334.0,5020.0,21849.0,236089.0,3196377.0,23530754.0,3697560.0,11786280.0,3112625.0,16913066.0,0.0,0.0,32856.0,134435.0,5375357.0,9419902.0,4267271.0,9021503.0,0.0,0.0,10389295.0,47795916.0,0.0,0.0
2022-03,NORTH EAST SMALL FINANCE BANK,NORTH EAST SMALL FINANCE BANK LIMITED,Small finance,8.0,1.0,0.0,0.0,0.0,0.0,0.0,303473.0,0.0,0.0,0.0,0.0,0.0,0.0,0.0,0.0,19390.0,26156.0,0.0,0.0,0.0,0.0,49452.0,202993.0,0.0,0.0
2022-03,NSDL PAYMENTS BANK,NSDL PAYMENTS BANK,Payments bank,0.0,0.0,0.0,30397.0,0.0,0.0,0.0,334371.0,0.0,0.0,0.0,0.0,0.0,0.0,0.0,0.0,903.0,864.0,23785.0,11513.0,0.0,0.0,3801.0,15700.0,0.0,0.0
2022-03,PAYTM PAYMENTS BANK,PAYTM PAYMENTS BANK,Payments bank,1.0,70.0,403006.0,0.0,0.0,21585576.0,0.0,36619887.0,0.0,0.0,0.0,0.0,0.0,0.0,0.0,0.0,811299.0,954816.0,1830442.0,2084776.0,0.0,0.0,2669476.0,9729091.0,0.0,0.0
2022-03,PUNJAB AND SIND BANK,PUNJAB AND SIND BANK,Public sector,657.0,19.0,1091.0,357.0,1159.0,8053.0,0.0,3546410.0,0.0,0.0,0.0,0.0,0.0,0.0,0.0,0.0,591821.0,1291991.0,386245.0,785118.0,0.0,0.0,1689903.0,7692798.0,0.0,0.0
2022-03,PUNJAB NATIONAL BANK,PUNJAB NATIONAL BANK,Public sector,8211.0,5143.0,49833.0,11265.0,564726.0,56411.0,327893.0,45957631.0,443277.0,1296879.0,180344.0,576375.0,0.0,0.0,3401.0,11026.0,9324599.0,18895014.0,5918799.0,8948889.0,0.0,0.0,31840380.0,156081568.0,0.0,0.0
2022-03,RATNAKAR BANK,RATNAKAR BANK LIMITED,Private sector,373.0,41.0,749865.0,0.0,970367.0,70519.0,3682603.0,1308583.0,5168256.0,19565031.0,4251459.0,24654000.0,0.0,0.0,33206.0,115606.0,331311.0,617030.0,168385.0,453000.0,165.0,9806.0,638671.0,3209045.0,0.0,0.0
2022-03,SBM BANK INDIA,SBM Bank India,Foreign,6.0,0.0,0.0,165938.0,0.0,0.0,562051.0,52011.0,341577.0,1609613.0,1047799.0,4479465.0,0.0,0.0,108845.0,681013.0,2361.0,6405.0,5323.0,12178.0,0.0,0.0,5486.0,20899.0,0.0,0.0
2022-03,SOUTH INDIAN BANK,SOUTH INDIAN BANK,Private sector,854.0,416.0,11233.0,0.0,4541.0,51846.0,58365.0,3614563.0,170867.0,501675.0,179945.0,765550.0,0.0,0.0,0.0,0.0,1873897.0,3181563.0,499923.0,1064220.0,0.0,0.0,3150110.0,14352249.0,0.0,0.0
2022-03,STANDARD CHARTERED BANK,STANDARD CHARTERED BANK LTD,Foreign,91.0,76.0,0.0,0.0,0.0,0.0,1342023.0,1113075.0,1721399.0,5352945.0,1554924.0,6943037.0,0.0,0.0,3205.0,20576.0,938238.0,2179490.0,735985.0,1315378.0,39.0,838.0,1099928.0,5185318.0,0.0,0.0
2022-03,STATE BANK OF INDIA,STATE BANK OF INDIA,Public sector,26189.0,39350.0,924374.0,49913.0,472784.0,1558576.0,13766861.0,275922932.0,22282182.0,67147844.0,20617840.0,137034098.0,0.0,0.0,92610.0,340034.0,59661111.0,114412092.0,33511927.0,54276184.0,2552.0,28000.0,194459535.0,969705161.0,83123.0,77102.0
2022-03,SURYODAY SMALL FINANCE BANK,SURYODAY SMALL FINANCE BANK LIMITED,Small finance,0.0,0.0,0.0,66.0,0.0,0.0,0.0,413877.0,0.0,0.0,0.0,0.0,0.0,0.0,0.0,0.0,31082.0,32881.0,5881.0,11363.0,0.0,0.0,105825.0,479684.0,0.0,0.0
2022-03,TAMILNAD MERCANTILE BANK,TAMILNAD MERCANTILE BANK LTD,Private sector,476.0,667.0,4792.0,0.0,0.0,0.0,32903.0,2051730.0,42267.0,183284.0,21908.0,98216.0,0.0,0.0,2183.0,8470.0,378819.0,716819.0,140115.0,213850.0,119.0,360.0,5306889.0,21809573.0,0.0,0.0
2022-03,UCO BANK,UCO BANK,Public sector,2095.0,222.0,11223.0,3568.0,1830.0,354332.0,0.0,11300018.0,0.0,0.0,0.0,0.0,0.0,0.0,0.0,0.0,1838490.0,3647946.0,1283322.0,1931029.0,798.0,12974.0,7004324.0,30931578.0,2179.0,2008.0
2022-03,UJJIVAN SMALL FINANCE BANK,UJJIVAN SMALL FINANCE BANK LIMITED,Small finance,489.0,3.0,0.0,0.0,0.0,32968.0,0.0,7188300.0,0.0,0.0,0.0,0.0,0.0,0.0,0.0,0.0,360352.0,520456.0,159786.0,307302.0,0.0,0.0,3139036.0,13975996.0,238.0,236.0
2022-03,UNION BANK OF INDIA,UNION BANK OF INDIA,Public sector,8042.0,3190.0,197533.0,8049.0,5591.0,220221.0,538325.0,47932253.0,438865.0,1307559.0,282726.0,950075.0,0.0,0.0,3485.0,19393.0,10753368.0,18087631.0,7606876.0,10848267.0,2319.0,8569.0,49725391.0,150870681.0,13354.0,13312.0
2022-03,UNITY SMALL FINANCE BANK,UNITY SMALL FINANCE BANK LIMITED,Small finance,0.0,0.0,0.0,0.0,0.0,0.0,0.0,0.0,0.0,0.0,0.0,0.0,0.0,0.0,0.0,0.0,0.0,0.0,0.0,0.0,0.0,0.0,0.0,0.0,0.0,0.0
2022-03,UTKARSH SMALL FINANCE BANK,UTKARSH SMALL FINANCE BANK LIMITED,Small finance,210.0,6.0,0.0,310.0,0.0,4204.0,0.0,1322048.0,0.0,0.0,0.0,0.0,0.0,0.0,0.0,0.0,41658.0,62789.0,14410.0,25286.0,0.0,0.0,443778.0,1544075.0,0.0,0.0
2022-03,YES BANK,YES BANK LTD,Private sector,1031.0,190.0,57897.0,86356.0,270171.0,97831604.0,1184542.0,3606726.0,1391416.0,3890062.0,1095372.0,6029963.0,0.0,0.0,14883.0,64078.0,1312540.0,2443338.0,790594.0,1810231.0,73.0,1085.0,2561370.0,12373376.0,659.0,640.0
2022-04,AIRTEL PAYMENTS BANK,AIRTEL PAYMENTS BANK,Payments bank,0.0,0.0,0.0,0.0,0.0,3295262.0,0.0,1963575.0,0.0,0.0,0.0,0.0,0.0,0.0,0.0,0.0,0.0,0.0,218283.0,142903.0,0.0,0.0,0.0,0.0,0.0,0.0
2022-04,AMERICAN EXPRESS BANKING CORPORATION,AMERICAN EXPRESS BANKING CORPORATION,Foreign,0.0,0.0,46662.0,0.0,0.0,0.0,1375307.0,0.0,1048953.0,7532833.0,3345816.0,23437612.0,0.0,0.0,0.0,0.0,0.0,0.0,0.0,0.0,0.0,0.0,0.0,0.0,0.0,0.0
2022-04,AU SMALL FINANCE BANK,AU SMALL FINANCE BANK LIMITED,Small finance,420.0,3.0,0.0,325.0,0.0,541455.0,189930.0,1992395.0,287959.0,1408915.0,207869.0,1758871.0,1385.0,672.0,4066.0,25140.0,253272.0,629249.0,192053.0,467908.0,336.0,4641.0,875817.0,5822658.0,61.0,55.0
2022-04,AXIS BANK,AXIS BANK LTD,Private sector,5753.0,10848.0,1025313.0,710.0,350059.0,37281037.0,9261251.0,27912443.0,14458273.0,41235128.0,9932531.0,50521392.0,0.0,0.0,49670.0,204333.0,12507188.0,29082291.0,6094942.0,16432756.0,23388.0,581706.0,21689678.0,135340499.0,0.0,0.0
2022-04,BANDHAN BANK,BANDHAN BANK LTD,Private sector,466.0,5.0,36433.0,0.0,0.0,0.0,0.0,5015559.0,0.0,0.0,0.0,0.0,0.0,0.0,0.0,0.0,437660.0,986710.0,523532.0,1276842.0,0.0,0.0,2581746.0,13814181.0,27611.0,27902.0
2022-04,BANK OF AMERICA,BANK OF AMERICA,Foreign,0.0,0.0,0.0,0.0,0.0,0.0,21588.0,0.0,26619.0,109052.0,13355.0,129305.0,0.0,0.0,2.0,20.0,0.0,0.0,0.0,0.0,0.0,0.0,0.0,0.0,0.0,0.0
2022-04,BANK OF BARODA,BANK OF BARODA,Public sector,8751.0,2717.0,26886.0,36110.0,12344.0,675034.0,1194104.0,75272375.0,1333849.0,4264277.0,1222023.0,5024384.0,0.0,0.0,24514.0,110103.0,8437789.0,16176289.0,4282058.0,6772972.0,6.0,17.0,28260178.0,136583411.0,1633.0,1487.0
2022-04,BANK OF INDIA,BANK OF INDIA,Public sector,5238.0,2788.0,45968.0,11047.0,104.0,365669.0,165625.0,44965718.0,151623.0,513668.0,117028.0,304403.0,0.0,0.0,9542.0,54602.0,5057053.0,9142148.0,3035215.0,3588190.0,0.0,0.0,18232108.0,73163841.0,16826.0,16517.0
2022-04,BANK OF MAHARASHTRA,BANK OF MAHARASHTRA,Public sector,1708.0,437.0,2711.0,0.0,355014.0,436252.0,77592.0,12382388.0,93486.0,381074.0,0.0,0.0,0.0,0.0,1025.0,4914.0,3109508.0,4596897.0,1129497.0,1383566.0,10068.0,117930.0,7356797.0,31973557.0,0.0,0.0
2022-04,BARCLAYS BANK,BARCLAYS BANK PLC,Foreign,0.0,0.0,0.0,0.0,1.0,0.0,0.0,1702.0,0.0,0.0,0.0,0.0,0.0,0.0,0.0,0.0,61.0,730.0,39.0,37.0,0.0,0.0,392.0,3565.0,0.0,0.0
2022-04,CANARA BANK,CANARA BANK,Public sector,8074.0,4132.0,50234.0,8906.0,67.0,1255497.0,917871.0,47155319.0,633273.0,1659289.0,287619.0,902959.0,0.0,0.0,52349.0,258618.0,10155094.0,20059942.0,4636386.0,7301707.0,4765.0,78285.0,31552649.0,146298937.0,2576.0,2227.0
2022-04,CAPITAL SMALL FINANCE BANK,CAPITAL SMALL FINANCE BANK LIMITED,Small finance,162.0,2.0,0.0,0.0,0.0,0.0,0.0,185559.0,0.0,0.0,0.0,0.0,0.0,0.0,0.0,0.0,49355.0,122123.0,19172.0,35537.0,0.0,0.0,124289.0,669866.0,0.0,0.0
2022-04,CENTRAL BANK OF INDIA,CENTRAL BANK OF INDIA,Public sector,2389.0,587.0,3946.0,8137.0,7647.0,179790.0,0.0,30407359.0,0.0,0.0,0.0,0.0,0.0,0.0,0.0,0.0,2794644.0,5920474.0,721543.0,1181989.0,0.0,0.0,9262441.0,42612111.0,9384.0,9502.0
2022-04,CITI BANK,CITI BANK,Foreign,47.0,440.0,0.0,0.0,0.0,0.0,2550891.0,1424091.0,6803229.0,19100052.0,6040699.0,23383997.0,0.0,0.0,12124.0,70451.0,1104419.0,2703743.0,1080565.0,2981511.0,0.0,0.0,1030167.0,5892792.0,0.0,0.0
2022-04,CITY UNION BANK,CITY UNION BANK,Private sector,1103.0,613.0,7870.0,21874.0,0.0,30608.0,1790.0,2617303.0,1429.0,4072.0,388.0,971.0,0.0,0.0,11.0,48.0,960150.0,1697165.0,262980.0,364467.0,0.0,0.0,2649269.0,13881118.0,0.0,0.0
2022-04,CSB BANK,CSB BANK LTD,Private sector,415.0,53.0,0.0,1119.0,3937.0,0.0,0.0,809076.0,0.0,0.0,0.0,0.0,0.0,0.0,0.0,0.0,245320.0,427177.0,52317.0,86657.0,12.0,110.0,466429.0,2253751.0,55.0,49.0
2022-04,DBS BANK INDIA,DBS INDIA BANK LTD,Foreign,493.0,518.0,971.0,109.0,0.0,2658.0,4992.0,2115415.0,3137.0,10197.0,1738.0,8791.0,0.0,0.0,34.0,116.0,712923.0,1014706.0,309814.0,484676.0,506.0,7374.0,1265030.0,5619800.0,45.0,37.0
2022-04,DCB BANK,DCB BANK LTD,Private sector,353.0,8.0,9005.0,0.0,5196.0,0.0,3715.0,864615.0,6173.0,15372.0,3691.0,12574.0,0.0,0.0,189.0,1194.0,265208.0,542978.0,93515.0,349977.0,616.0,22627.0,309728.0,1886927.0,0.0,0.0
2022-04,DEUTSCHE BANK,DEUTSCHE BANK LTD,Foreign,13.0,18.0,0.0,0.0,0.0,7.0,0.0,118492.0,0.0,0.0,0.0,0.0,0.0,0.0,0.0,0.0,64840.0,169366.0,36863.0,90349.0,0.0,0.0,51042.0,297106.0,0.0,0.0
2022-04,DHANALAKSHMI BANK,DHANALAKSHMI BANK LTD,Private sector,214.0,44.0,1490.0,0.0,0.0,19543.0,7155.0,509355.0,16919.0,36023.0,6371.0,22078.0,13.0,272.0,125.0,409.0,256361.0,429411.0,61910.0,97317.0,0.0,0.0,456719.0,2042657.0,0.0,0.0
2022-04,EQUITAS SMALL FINANCE BANK,EQUITAS SMALL FINANCE BANK LIMITED,Small finance,336.0,3.0,14497.0,304.0,23135.0,0.0,0.0,3350678.0,0.0,0.0,0.0,0.0,0.0,0.0,0.0,0.0,273583.0,424137.0,149551.0,431882.0,0.0,0.0,926798.0,3496322.0,0.0,0.0
2022-04,ESAF SMALL FINANCE BANK,ESAF SMALL FINANCE BANK LIMITED,Small finance,400.0,3.0,0.0,837.0,0.0,0.0,0.0,4442808.0,0.0,0.0,0.0,0.0,0.0,0.0,0.0,0.0,299931.0,388706.0,0.0,0.0,0.0,0.0,1062883.0,5277841.0,120.0,66.0
2022-04,FEDERAL BANK,FEDERAL BANK LTD,Private sector,1505.0,381.0,15675.0,0.0,105113.0,3140610.0,170251.0,11406240.0,346287.0,1093650.0,426659.0,1615374.0,0.0,0.0,2066.0,9401.0,5336874.0,9373890.0,2120994.0,3766523.0,1836.0,20677.0,9053039.0,45108330.0,321.0,264.0
2022-04,FINCARE SMALL FINANCE BANK,FINCARE SMALL FINANCE BANK LIMITED,Small finance,125.0,0.0,0.0,0.0,0.0,0.0,0.0,3402389.0,0.0,0.0,0.0,0.0,0.0,0.0,0.0,0.0,57576.0,61385.0,8737.0,11579.0,0.0,0.0,627154.0,2921504.0,0.0,0.0
2022-04,FINO PAYMENTS BANK,FINO PAYMENTS BANK,Payments bank,0.0,0.0,0.0,309670.0,0.0,13415.0,0.0,4588989.0,0.0,0.0,0.0,0.0,0.0,0.0,0.0,0.0,206072.0,418116.0,29166.0,21097.0,0.0,0.0,1288913.0,4053652.0,278.0,169.0
2022-04,HDFC BANK,HDFC BANK LTD,Private sector,8900.0,9512.0,1102829.0,3303.0,1259647.0,0.0,16833724.0,43572256.0,29886445.0,119314333.0,26403958.0,171480460.0,0.0,0.0,133207.0,825230.0,25780179.0,60182984.0,17313263.0,39047946.0,547665.0,3833619.0,40172213.0,243348749.0,37019.0,36990.0
2022-04,HSBC,HSBC LTD,Foreign,46.0,28.0,0.0,0.0,0.0,0.0,771007.0,517950.0,633374.0,3311850.0,1076071.0,3815669.0,0.0,0.0,1638.0,14097.0,414671.0,1170013.0,0.0,0.0,0.0,0.0,281381.0,1633717.0,0.0,0.0
2022-04,ICICI BANK,ICICI BANK LTD,Private sector,8403.0,8138.0,966135.0,2720.0,514675.0,3120026.0,13128334.0,36751248.0,19723057.0,67932720.0,23471276.0,139320625.0,0.0,0.0,46319.0,220093.0,17712949.0,42782288.0,7223684.0,21568078.0,18425.0,158242.0,23940500.0,152202383.0,132.0,100.0
2022-04,IDBI BANK,IDBI BANK LTD,Private sector,2222.0,1180.0,22875.0,223.0,5149.0,178776.0,41889.0,12939701.0,72536.0,216061.0,49974.0,168980.0,0.0,0.0,396.0,2147.0,2917433.0,5612595.0,969264.0,1695827.0,0.0,0.0,7089818.0,35476564.0,481.0,490.0
2022-04,IDFC FIRST BANK,IDFC FIRST BANK LTD,Private sector,538.0,217.0,27379.0,11522.0,0.0,38079.0,856394.0,4183935.0,1387038.0,4889460.0,1233117.0,7122441.0,0.0,0.0,11612.0,42028.0,1421423.0,2199060.0,475556.0,1271461.0,0.0,0.0,3069190.0,13038809.0,0.0,0.0
2022-04,INDIA POST PAYMENTS BANK,INDIA POST PAYMENTS BANK,Payments bank,0.0,0.0,0.0,132120.0,0.0,0.0,0.0,5112794.0,0.0,0.0,0.0,0.0,0.0,0.0,0.0,0.0,0.0,0.0,447729.0,247186.0,0.0,0.0,0.0,0.0,0.0,0.0
2022-04,INDIAN BANK,INDIAN BANK,Public sector,4243.0,596.0,14905.0,9657.0,0.0,362545.0,154353.0,27095159.0,130521.0,390560.0,70857.0,217746.0,0.0,0.0,2882.0,18423.0,6090631.0,11066118.0,2917766.0,3853087.0,5916.0,90230.0,20657436.0,97670638.0,34105.0,33520.0
2022-04,INDIAN OVERSEAS BANK,INDIAN OVERSEAS BANK,Public sector,2732.0,624.0,0.0,0.0,0.0,85158.0,74442.0,14617281.0,60881.0,147020.0,26039.0,58288.0,0.0,0.0,756.0,3553.0,3752265.0,6664726.0,1294963.0,1862035.0,0.0,0.0,14720895.0,64039461.0,0.0,0.0
2022-04,INDUSIND BANK,INDUSIND BANK LTD,Private sector,1499.0,1266.0,218935.0,164.0,35950.0,42160.0,1922608.0,7067037.0,2266407.0,10555163.0,2398443.0,41233030.0,0.0,0.0,17751.0,89261.0,1759985.0,3639272.0,1147265.0,3150073.0,1077.0,84399.0,5008947.0,26385222.0,0.0,0.0
2022-04,JAMMU AND KASHMIR BANK,JAMMU AND KASHMIR BANK LTD,Private sector,840.0,614.0,10681.0,945.0,0.0,34066.0,82098.0,3507929.0,124381.0,814568.0,106545.0,249940.0,0.0,0.0,5726.0,23724.0,1194471.0,2915261.0,3811305.0,1575034.0,0.0,0.0,6381892.0,34658843.0,7.0,6.0
2022-04,JANA SMALL FINANCE BANK,JANA SMALL FINANCE BANK LIMITED,Small finance,65.0,2.0,0.0,164.0,0.0,493717.0,0.0,2373395.0,0.0,0.0,0.0,0.0,0.0,0.0,0.0,0.0,66178.0,98204.0,17011.0,29901.0,0.0,0.0,276500.0,1339813.0,0.0,0.0
2022-04,JIO PAYMENTS BANK,JIO PAYMENTS BANK,Payments bank,0.0,0.0,0.0,0.0,0.0,0.0,0.0,0.0,0.0,0.0,0.0,0.0,0.0,0.0,0.0,0.0,0.0,0.0,0.0,0.0,0.0,0.0,0.0,0.0,0.0,0.0
2022-04,KARNATAKA BANK,KARNATAKA BANK LTD,Private sector,825.0,626.0,9382.0,0.0,0.0,30120.0,0.0,5144007.0,0.0,0.0,0.0,0.0,0.0,0.0,0.0,0.0,1862575.0,2820281.0,424515.0,674887.0,0.0,0.0,4316271.0,19085224.0,0.0,0.0
2022-04,KARUR VYSYA BANK,KARUR VYSYA BANK LTD,Private sector,1363.0,856.0,8669.0,0.0,0.0,14532.0,6930.0,4063846.0,18705.0,82484.0,4367.0,38384.0,0.0,0.0,334.0,2365.0,2046250.0,4143802.0,543058.0,1143809.0,10105.0,198919.0,5104165.0,24668707.0,0.0,0.0
2022-04,KOTAK MAHINDRA BANK,KOTAK MAHINDRA BANK LTD,Private sector,1384.0,1319.0,56647.0,5483.0,22653.0,244101.0,3425409.0,23883034.0,3845081.0,11754124.0,3129115.0,16658320.0,0.0,0.0,34216.0,135879.0,5384725.0,9284625.0,4116930.0,7907962.0,0.0,0.0,10389247.0,48266618.0,0.0,0.0
2022-04,NORTH EAST SMALL FINANCE BANK,NORTH EAST SMALL FINANCE BANK LIMITED,Small finance,8.0,1.0,0.0,0.0,0.0,0.0,0.0,306569.0,0.0,0.0,0.0,0.0,0.0,0.0,0.0,0.0,18858.0,24887.0,0.0,0.0,0.0,0.0,49076.0,198884.0,0.0,0.0
2022-04,NSDL PAYMENTS BANK,NSDL PAYMENTS BANK,Payments bank,0.0,0.0,0.0,36061.0,0.0,0.0,0.0,349949.0,0.0,0.0,0.0,0.0,0.0,0.0,0.0,0.0,824.0,893.0,20435.0,9926.0,0.0,0.0,3787.0,16146.0,0.0,0.0
2022-04,PAYTM PAYMENTS BANK,PAYTM PAYMENTS BANK,Payments bank,1.0,66.0,421467.0,0.0,0.0,22126800.0,0.0,36856402.0,0.0,0.0,0.0,0.0,0.0,0.0,0.0,0.0,771840.0,960766.0,1677481.0,1863915.0,0.0,0.0,2196605.0,8177173.0,0.0,0.0
2022-04,PUNJAB AND SIND BANK,PUNJAB AND SIND BANK,Public sector,746.0,23.0,1073.0,357.0,1142.0,12231.0,0.0,3583157.0,0.0,0.0,0.0,0.0,0.0,0.0,0.0,0.0,587980.0,1244782.0,370928.0,720664.0,0.0,0.0,1563517.0,7179654.0,0.0,0.0
2022-04,PUNJAB NATIONAL BANK,PUNJAB NATIONAL BANK,Public sector,8230.0,5115.0,41572.0,11265.0,574425.0,56961.0,328673.0,45677227.0,434360.0,1271483.0,174789.0,529403.0,0.0,0.0,2855.0,9222.0,9509827.0,19275164.0,5553769.0,7996152.0,0.0,0.0,30962021.0,155391471.0,0.0,0.0
2022-04,RBL BANK,RBL BANK LTD,Private sector,374.0,41.0,775381.0,0.0,46974.0,72094.0,3754269.0,1333257.0,5181006.0,19125876.0,4122947.0,22790153.0,0.0,0.0,29171.0,104463.0,331224.0,654496.0,142260.0,372809.0,109.0,3310.0,618060.0,3143916.0,0.0,0.0
2022-04,SBM BANK INDIA,SBM BANK INDIA LTD,Foreign,6.0,0.0,0.0,184760.0,0.0,0.0,704385.0,57693.0,271932.0,1233845.0,931084.0,3547293.0,0.0,0.0,56192.0,356143.0,3079.0,7854.0,7612.0,19173.0,0.0,0.0,5728.0,22593.0,0.0,0.0
2022-04,SOUTH INDIAN BANK,SOUTH INDIAN BANK,Private sector,853.0,416.0,11254.0,0.0,3813.0,53006.0,72601.0,3608776.0,204326.0,607129.0,214582.0,861619.0,0.0,0.0,0.0,0.0,1914294.0,3533780.0,479658.0,956256.0,0.0,0.0,3064788.0,14393980.0,0.0,0.0
2022-04,STANDARD CHARTERED BANK,STANDARD CHARTERED BANK LTD,Foreign,95.0,72.0,0.0,0.0,0.0,0.0,1337531.0,1118569.0,1480380.0,6388892.0,1703868.0,5228991.0,0.0,0.0,2546.0,16899.0,914612.0,2256521.0,687596.0,1155397.0,39.0,746.0,1036772.0,4950159.0,0.0,0.0
2022-04,STATE BANK OF INDIA,STATE BANK OF INDIA,Public sector,26022.0,39304.0,888775.0,50853.0,479407.0,1625080.0,13946540.0,279530049.0,22354744.0,66806257.0,19516716.0,129190603.0,0.0,0.0,88393.0,323842.0,61387054.0,123736453.0,33216767.0,51869671.0,2231.0,24102.0,194268082.0,988277213.0,77085.0,74052.0
2022-04,SURYODAY SMALL FINANCE BANK,SURYODAY SMALL FINANCE BANK LIMITED,Small finance,0.0,0.0,0.0,67.0,0.0,0.0,0.0,426261.0,0.0,0.0,0.0,0.0,0.0,0.0,0.0,0.0,28430.0,32913.0,5318.0,8268.0,0.0,0.0,93063.0,392661.0,0.0,0.0
2022-04,TAMILNAD MERCANTILE BANK,TAMILNAD MERCANTILE BANK LTD,Private sector,476.0,667.0,4659.0,0.0,0.0,0.0,33594.0,2066200.0,42408.0,176266.0,21403.0,90821.0,0.0,0.0,1742.0,6953.0,366456.0,726004.0,100105.0,194497.0,101.0,302.0,5095102.0,21093112.0,0.0,0.0
2022-04,UCO BANK,UCO BANK,Public sector,2087.0,222.0,10697.0,3568.0,1776.0,371136.0,0.0,11370697.0,0.0,0.0,0.0,0.0,0.0,0.0,0.0,0.0,1872340.0,3850761.0,1265799.0,1784847.0,887.0,15864.0,6882152.0,31021589.0,1931.0,1835.0
2022-04,UJJIVAN SMALL FINANCE BANK,UJJIVAN SMALL FINANCE BANK LIMITED,Small finance,489.0,3.0,0.0,0.0,0.0,41480.0,0.0,7252817.0,0.0,0.0,0.0,0.0,0.0,0.0,0.0,0.0,351817.0,520545.0,157434.0,262886.0,0.0,0.0,2964012.0,12979992.0,207.0,206.0
2022-04,UNION BANK OF INDIA,UNION BANK OF INDIA,Public sector,8042.0,3190.0,185931.0,8049.0,5947.0,221922.0,540048.0,48242120.0,524324.0,1619552.0,302360.0,1018837.0,0.0,0.0,6272.0,31388.0,10747107.0,18887610.0,7178161.0,9930736.0,1891.0,7131.0,46990546.0,148153228.0,12866.0,12694.0
2022-04,UNITY SMALL FINANCE BANK,UNITY SMALL FINANCE BANK LIMITED,Small finance,0.0,0.0,0.0,0.0,0.0,0.0,0.0,0.0,0.0,0.0,0.0,0.0,0.0,0.0,0.0,0.0,0.0,0.0,0.0,0.0,0.0,0.0,0.0,0.0,0.0,0.0
2022-04,UTKARSH SMALL FINANCE BANK,UTKARSH SMALL FINANCE BANK LIMITED,Small finance,216.0,6.0,0.0,310.0,0.0,4204.0,0.0,1322048.0,0.0,0.0,0.0,0.0,0.0,0.0,0.0,0.0,41658.0,62789.0,14410.0,25286.0,0.0,0.0,443778.0,1544075.0,0.0,0.0
2022-04,YES BANK,YES BANK LTD,Private sector,1057.0,192.0,59237.0,87701.0,275999.0,104256160.0,1209178.0,3682345.0,1434076.0,4066953.0,1078276.0,5778573.0,0.0,0.0,14510.0,61642.0,1340910.0,2574299.0,740660.0,1599977.0,58.0,931.0,2527716.0,12346224.0,994.0,990.0
2022-05,AIRTEL PAYMENTS BANK,AIRTEL PAYMENTS BANK,Payments bank,0.0,0.0,0.0,0.0,0.0,3430876.0,0.0,1962294.0,0.0,0.0,0.0,0.0,0.0,0.0,0.0,0.0,0.0,0.0,226382.0,157709.0,0.0,0.0,0.0,0.0,0.0,0.0
2022-05,AMERICAN EXPRESS,AMERICAN EXPRESS,Foreign,0.0,0.0,47951.0,0.0,0.0,0.0,1366552.0,0.0,1034325.0,7361017.0,3420823.0,22946533.0,0.0,0.0,0.0,0.0,0.0,0.0,0.0,0.0,0.0,0.0,0.0,0.0,0.0,0.0
2022-05,AU SMALL FINANCE BANK,AU SMALL FINANCE BANK LIMITED,Small finance,424.0,3.0,0.0,330.0,0.0,602791.0,216123.0,2047753.0,335343.0,1655064.0,245029.0,1907136.0,1599.0,776.0,4461.0,28076.0,262413.0,630523.0,205352.0,487450.0,221.0,3641.0,883325.0,5661983.0,117.0,123.0
2022-05,AXIS BANK,AXIS BANK LTD,Private sector,5756.0,10644.0,1052653.0,710.0,338632.0,38677068.0,9475786.0,28233123.0,15584751.0,44919026.0,10598060.0,50803170.0,0.0,0.0,53567.0,218750.0,12635517.0,30044348.0,6055599.0,16429505.0,21748.0,545063.0,21881876.0,132888181.0,0.0,0.0
2022-05,BANDHAN BANK,BANDHAN BANK LTD,Private sector,466.0,5.0,36534.0,0.0,0.0,0.0,0.0,5090313.0,0.0,0.0,0.0,0.0,0.0,0.0,0.0,0.0,605706.0,1415689.0,373822.0,760351.0,0.0,0.0,2578757.0,13192372.0,20399.0,20171.0
2022-05,BANK OF AMERICA,BANK OF AMERICA,Foreign,0.0,0.0,0.0,0.0,0.0,0.0,21417.0,0.0,28869.0,121873.0,13335.0,147003.0,0.0,0.0,1.0,10.0,0.0,0.0,0.0,0.0,0.0,0.0,0.0,0.0,0.0,0.0
2022-05,BANK OF BARODA,BANK OF BARODA,Public sector,8770.0,2718.0,26371.0,36720.0,12318.0,701796.0,1267896.0,75630687.0,1530161.0,4796898.0,1424440.0,6074428.0,0.0,0.0,25723.0,113135.0,8566629.0,16273072.0,4301660.0,6802295.0,3.0,6.0,28999224.0,136210034.0,1989.0,1826.0
2022-05,BANK OF INDIA,BANK OF INDIA,Public sector,5259.0,2808.0,46189.0,11304.0,103.0,386657.0,165929.0,45256890.0,158107.0,527625.0,119527.0,321610.0,0.0,0.0,10239.0,58813.0,5052581.0,9012726.0,3039827.0,3685935.0,0.0,0.0,18534653.0,72441187.0,5579.0,5391.0
2022-05,BANK OF MAHARASHTRA,BANK OF MAHARASHTRA,Public sector,1718.0,436.0,2656.0,0.0,355014.0,503441.0,77291.0,12523886.0,91537.0,377379.0,0.0,0.0,0.0,0.0,819.0,3696.0,2754302.0,4330670.0,1116639.0,1448274.0,9747.0,113944.0,7527984.0,32474887.0,0.0,0.0
2022-05,BARCLAYS BANK,BARCLAYS BANK PLC,Foreign,0.0,0.0,0.0,0.0,1.0,0.0,0.0,1696.0,0.0,0.0,0.0,0.0,0.0,0.0,0.0,0.0,78.0,303.0,12.0,10.0,0.0,0.0,363.0,3296.0,0.0,0.0
2022-05,CANARA BANK,CANARA BANK,Public sector,8062.0,4128.0,49795.0,8906.0,66.0,1305888.0,915470.0,46959288.0,655999.0,1744639.0,300098.0,977785.0,0.0,0.0,53418.0,269623.0,10225689.0,20691394.0,4273410.0,6895825.0,4277.0,70394.0,31688106.0,142676207.0,2136.0,1869.0
2022-05,CAPITAL SMALL FINANCE BANK,CAPITAL SMALL FINANCE BANK LIMITED,Small finance,163.0,2.0,0.0,0.0,0.0,0.0,0.0,188366.0,0.0,0.0,0.0,0.0,0.0,0.0,0.0,0.0,51030.0,121996.0,19719.0,41395.0,0.0,0.0,128969.0,686335.0,0.0,0.0
2022-05,CATHOLIC SYRIAN BANK,CATHOLIC SYRIAN BANK LTD,Private sector,423.0,52.0,0.0,1150.0,4287.0,0.0,0.0,815718.0,0.0,0.0,0.0,0.0,0.0,0.0,0.0,0.0,266779.0,472381.0,55022.0,94336.0,2.0,14.0,481413.0,2280947.0,40.0,22.0
2022-05,CENTRAL BANK OF INDIA,CENTRAL BANK OF INDIA,Public sector,2389.0,587.0,3921.0,8982.0,7727.0,185592.0,0.0,28963920.0,0.0,0.0,0.0,0.0,0.0,0.0,0.0,0.0,2792070.0,5851096.0,757379.0,1199881.0,0.0,0.0,9056496.0,40792043.0,10900.0,10914.0
2022-05,CITI BANK,CITI BANK,Foreign,47.0,442.0,0.0,0.0,0.0,0.0,2550537.0,1343391.0,7259923.0,20067989.0,6177768.0,25162043.0,0.0,0.0,12528.0,72958.0,1036921.0,2590027.0,1056479.0,2923789.0,0.0,0.0,968600.0,5407834.0,0.0,0.0
2022-05,CITY UNION BANK,CITY UNION BANK,Private sector,1108.0,596.0,7774.0,23089.0,0.0,32250.0,1747.0,2613007.0,1559.0,4117.0,403.0,1985.0,0.0,0.0,19.0,43.0,945149.0,1814861.0,214155.0,338642.0,0.0,0.0,2741444.0,14020251.0,0.0,0.0
2022-05,DBS BANK INDIA,DBS BANK,Foreign,482.0,516.0,932.0,98.0,0.0,2775.0,12937.0,2104736.0,13030.0,48719.0,6898.0,53436.0,0.0,0.0,153.0,500.0,714872.0,1043552.0,291572.0,472731.0,451.0,6645.0,1280046.0,5582528.0,74.0,65.0
2022-05,DCB BANK,DCB BANK LTD,Private sector,364.0,8.0,9027.0,0.0,5415.0,0.0,3633.0,874322.0,6366.0,14827.0,3599.0,11933.0,0.0,0.0,143.0,864.0,295629.0,604821.0,88057.0,368388.0,481.0,15266.0,295663.0,1784653.0,0.0,0.0
2022-05,DEUTSCHE BANK,DEUTSCHE BANK LTD,Foreign,13.0,18.0,0.0,0.0,0.0,5.0,0.0,118513.0,0.0,0.0,0.0,0.0,0.0,0.0,0.0,0.0,64006.0,160704.0,34738.0,86217.0,0.0,0.0,50722.0,296937.0,0.0,0.0
2022-05,DHANALAKSHMI BANK,DHANALAKSHMI BANK LTD,Private sector,214.0,44.0,1514.0,0.0,0.0,20357.0,7233.0,513144.0,17941.0,38448.0,6364.0,21406.0,14.0,80.0,117.0,393.0,265080.0,441641.0,57902.0,91656.0,0.0,0.0,455325.0,1982026.0,0.0,0.0
2022-05,EQUITAS SMALL FINANCE BANK,EQUITAS SMALL FINANCE BANK LIMITED,Small finance,336.0,3.0,15483.0,299.0,22809.0,0.0,0.0,3526852.0,0.0,0.0,0.0,0.0,0.0,0.0,0.0,0.0,283150.0,476658.0,173201.0,421777.0,0.0,0.0,992230.0,3508084.0,0.0,0.0
2022-05,ESAF SMALL FINANCE BANK,ESAF SMALL FINANCE BANK LIMITED,Small finance,408.0,3.0,0.0,1013.0,0.0,0.0,0.0,4493019.0,0.0,0.0,0.0,0.0,0.0,0.0,0.0,0.0,315486.0,392823.0,0.0,0.0,0.0,0.0,1094643.0,5270856.0,106.0,64.0
2022-05,FEDERAL BANK,FEDERAL BANK LTD,Private sector,1504.0,353.0,15843.0,0.0,105113.0,3236312.0,205091.0,11871123.0,494647.0,1583242.0,502180.0,2283333.0,0.0,0.0,2330.0,11269.0,5825853.0,9950570.0,2082272.0,4077135.0,1939.0,21155.0,9317813.0,44819841.0,313.0,268.0
2022-05,FINCARE SMALL FINANCE BANK,FINCARE SMALL FINANCE BANK LIMITED,Small finance,125.0,0.0,0.0,0.0,0.0,0.0,0.0,3495704.0,0.0,0.0,0.0,0.0,0.0,0.0,0.0,0.0,52467.0,58680.0,7712.0,10543.0,0.0,0.0,564112.0,2546742.0,0.0,0.0
2022-05,FINO PAYMENTS BANK,FINO PAYMENTS BANK,Payments bank,0.0,0.0,0.0,314868.0,0.0,14807.0,0.0,4791704.0,0.0,0.0,0.0,0.0,0.0,0.0,0.0,0.0,206339.0,381339.0,27257.0,19786.0,0.0,0.0,1467225.0,4505440.0,313.0,187.0
2022-05,HDFC BANK,HDFC BANK LTD,Private sector,8964.0,9558.0,1114459.0,3303.0,1300347.0,0.0,17219010.0,44236727.0,32175588.0,128182454.0,28195486.0,186606868.0,0.0,0.0,156094.0,944796.0,26041856.0,62158439.0,17543203.0,39941483.0,574688.0,4049283.0,40478499.0,239592702.0,46473.0,46525.0
2022-05,HONGKONG AND SHANGHAI BKG CORPN,HONGKONG AND SHANGHAI BKG CORPN,Foreign,46.0,28.0,0.0,0.0,0.0,0.0,760575.0,522803.0,632672.0,3531058.0,1134108.0,3958681.0,0.0,0.0,1764.0,14627.0,404764.0,1116482.0,0.0,0.0,0.0,0.0,270267.0,1548562.0,0.0,0.0
2022-05,ICICI BANK,ICICI BANK LTD,Private sector,8470.0,8074.0,1004716.0,2647.0,515791.0,3142174.0,13340781.0,36983226.0,20702689.0,73993352.0,24975238.0,144592752.0,0.0,0.0,50251.0,243277.0,17610606.0,43837165.0,7031542.0,21585247.0,23777.0,234426.0,23648680.0,146660651.0,130.0,99.0
2022-05,IDBI BANK,IDBI LTD,Private sector,2210.0,1182.0,22943.0,221.0,5574.0,180825.0,41850.0,12779682.0,76399.0,234441.0,52582.0,173173.0,0.0,0.0,456.0,2382.0,2927772.0,5671811.0,953353.0,1685654.0,0.0,0.0,7115499.0,34825306.0,583.0,644.0
2022-05,IDFC FIRST BANK,IDFC Bank Limited,Private sector,574.0,220.0,28546.0,11547.0,0.0,38079.0,887837.0,4309591.0,1488223.0,5213691.0,1261250.0,7440295.0,0.0,0.0,12928.0,46901.0,1461865.0,2327615.0,467803.0,1299269.0,0.0,0.0,3188828.0,13157589.0,0.0,0.0
2022-05,INDIA POST PAYMENTS BANK,INDIA POST PAYMENTS BANK,Payments bank,0.0,0.0,0.0,132120.0,0.0,101001.0,0.0,0.0,0.0,0.0,0.0,0.0,0.0,0.0,0.0,0.0,0.0,0.0,0.0,0.0,0.0,0.0,0.0,0.0,0.0,0.0
2022-05,INDIAN BANK,INDIAN BANK,Public sector,4237.0,592.0,14834.0,9657.0,0.0,368613.0,155411.0,27241274.0,136127.0,423593.0,71747.0,288740.0,0.0,0.0,2391.0,14094.0,6306320.0,11831398.0,2856489.0,3959764.0,5124.0,79656.0,20993891.0,96579081.0,42393.0,41863.0
2022-05,INDIAN OVERSEAS BANK,INDIAN OVERSEAS BANK,Public sector,2731.0,637.0,0.0,0.0,0.0,101867.0,76019.0,14770053.0,63567.0,156609.0,26449.0,62554.0,0.0,0.0,847.0,3961.0,3906927.0,7275091.0,1225514.0,1840134.0,0.0,0.0,15323889.0,64720149.0,0.0,0.0
2022-05,INDUSIND BANK,INDUSIND BANK LTD,Private sector,1510.0,1263.0,235728.0,164.0,35983.0,57411.0,1972365.0,7140280.0,2438142.0,11487644.0,2517320.0,49285370.0,0.0,0.0,19200.0,96381.0,1788880.0,3715271.0,1153156.0,3201633.0,1213.0,67213.0,5079890.0,25362728.0,0.0,0.0
2022-05,JAMMU AND KASHMIR BANK,JAMMU AND KASHMIR BANK,Private sector,840.0,614.0,10928.0,945.0,0.0,36650.0,81550.0,3548259.0,138182.0,851532.0,120102.0,280143.0,0.0,0.0,5553.0,22175.0,1248972.0,2898543.0,3900341.0,1516773.0,0.0,0.0,6282980.0,32525070.0,3.0,2.0
2022-05,JANA SMALL FINANCE BANK,JANA SMALL FINANCE BANK LIMITED,Small finance,65.0,2.0,0.0,164.0,0.0,493817.0,0.0,2406319.0,0.0,0.0,0.0,0.0,0.0,0.0,0.0,0.0,68037.0,101590.0,16645.0,30795.0,0.0,0.0,313309.0,1540665.0,0.0,0.0
2022-05,JIO PAYMENTS BANK,JIO PAYMENTS BANK,Payments bank,0.0,0.0,0.0,0.0,0.0,0.0,0.0,0.0,0.0,0.0,0.0,0.0,0.0,0.0,0.0,0.0,0.0,0.0,0.0,0.0,0.0,0.0,0.0,0.0,0.0,0.0
2022-05,KARNATAKA BANK,KARNATAKA BANK LTD,Private sector,829.0,620.0,9577.0,0.0,0.0,31715.0,0.0,5159931.0,0.0,0.0,0.0,0.0,0.0,0.0,0.0,0.0,1954943.0,2998507.0,446088.0,672518.0,0.0,0.0,4452746.0,19454296.0,0.0,0.0
2022-05,KARUR VYSYA BANK,KARUR VYSYA BANK LTD,Private sector,1369.0,864.0,9285.0,0.0,0.0,14685.0,7430.0,4050405.0,19665.0,100349.0,4624.0,41206.0,0.0,0.0,333.0,2429.0,2056616.0,4311668.0,454599.0,1037288.0,16392.0,219445.0,5233981.0,24544987.0,0.0,0.0
2022-05,KOTAK MAHINDRA BANK,KOTAK MAHINDRA BANK LTD,Private sector,1397.0,1337.0,57375.0,6346.0,24558.0,253073.0,3606571.0,24228289.0,4398971.0,13537860.0,3518928.0,19126242.0,0.0,0.0,39582.0,149094.0,5803817.0,10335202.0,4180390.0,8666647.0,0.0,0.0,10960764.0,49267521.0,0.0,0.0
2022-05,NORTH EAST SMALL FINANCE BANK,NORTH EAST SMALL FINANCE BANK LIMITED,Small finance,8.0,1.0,0.0,0.0,0.0,0.0,0.0,311903.0,0.0,0.0,0.0,0.0,0.0,0.0,0.0,0.0,21163.0,25387.0,0.0,0.0,0.0,0.0,50056.0,185210.0,0.0,0.0
2022-05,NSDL PAYMENTS BANK,NSDL PAYMENTS BANK,Payments bank,0.0,0.0,0.0,84036.0,0.0,0.0,0.0,369029.0,0.0,0.0,0.0,0.0,0.0,0.0,0.0,0.0,811.0,893.0,23215.0,12530.0,0.0,0.0,3877.0,15879.0,0.0,0.0
2022-05,PAYTM PAYMENTS BANK,PAYTM PAYMENTS BANK,Payments bank,1.0,67.0,439894.0,0.0,0.0,22709512.0,0.0,37013451.0,0.0,0.0,0.0,0.0,0.0,0.0,0.0,0.0,748866.0,906827.0,1745974.0,2433192.0,0.0,0.0,2018737.0,7415866.0,0.0,0.0
2022-05,PUNJAB AND SIND BANK,PUNJAB AND SIND BANK,Public sector,777.0,25.0,1067.0,357.0,1145.0,12685.0,0.0,3500716.0,0.0,0.0,0.0,0.0,0.0,0.0,0.0,0.0,572804.0,1178918.0,363912.0,715071.0,0.0,0.0,1565726.0,7030946.0,0.0,0.0
2022-05,PUNJAB NATIONAL BANK,PUNJAB NATIONAL BANK,Public sector,8228.0,5092.0,41793.0,11265.0,581778.0,57413.0,329439.0,45920571.0,444473.0,1289656.0,179652.0,552103.0,0.0,0.0,2803.0,8779.0,9694013.0,18331190.0,6603883.0,8078639.0,0.0,0.0,29125750.0,142207574.0,0.0,0.0
2022-05,RATNAKAR BANK,RATNAKAR BANK LIMITED,Private sector,374.0,41.0,808257.0,0.0,47023.0,73903.0,3827746.0,1356091.0,5463910.0,20480925.0,4467495.0,25394667.0,0.0,0.0,30603.0,110794.0,326687.0,645809.0,150434.0,425565.0,100.0,3820.0,608940.0,3008739.0,0.0,0.0
2022-05,SBM BANK INDIA,SBM Bank India,Foreign,7.0,0.0,0.0,207604.0,0.0,0.0,896538.0,81778.0,338592.0,1306157.0,1110627.0,4116363.0,0.0,0.0,59720.0,381343.0,3728.0,7188.0,9513.0,18325.0,0.0,0.0,6442.0,24457.0,0.0,0.0
2022-05,SOUTH INDIAN BANK,SOUTH INDIAN BANK,Private sector,854.0,418.0,11613.0,0.0,3814.0,55343.0,87173.0,3696135.0,262635.0,801079.0,249052.0,1198075.0,0.0,0.0,0.0,0.0,1997008.0,3658779.0,473716.0,964731.0,0.0,0.0,3116371.0,14102269.0,0.0,0.0
2022-05,STANDARD CHARTERED BANK,STANDARD CHARTERED BANK LTD,Foreign,95.0,72.0,0.0,0.0,0.0,0.0,1328773.0,1121344.0,1812644.0,5531867.0,1510611.0,6553707.0,0.0,0.0,2683.0,18277.0,901177.0,2306436.0,677216.0,1139290.0,30.0,942.0,1020707.0,4763705.0,0.0,0.0
2022-05,STATE BANK OF INDIA,STATE BANK OF INDIA,Public sector,26012.0,39456.0,876707.0,51206.0,482373.0,1694664.0,14148758.0,278381730.0,22132273.0,66135452.0,22076473.0,146218839.0,0.0,0.0,92712.0,341962.0,60782293.0,122830916.0,31798357.0,49812250.0,2377.0,29207.0,194242972.0,961241497.0,71559.0,69487.0
2022-05,SURYODAY SMALL FINANCE BANK,SURYODAY SMALL FINANCE BANK LIMITED,Small finance,0.0,0.0,0.0,67.0,0.0,0.0,0.0,439503.0,0.0,0.0,0.0,0.0,0.0,0.0,0.0,0.0,30343.0,35959.0,4865.0,7701.0,0.0,0.0,97686.0,413193.0,0.0,0.0
2022-05,TAMILNAD MERCANTILE BANK,TAMILNAD MERCANTILE BANK LTD,Private sector,476.0,667.0,4490.0,0.0,0.0,0.0,37405.0,2079096.0,45540.0,199732.0,21968.0,98805.0,0.0,0.0,2132.0,8270.0,484768.0,1037483.0,154454.0,230811.0,124.0,348.0,5453313.0,22096757.0,0.0,0.0
2022-05,UCO BANK,UCO BANK,Public sector,2123.0,222.0,10629.0,3568.0,1721.0,382935.0,0.0,11456060.0,0.0,0.0,0.0,0.0,0.0,0.0,0.0,0.0,1858991.0,3744452.0,1263796.0,1802682.0,852.0,15801.0,6965120.0,30426795.0,1895.0,1800.0
2022-05,UJJIVAN SMALL FINANCE BANK,UJJIVAN SMALL FINANCE BANK LIMITED,Small finance,489.0,3.0,0.0,0.0,0.0,68346.0,0.0,7337224.0,0.0,0.0,0.0,0.0,0.0,0.0,0.0,0.0,359806.0,534007.0,157356.0,263291.0,0.0,0.0,3106716.0,13606616.0,219.0,206.0
2022-05,UNION BANK OF INDIA,UNION BANK OF INDIA,Public sector,8042.0,3190.0,90658.0,8049.0,5417.0,222204.0,545740.0,48623903.0,492938.0,1537324.0,284799.0,992537.0,0.0,0.0,5220.0,26998.0,11022918.0,19448011.0,6997117.0,9998960.0,1515.0,5749.0,48061693.0,149090782.0,13859.0,13821.0
2022-05,UNITY SMALL FINANCE BANK,UNITY SMALL FINANCE BANK LIMITED,Small finance,0.0,0.0,0.0,0.0,0.0,0.0,0.0,0.0,0.0,0.0,0.0,0.0,0.0,0.0,0.0,0.0,0.0,0.0,0.0,0.0,0.0,0.0,392.0,1672.0,0.0,0.0
2022-05,UTKARSH SMALL FINANCE BANK,UTKARSH SMALL FINANCE BANK LIMITED,Small finance,225.0,6.0,0.0,450.0,0.0,5800.0,0.0,1367149.0,0.0,0.0,0.0,0.0,0.0,0.0,0.0,0.0,42456.0,69134.0,13583.0,20162.0,0.0,0.0,535691.0,1687677.0,0.0,0.0
2022-05,YES BANK,YES BANK LTD,Private sector,1060.0,192.0,59033.0,71831.0,281037.0,108912995.0,1238367.0,3769309.0,1550437.0,4400489.0,1178234.0,6586042.0,0.0,0.0,15685.0,66107.0,1381162.0,2625438.0,746849.0,1616086.0,68.0,1452.0,2588958.0,12196161.0,1095.0,1093.0
2022-06,AIRTEL PAYMENTS BANK,AIRTEL PAYMENTS BANK,Payments bank,0.0,0.0,0.0,0.0,0.0,3521867.0,0.0,2069252.0,0.0,0.0,0.0,0.0,0.0,0.0,0.0,0.0,0.0,0.0,217719.0,144191.0,0.0,0.0,0.0,0.0,0.0,0.0
2022-06,AMERICAN EXPRESS BANKING CORPORATION,AMERICAN EXPRESS BANKING CORPORATION,Foreign,0.0,0.0,47445.0,0.0,0.0,0.0,1360776.0,0.0,962033.0,6878349.0,3304815.0,22914080.0,0.0,0.0,0.0,0.0,0.0,0.0,0.0,0.0,0.0,0.0,0.0,0.0,0.0,0.0
2022-06,AU SMALL FINANCE BANK,AU SMALL FINANCE BANK LIMITED,Small finance,434.0,3.0,0.0,337.0,0.0,661110.0,241818.0,2103740.0,371073.0,1902283.0,266830.0,1849425.0,1602.0,831.0,5063.0,31739.0,254369.0,602459.0,212391.0,500092.0,212.0,3887.0,892798.0,5686696.0,250.0,247.0
2022-06,AXIS BANK,AXIS BANK LTD,Private sector,5761.0,10423.0,1069086.0,710.0,338652.0,40363081.0,9704719.0,28729313.0,15714717.0,45625456.0,10724976.0,55332633.0,0.0,0.0,56929.0,236921.0,11872656.0,27350543.0,5675321.0,16612903.0,21117.0,521047.0,21234372.0,128898760.0,0.0,0.0
2022-06,BANDHAN BANK,BANDHAN BANK LTD,Private sector,424.0,5.0,36639.0,0.0,0.0,0.0,0.0,5059874.0,0.0,0.0,0.0,0.0,0.0,0.0,0.0,0.0,556798.0,1262681.0,344015.0,750875.0,0.0,0.0,2509856.0,12869180.0,23640.0,23791.0
2022-06,BANK OF AMERICA,BANK OF AMERICA,Foreign,0.0,0.0,0.0,0.0,0.0,0.0,21274.0,0.0,30132.0,128736.0,13795.0,157313.0,0.0,0.0,2.0,14.0,0.0,0.0,0.0,0.0,0.0,0.0,0.0,0.0,0.0,0.0
2022-06,BANK OF BARODA,BANK OF BARODA,Public sector,8770.0,2705.0,26029.0,37381.0,12269.0,757538.0,1348264.0,75993816.0,1500306.0,4646452.0,1435986.0,6872527.0,0.0,0.0,20818.0,96098.0,7963708.0,14469083.0,4008434.0,6822458.0,5.0,20.0,28282357.0,131390894.0,1696.0,1551.0
2022-06,BANK OF INDIA,BANK OF INDIA,Public sector,5220.0,2753.0,46345.0,11445.0,103.0,409807.0,169240.0,45402570.0,142335.0,479329.0,108444.0,302268.0,0.0,0.0,9220.0,53280.0,4704501.0,8053487.0,2764782.0,3514422.0,0.0,0.0,17838093.0,69266420.0,4374.0,4191.0
2022-06,BANK OF MAHARASHTRA,BANK OF MAHARASHTRA,Public sector,1731.0,434.0,2852.0,0.0,355014.0,557608.0,77017.0,12651775.0,83933.0,349390.0,0.0,0.0,0.0,0.0,940.0,4301.0,2447945.0,3610611.0,1007201.0,1341510.0,9059.0,102256.0,7270841.0,30700377.0,0.0,0.0
2022-06,BARCLAYS BANK,BARCLAYS BANK PLC,Foreign,0.0,0.0,0.0,0.0,1.0,0.0,0.0,1679.0,0.0,0.0,0.0,0.0,0.0,0.0,0.0,0.0,66.0,503.0,19.0,12.0,0.0,0.0,344.0,3180.0,0.0,0.0
2022-06,CANARA BANK,CANARA BANK,Public sector,8071.0,4130.0,49824.0,8906.0,66.0,1426442.0,922700.0,46100836.0,636586.0,1677729.0,292789.0,989770.0,0.0,0.0,55202.0,278672.0,9520319.0,18282218.0,3889247.0,6711685.0,4185.0,69016.0,31153988.0,139532624.0,2007.0,1784.0
2022-06,CAPITAL SMALL FINANCE BANK,CAPITAL SMALL FINANCE BANK LIMITED,Small finance,165.0,2.0,0.0,0.0,0.0,0.0,0.0,190939.0,0.0,0.0,0.0,0.0,0.0,0.0,0.0,0.0,48425.0,117548.0,17386.0,34977.0,0.0,0.0,125668.0,645531.0,0.0,0.0
2022-06,CENTRAL BANK OF INDIA,CENTRAL BANK OF INDIA,Public sector,2418.0,581.0,3424.0,8982.0,7846.0,190305.0,0.0,27038530.0,0.0,0.0,0.0,0.0,0.0,0.0,0.0,0.0,2622310.0,5259062.0,711967.0,1183201.0,0.0,0.0,8646998.0,38229003.0,9881.0,9939.0
2022-06,CITI BANK,CITI BANK,Foreign,47.0,443.0,0.0,0.0,0.0,0.0,2556297.0,1337043.0,7077220.0,18751071.0,5414247.0,23355518.0,0.0,0.0,11494.0,67477.0,978138.0,2367630.0,995668.0,2723972.0,0.0,0.0,903705.0,5012535.0,0.0,0.0
2022-06,CITY UNION BANK,CITY UNION BANK LTD.,Private sector,1114.0,577.0,7682.0,24598.0,0.0,34560.0,1725.0,2621852.0,1415.0,3540.0,374.0,1124.0,0.0,0.0,7.0,33.0,896857.0,1694096.0,184063.0,319827.0,0.0,0.0,2670102.0,14316787.0,0.0,0.0
2022-06,CSB BANK,CSB BANK LTD.,Private sector,435.0,52.0,0.0,1164.0,4646.0,0.0,0.0,822990.0,0.0,0.0,0.0,0.0,0.0,0.0,0.0,0.0,248488.0,429761.0,50082.0,92779.0,16.0,116.0,487267.0,2280586.0,94.0,19.0
2022-06,DBS BANK INDIA,DBS INDIA BANK LTD,Foreign,476.0,506.0,801.0,93.0,0.0,2811.0,22031.0,2060166.0,23322.0,80564.0,12254.0,97226.0,0.0,0.0,221.0,738.0,661703.0,965594.0,267737.0,458302.0,473.0,7038.0,1229837.0,5449374.0,49.0,44.0
2022-06,DCB BANK,DCB BANK LTD,Private sector,365.0,8.0,9041.0,0.0,5688.0,0.0,3530.0,886534.0,6071.0,14482.0,2754.0,10385.0,0.0,0.0,160.0,967.0,300432.0,610004.0,69719.0,328808.0,478.0,15950.0,287559.0,1682655.0,0.0,0.0
2022-06,DEUTSCHE BANK,DEUTSCHE BANK LTD,Foreign,13.0,18.0,0.0,0.0,0.0,7.0,0.0,120095.0,0.0,0.0,0.0,0.0,0.0,0.0,0.0,0.0,62865.0,151225.0,28728.0,78236.0,0.0,0.0,47314.0,265579.0,0.0,0.0
2022-06,DHANALAKSHMI BANK,DHANALAKSHMI BANK LTD,Private sector,214.0,44.0,1521.0,0.0,0.0,21644.0,7471.0,513243.0,17244.0,33828.0,5545.0,18816.0,9.0,145.0,120.0,402.0,249638.0,395859.0,47766.0,85253.0,0.0,0.0,458026.0,1965974.0,0.0,0.0
2022-06,EQUITAS SMALL FINANCE BANK,EQUITAS SMALL FINANCE BANK LIMITED,Small finance,339.0,3.0,16273.0,299.0,24776.0,0.0,0.0,3603362.0,0.0,0.0,0.0,0.0,0.0,0.0,0.0,0.0,282873.0,473928.0,162521.0,400024.0,0.0,0.0,1018000.0,3593084.0,0.0,0.0
2022-06,ESAF SMALL FINANCE BANK,ESAF SMALL FINANCE BANK LIMITED,Small finance,411.0,2.0,0.0,1084.0,0.0,0.0,0.0,4544773.0,0.0,0.0,0.0,0.0,0.0,0.0,0.0,0.0,289716.0,346124.0,0.0,0.0,0.0,0.0,880963.0,3954863.0,73.0,43.0
2022-06,FEDERAL BANK,FEDERAL BANK LTD,Private sector,1509.0,351.0,16090.0,0.0,102143.0,3259467.0,234580.0,12155305.0,511619.0,1619396.0,476811.0,2456157.0,0.0,0.0,2384.0,11784.0,5331384.0,8834368.0,2073852.0,4080286.0,2069.0,21409.0,9134630.0,43754745.0,338.0,288.0
2022-06,FINCARE SMALL FINANCE BANK,FINCARE SMALL FINANCE BANK LIMITED,Small finance,126.0,0.0,0.0,0.0,0.0,0.0,0.0,3563554.0,0.0,0.0,0.0,0.0,0.0,0.0,0.0,0.0,52583.0,55097.0,7974.0,10664.0,0.0,0.0,625285.0,2872914.0,0.0,0.0
2022-06,FINO PAYMENTS BANK,FINO PAYMENTS BANK,Payments bank,0.0,0.0,0.0,320914.0,0.0,14964.0,0.0,4997770.0,0.0,0.0,0.0,0.0,0.0,0.0,0.0,0.0,222472.0,436006.0,29897.0,31843.0,0.0,0.0,1658471.0,5345179.0,275.0,160.0
2022-06,HDFC BANK,HDFC BANK LTD,Private sector,9030.0,9590.0,1306431.0,3318.0,1385589.0,0.0,17605497.0,45013206.0,30307249.0,113608135.0,27077748.0,182174416.0,0.0,0.0,166114.0,979336.0,24352758.0,55451232.0,16604725.0,39021549.0,616836.0,4162125.0,39459953.0,232807132.0,52100.0,52017.0
2022-06,HSBC,HSBC LTD,Foreign,46.0,28.0,0.0,0.0,0.0,0.0,762412.0,523995.0,610907.0,3335532.0,1066791.0,3913693.0,0.0,0.0,1666.0,13312.0,379483.0,1035718.0,0.0,0.0,0.0,0.0,254181.0,1437562.0,0.0,0.0
2022-06,ICICI BANK,ICICI BANK LTD,Private sector,8523.0,7986.0,1032490.0,2560.0,516862.0,3163945.0,13531271.0,36545077.0,20632299.0,72107609.0,22846725.0,144574883.0,0.0,0.0,48685.0,238163.0,16704040.0,40092861.0,6543711.0,21940430.0,26616.0,247219.0,22788522.0,141432693.0,68.0,52.0
2022-06,IDBI BANK,IDBI BANK LTD,Private sector,2210.0,1176.0,22602.0,217.0,5928.0,183022.0,41815.0,12812177.0,70290.0,215929.0,45978.0,159233.0,0.0,0.0,431.0,2047.0,2684224.0,5064008.0,859950.0,1597092.0,0.0,0.0,6838789.0,33210624.0,583.0,644.0
2022-06,IDFC FIRST BANK,IDFC FIRST BANK LTD,Private sector,588.0,219.0,30104.0,11584.0,0.0,38079.0,962792.0,4458810.0,1449506.0,4998430.0,1204519.0,7766493.0,0.0,0.0,12702.0,45385.0,1395658.0,2101444.0,447501.0,1288142.0,0.0,0.0,3107399.0,12988361.0,0.0,0.0
2022-06,INDIA POST PAYMENTS BANK,INDIA POST PAYMENTS BANK,Payments bank,0.0,0.0,0.0,132120.0,0.0,120247.0,0.0,0.0,0.0,0.0,0.0,0.0,0.0,0.0,0.0,0.0,0.0,0.0,0.0,0.0,0.0,0.0,0.0,0.0,0.0,0.0
2022-06,INDIAN BANK,INDIAN BANK,Public sector,4228.0,596.0,14750.0,9657.0,0.0,377986.0,156312.0,27703669.0,125038.0,283483.0,61221.0,283729.0,0.0,0.0,3083.0,19076.0,5896214.0,10750902.0,2728229.0,3959055.0,4788.0,73405.0,20727821.0,95795257.0,45612.0,45087.0
2022-06,INDIAN OVERSEAS BANK,INDIAN OVERSEAS BANK,Public sector,2735.0,646.0,0.0,0.0,0.0,108609.0,77236.0,14886914.0,61667.0,143092.0,23770.0,62948.0,0.0,0.0,821.0,3846.0,3694785.0,6619468.0,1155888.0,1844257.0,0.0,0.0,15392443.0,65472059.0,0.0,0.0
2022-06,INDUSIND BANK,INDUSIND BANK LTD,Private sector,1525.0,1258.0,230746.0,164.0,36052.0,66303.0,2029218.0,7255130.0,2375590.0,10600126.0,2426773.0,44890662.0,0.0,0.0,20117.0,101825.0,1684156.0,3397574.0,1055122.0,3110303.0,1023.0,75399.0,4913978.0,24224698.0,0.0,0.0
2022-06,JAMMU AND KASHMIR BANK,JAMMU AND KASHMIR BANK LTD,Private sector,840.0,617.0,11463.0,945.0,0.0,36761.0,81054.0,3527294.0,121753.0,804716.0,104589.0,269495.0,0.0,0.0,6065.0,23566.0,1094508.0,2567744.0,3094565.0,1410258.0,0.0,0.0,5962858.0,30617541.0,5.0,3.0
2022-06,JANA SMALL FINANCE BANK,JANA SMALL FINANCE BANK LIMITED,Small finance,65.0,2.0,0.0,164.0,0.0,493924.0,0.0,2438818.0,0.0,0.0,0.0,0.0,0.0,0.0,0.0,0.0,62189.0,89059.0,15104.0,29583.0,0.0,0.0,298705.0,1471948.0,0.0,0.0
2022-06,JIO PAYMENTS BANK,JIO PAYMENTS BANK,Payments bank,0.0,0.0,0.0,0.0,0.0,0.0,0.0,0.0,0.0,0.0,0.0,0.0,0.0,0.0,0.0,0.0,0.0,0.0,0.0,0.0,0.0,0.0,0.0,0.0,0.0,0.0
2022-06,KARNATAKA BANK,KARNATAKA BANK LTD,Private sector,832.0,619.0,9724.0,0.0,0.0,35065.0,0.0,5184924.0,0.0,0.0,0.0,0.0,0.0,0.0,0.0,0.0,1889987.0,2668013.0,406645.0,632889.0,0.0,0.0,4466692.0,19261859.0,0.0,0.0
2022-06,KARUR VYSYA BANK,KARUR VYSYA BANK LTD,Private sector,1371.0,866.0,9322.0,0.0,0.0,16398.0,9169.0,4040127.0,19787.0,94939.0,4981.0,44322.0,0.0,0.0,389.0,2731.0,1926506.0,3955187.0,418511.0,1030385.0,10712.0,218659.0,5197306.0,24844440.0,0.0,0.0
2022-06,KOTAK MAHINDRA BANK,KOTAK MAHINDRA BANK LTD,Private sector,1413.0,1342.0,59652.0,6471.0,26947.0,260816.0,3869513.0,24587521.0,4337101.0,13610453.0,3397624.0,19248177.0,0.0,0.0,39626.0,148874.0,5057518.0,8696833.0,3806527.0,8056739.0,0.0,0.0,10181389.0,45810661.0,0.0,0.0
2022-06,NORTH EAST SMALL FINANCE BANK,NORTH EAST SMALL FINANCE BANK LIMITED,Small finance,8.0,1.0,0.0,0.0,0.0,0.0,0.0,317945.0,0.0,0.0,0.0,0.0,0.0,0.0,0.0,0.0,18312.0,21519.0,0.0,0.0,0.0,0.0,48927.0,173924.0,0.0,0.0
2022-06,NSDL PAYMENTS BANK,NSDL PAYMENTS BANK,Payments bank,0.0,0.0,0.0,91000.0,0.0,0.0,0.0,375333.0,0.0,0.0,0.0,0.0,0.0,0.0,0.0,0.0,693.0,657.0,24948.0,13173.0,0.0,0.0,3940.0,15603.0,0.0,0.0
2022-06,PAYTM PAYMENTS BANK,PAYTM PAYMENTS BANK,Payments bank,1.0,65.0,455330.0,0.0,0.0,23289342.0,0.0,37239918.0,0.0,0.0,0.0,0.0,0.0,0.0,0.0,0.0,681101.0,780089.0,1745075.0,1912820.0,0.0,0.0,1971597.0,7281464.0,0.0,0.0
2022-06,PUNJAB AND SIND BANK,PUNJAB AND SIND BANK,Public sector,777.0,25.0,1051.0,357.0,1131.0,13555.0,0.0,3517700.0,0.0,0.0,0.0,0.0,0.0,0.0,0.0,0.0,550715.0,1124005.0,340230.0,709141.0,0.0,0.0,1525194.0,6720562.0,0.0,0.0
2022-06,PUNJAB NATIONAL BANK,PUNJAB NATIONAL BANK,Public sector,8206.0,5013.0,42944.0,11265.0,586124.0,57863.0,330315.0,46296504.0,418321.0,1225916.0,167738.0,547302.0,0.0,0.0,2704.0,8365.0,8690853.0,16735929.0,5428500.0,7925229.0,0.0,0.0,28273299.0,136013584.0,0.0,0.0
2022-06,RBL BANK,RBL BANK LTD,Private sector,376.0,41.0,943093.0,0.0,47114.0,72410.0,3914742.0,1383312.0,5343936.0,19603092.0,4144164.0,24512259.0,0.0,0.0,32776.0,115902.0,315582.0,610519.0,144991.0,399867.0,136.0,6715.0,609959.0,3018010.0,0.0,0.0
2022-06,SBM BANK INDIA,SBM BANK INDIA LTD,Foreign,8.0,0.0,0.0,230651.0,0.0,0.0,1048914.0,112254.0,374874.0,1534764.0,1089788.0,4650711.0,0.0,0.0,61730.0,399816.0,5590.0,10527.0,14985.0,26625.0,0.0,0.0,6063.0,24060.0,0.0,0.0
2022-06,SOUTH INDIAN BANK,SOUTH INDIAN BANK,Private sector,855.0,417.0,11940.0,0.0,4437.0,56841.0,102132.0,3645317.0,277896.0,855279.0,241172.0,1326852.0,0.0,0.0,0.0,0.0,1863522.0,3266937.0,428732.0,976926.0,0.0,0.0,3110432.0,13882975.0,0.0,0.0
2022-06,STANDARD CHARTERED BANK,STANDARD CHARTERED BANK LTD,Foreign,97.0,71.0,0.0,0.0,0.0,0.0,1325750.0,1124313.0,1676090.0,5045067.0,1404270.0,6328385.0,0.0,0.0,3087.0,21310.0,850733.0,2056009.0,597666.0,1084012.0,21.0,458.0,969371.0,4492254.0,0.0,0.0
2022-06,STATE BANK OF INDIA,STATE BANK OF INDIA,Public sector,26022.0,39548.0,953970.0,51544.0,518815.0,1749438.0,14315734.0,274069731.0,23705628.0,68309259.0,18159026.0,120052406.0,0.0,0.0,91727.0,342127.0,57507759.0,110756854.0,29873680.0,47622744.0,2132.0,26272.0,189377980.0,924425254.0,68461.0,67182.0
2022-06,SURYODAY SMALL FINANCE BANK,SURYODAY SMALL FINANCE BANK LIMITED,Small finance,0.0,0.0,0.0,67.0,0.0,0.0,0.0,472353.0,0.0,0.0,0.0,0.0,0.0,0.0,0.0,0.0,26999.0,31868.0,4081.0,7878.0,0.0,0.0,101030.0,434240.0,0.0,0.0
2022-06,TAMILNAD MERCANTILE BANK,TAMILNAD MERCANTILE BANK LTD,Private sector,476.0,668.0,4490.0,0.0,0.0,0.0,40660.0,2089014.0,44698.0,198105.0,21073.0,103363.0,0.0,0.0,2025.0,8111.0,487441.0,1027169.0,140320.0,229582.0,113.0,299.0,5427385.0,22180051.0,0.0,0.0
2022-06,UCO BANK,UCO BANK,Public sector,2144.0,222.0,10331.0,3568.0,1651.0,400905.0,0.0,11542722.0,0.0,0.0,0.0,0.0,0.0,0.0,0.0,0.0,1754992.0,3440800.0,1117238.0,1704471.0,1518.0,22984.0,6845507.0,29728861.0,2972.0,1632.0
2022-06,UJJIVAN SMALL FINANCE BANK,UJJIVAN SMALL FINANCE BANK LIMITED,Small finance,489.0,3.0,0.0,0.0,0.0,92922.0,0.0,7418764.0,0.0,0.0,0.0,0.0,0.0,0.0,0.0,0.0,356884.0,494109.0,154428.0,275034.0,0.0,0.0,3264923.0,14409165.0,171.0,168.0
2022-06,UNION BANK OF INDIA,UNION BANK OF INDIA,Public sector,8042.0,3190.0,49108.0,8032.0,6097.0,231730.0,552143.0,49044522.0,486792.0,1505272.0,266186.0,996496.0,0.0,0.0,6130.0,31151.0,10361312.0,17596074.0,6435536.0,9922865.0,2583.0,9574.0,47443437.0,145769832.0,13513.0,13653.0
2022-06,UNITY SMALL FINANCE BANK,UNITY SMALL FINANCE BANK LIMITED,Small finance,0.0,0.0,0.0,0.0,0.0,0.0,0.0,0.0,0.0,0.0,0.0,0.0,0.0,0.0,0.0,0.0,0.0,0.0,0.0,0.0,0.0,0.0,483.0,1759.0,0.0,0.0
2022-06,UTKARSH SMALL FINANCE BANK,UTKARSH SMALL FINANCE BANK LIMITED,Small finance,231.0,6.0,0.0,450.0,0.0,7572.0,0.0,1392937.0,0.0,0.0,0.0,0.0,0.0,0.0,0.0,0.0,40122.0,61159.0,12566.0,20338.0,0.0,0.0,600256.0,1758299.0,0.0,0.0
2022-06,YES BANK,YES BANK LTD,Private sector,1060.0,192.0,58297.0,91584.0,292441.0,113196471.0,1294496.0,3861792.0,1533286.0,4385331.0,1079647.0,6597158.0,0.0,0.0,16324.0,69267.0,1324133.0,2433549.0,701552.0,1579811.0,51.0,860.0,2552919.0,11933042.0,1058.0,1057.0
2022-07,AIRTEL PAYMENTS BANK,AIRTEL PAYMENTS BANK,Payments bank,0.0,0.0,0.0,0.0,0.0,3682568.0,0.0,2348434.0,0.0,0.0,0.0,0.0,0.0,0.0,0.0,0.0,0.0,0.0,241706.0,180150.0,0.0,0.0,0.0,0.0,0.0,0.0
2022-07,AMERICAN EXPRESS BANKING CORPORATION,AMERICAN EXPRESS BANKING CORPORATION,Foreign,0.0,0.0,47948.0,0.0,0.0,0.0,1356420.0,0.0,1005261.0,7204702.0,3246269.0,22976106.0,0.0,0.0,0.0,0.0,0.0,0.0,0.0,0.0,0.0,0.0,0.0,0.0,0.0,0.0
2022-07,AU SMALL FINANCE BANK,AU SMALL FINANCE BANK LIMITED,Small finance,439.0,3.0,0.0,338.0,0.0,718238.0,274656.0,2158365.0,399701.0,2087335.0,309557.0,2229132.0,1295.0,651.0,5638.0,35496.0,259927.0,607301.0,194402.0,562329.0,237.0,3235.0,908307.0,5646407.0,297.0,295.0
2022-07,AXIS BANK,AXIS BANK LTD,Private sector,5779.0,10399.0,1131376.0,710.0,393450.0,41167353.0,9932333.0,29034253.0,15514532.0,46531244.0,11195923.0,54121094.0,0.0,0.0,56038.0,233338.0,12178597.0,27115688.0,5705569.0,17532250.0,20684.0,511521.0,21492417.0,129879097.0,0.0,0.0
2022-07,BANDHAN BANK,BANDHAN BANK LTD,Private sector,423.0,5.0,36762.0,0.0,0.0,0.0,0.0,5096560.0,0.0,0.0,0.0,0.0,0.0,0.0,0.0,0.0,564058.0,1268999.0,306908.0,756679.0,0.0,0.0,2986361.0,13253269.0,27365.0,27456.0
2022-07,BANK OF AMERICA,BANK OF AMERICA,Foreign,0.0,0.0,0.0,0.0,0.0,0.0,21092.0,0.0,29471.0,125099.0,13528.0,171901.0,0.0,0.0,1.0,10.0,0.0,0.0,0.0,0.0,0.0,0.0,0.0,0.0,0.0,0.0
2022-07,BANK OF BARODA,BANK OF BARODA,Public sector,8760.0,2683.0,25758.0,37816.0,11907.0,802773.0,1416927.0,76491940.0,1595737.0,4965048.0,1591195.0,7782340.0,0.0,0.0,20703.0,95340.0,7928069.0,14477325.0,4041585.0,6982928.0,4.0,7.0,27799590.0,127554009.0,1538.0,1370.0
2022-07,BANK OF INDIA,BANK OF INDIA,Public sector,5161.0,2658.0,46857.0,11956.0,103.0,425143.0,161832.0,45431685.0,140706.0,475263.0,106785.0,314511.0,0.0,0.0,8537.0,48267.0,4755844.0,8048259.0,2760930.0,3697356.0,0.0,0.0,17565150.0,67388711.0,3857.0,3665.0
2022-07,BANK OF MAHARASHTRA,BANK OF MAHARASHTRA,Public sector,1747.0,434.0,2871.0,0.0,355014.0,601845.0,76761.0,12784888.0,79760.0,328789.0,0.0,0.0,0.0,0.0,904.0,4187.0,2377708.0,3483842.0,1062916.0,1492120.0,8809.0,96675.0,7043405.0,29302557.0,0.0,0.0
2022-07,BARCLAYS BANK,BARCLAYS BANK PLC,Foreign,0.0,0.0,0.0,0.0,1.0,0.0,0.0,1645.0,0.0,0.0,0.0,0.0,0.0,0.0,0.0,0.0,50.0,212.0,19.0,14.0,0.0,0.0,395.0,3555.0,0.0,0.0
2022-07,CANARA BANK,CANARA BANK,Public sector,8063.0,4127.0,50362.0,8906.0,66.0,1504456.0,913399.0,46819589.0,669447.0,1750370.0,304917.0,1057839.0,0.0,0.0,56638.0,285988.0,9643828.0,18907587.0,3901673.0,7081912.0,4387.0,67096.0,31285845.0,138755977.0,1877.0,1597.0
2022-07,CAPITAL SMALL FINANCE BANK,CAPITAL SMALL FINANCE BANK LIMITED,Small finance,165.0,2.0,0.0,0.0,0.0,0.0,0.0,193436.0,0.0,0.0,0.0,0.0,0.0,0.0,0.0,0.0,47116.0,108026.0,17721.0,39320.0,0.0,0.0,129232.0,663437.0,0.0,0.0
2022-07,CENTRAL BANK OF INDIA,CENTRAL BANK OF INDIA,Public sector,2414.0,425.0,2588.0,8982.0,8154.0,195055.0,0.0,27305718.0,0.0,0.0,0.0,0.0,0.0,0.0,0.0,0.0,2788601.0,5735354.0,779735.0,1416751.0,0.0,0.0,8623339.0,37431116.0,10238.0,10331.0
2022-07,CITI BANK,CITI BANK,Foreign,47.0,439.0,0.0,0.0,0.0,0.0,2545671.0,1333354.0,6427826.0,17346416.0,5721055.0,24657323.0,0.0,0.0,10881.0,64540.0,972795.0,2416646.0,988675.0,2907840.0,0.0,0.0,873389.0,4901371.0,0.0,0.0
2022-07,CITY UNION BANK,CITY UNION BANK LTD.,Private sector,1114.0,573.0,7260.0,26236.0,0.0,35633.0,1671.0,2623101.0,1508.0,3898.0,335.0,1060.0,0.0,0.0,13.0,48.0,922452.0,1733799.0,187973.0,342150.0,0.0,0.0,2763308.0,14368482.0,0.0,0.0
2022-07,CSB BANK,CSB BANK LTD.,Private sector,446.0,53.0,0.0,1174.0,4934.0,0.0,0.0,833519.0,0.0,0.0,0.0,0.0,0.0,0.0,0.0,0.0,264522.0,448376.0,47562.0,92575.0,2.0,0.0,501979.0,2325569.0,98.0,18.0
2022-07,DBS BANK INDIA,DBS INDIA BANK LTD,Foreign,453.0,515.0,389.0,99.0,0.0,2400.0,34686.0,2038403.0,33022.0,113665.0,22266.0,167808.0,0.0,0.0,305.0,992.0,649780.0,952846.0,262948.0,483033.0,441.0,7276.0,1198505.0,5324917.0,55.0,48.0
2022-07,DCB BANK,DCB BANK LTD,Private sector,372.0,8.0,8983.0,0.0,5976.0,0.0,3469.0,895555.0,5914.0,13843.0,2417.0,11123.0,0.0,0.0,124.0,716.0,282514.0,540238.0,61642.0,200137.0,433.0,14002.0,283769.0,1652874.0,0.0,0.0
2022-07,DEUTSCHE BANK,DEUTSCHE BANK LTD,Foreign,13.0,18.0,0.0,0.0,0.0,6.0,0.0,121353.0,0.0,0.0,0.0,0.0,0.0,0.0,0.0,0.0,66553.0,163657.0,26256.0,77109.0,0.0,0.0,48481.0,275394.0,0.0,0.0
2022-07,DHANALAKSHMI BANK,DHANALAKSHMI BANK LTD,Private sector,216.0,43.0,1547.0,0.0,0.0,22467.0,7645.0,515156.0,18374.0,38377.0,5594.0,18655.0,4.0,54.0,123.0,486.0,260315.0,411897.0,46748.0,86798.0,0.0,0.0,470714.0,2000255.0,0.0,0.0
2022-07,EQUITAS SMALL FINANCE BANK,EQUITAS SMALL FINANCE BANK LIMITED,Small finance,339.0,3.0,19183.0,299.0,26890.0,0.0,0.0,3741667.0,0.0,0.0,0.0,0.0,0.0,0.0,0.0,0.0,285662.0,481989.0,146765.0,415523.0,0.0,0.0,1061583.0,3540172.0,0.0,0.0
2022-07,ESAF SMALL FINANCE BANK,ESAF SMALL FINANCE BANK LIMITED,Small finance,424.0,2.0,0.0,1130.0,0.0,0.0,0.0,4592274.0,0.0,0.0,0.0,0.0,0.0,0.0,0.0,0.0,287288.0,347372.0,0.0,0.0,0.0,0.0,840853.0,3609707.0,81.0,79.0
2022-07,FEDERAL BANK,FEDERAL BANK LTD,Private sector,1511.0,353.0,16175.0,0.0,98818.0,3358314.0,264497.0,12437294.0,595999.0,1914937.0,568934.0,3089047.0,0.0,0.0,2560.0,12532.0,5727724.0,9972839.0,2124085.0,4549081.0,2232.0,25109.0,9418683.0,45123828.0,313.0,266.0
2022-07,FINCARE SMALL FINANCE BANK,FINCARE SMALL FINANCE BANK LIMITED,Small finance,126.0,0.0,0.0,0.0,0.0,0.0,0.0,3631296.0,0.0,0.0,0.0,0.0,0.0,0.0,0.0,0.0,53116.0,58137.0,5810.0,9469.0,0.0,0.0,602486.0,2665298.0,0.0,0.0
2022-07,FINO PAYMENTS BANK,FINO PAYMENTS BANK,Payments bank,0.0,0.0,0.0,327162.0,0.0,15526.0,0.0,4987071.0,0.0,0.0,0.0,0.0,0.0,0.0,0.0,0.0,214322.0,427017.0,25535.0,26543.0,0.0,0.0,1558744.0,4803717.0,203.0,130.0
2022-07,HDFC BANK,HDFC BANK LTD,Private sector,9106.0,9639.0,1343923.0,3318.0,1533482.0,0.0,17949861.0,45803977.0,31106524.0,118646628.0,28419157.0,209802099.0,0.0,0.0,177877.0,1030692.0,25061455.0,58117716.0,17162436.0,47619428.0,575356.0,3337232.0,39947824.0,235441316.0,51583.0,51573.0
2022-07,HSBC,HSBC LTD,Foreign,46.0,28.0,0.0,0.0,0.0,0.0,762067.0,530747.0,664528.0,3621772.0,1055283.0,3878483.0,0.0,0.0,1503.0,11525.0,383322.0,1095029.0,0.0,0.0,0.0,0.0,254073.0,1457471.0,0.0,0.0
2022-07,ICICI BANK,ICICI BANK LTD,Private sector,8611.0,7968.0,1058189.0,2553.0,518525.0,3189402.0,13725493.0,35712273.0,21235622.0,76230296.0,24997303.0,157232089.0,0.0,0.0,47973.0,238797.0,17163013.0,42593665.0,6638948.0,27082859.0,26648.0,252042.0,22897632.0,142661869.0,95.0,64.0
2022-07,IDBI BANK,IDBI BANK LTD,Private sector,2210.0,1178.0,22711.0,216.0,6232.0,185996.0,42508.0,12779200.0,67843.0,204060.0,46345.0,167407.0,0.0,0.0,354.0,1925.0,2657426.0,5004793.0,828357.0,1654088.0,0.0,0.0,6727152.0,32496461.0,500.0,482.0
2022-07,IDFC FIRST BANK,IDFC FIRST BANK LTD,Private sector,593.0,215.0,32032.0,11637.0,0.0,38079.0,1042747.0,4579140.0,1513732.0,5222812.0,1269475.0,8475636.0,0.0,0.0,13663.0,48524.0,1435524.0,2211697.0,450999.0,1492308.0,0.0,0.0,3118291.0,12769301.0,0.0,0.0
2022-07,INDIA POST PAYMENTS BANK,INDIA POST PAYMENTS BANK,Payments bank,0.0,0.0,0.0,171343.0,0.0,0.0,0.0,6116946.0,0.0,0.0,0.0,0.0,0.0,0.0,0.0,0.0,0.0,0.0,557270.0,334071.0,0.0,0.0,0.0,0.0,0.0,0.0
2022-07,INDIAN BANK,INDIAN BANK,Public sector,4239.0,593.0,14871.0,9657.0,0.0,384662.0,157121.0,28168095.0,129222.0,381327.0,69997.0,304786.0,0.0,0.0,3172.0,20220.0,5885682.0,10751459.0,2777357.0,4217591.0,4980.0,74591.0,20607476.0,94473840.0,42372.0,41987.0
2022-07,INDIAN OVERSEAS BANK,INDIAN OVERSEAS BANK,Public sector,2734.0,674.0,0.0,0.0,0.0,112593.0,78878.0,15101912.0,64615.0,156914.0,21577.0,60707.0,0.0,0.0,840.0,3911.0,3764432.0,6702439.0,1121903.0,1880929.0,0.0,0.0,15340800.0,65077877.0,0.0,0.0
2022-07,INDUSIND BANK,INDUSIND BANK LTD,Private sector,1534.0,1256.0,234311.0,164.0,36081.0,65571.0,1822569.0,7412670.0,2428119.0,10579315.0,2634284.0,46249643.0,0.0,0.0,20879.0,105309.0,1680339.0,3441222.0,1035879.0,3129713.0,946.0,56792.0,5487675.0,24751101.0,0.0,0.0
2022-07,JAMMU AND KASHMIR BANK,JAMMU AND KASHMIR BANK LTD,Private sector,842.0,618.0,11574.0,945.0,0.0,37622.0,81101.0,3574096.0,122521.0,762696.0,100480.0,264450.0,0.0,0.0,5749.0,24705.0,1168365.0,2650719.0,3250074.0,1525872.0,0.0,0.0,6030376.0,32100093.0,3.0,1.0
2022-07,JANA SMALL FINANCE BANK,JANA SMALL FINANCE BANK LIMITED,Small finance,60.0,2.0,0.0,164.0,0.0,494034.0,0.0,2472660.0,0.0,0.0,0.0,0.0,0.0,0.0,0.0,0.0,60263.0,90088.0,10810.0,23190.0,0.0,0.0,293315.0,1444265.0,0.0,0.0
2022-07,JIO PAYMENTS BANK,JIO PAYMENTS BANK,Payments bank,0.0,0.0,0.0,0.0,0.0,0.0,0.0,0.0,0.0,0.0,0.0,0.0,0.0,0.0,0.0,0.0,0.0,0.0,0.0,0.0,0.0,0.0,0.0,0.0,0.0,0.0
2022-07,KARNATAKA BANK,KARNATAKA BANK LTD,Private sector,835.0,619.0,9103.0,0.0,0.0,36423.0,0.0,5186059.0,0.0,0.0,0.0,0.0,0.0,0.0,0.0,0.0,1954061.0,2772802.0,398693.0,643225.0,0.0,0.0,4446443.0,18837140.0,0.0,0.0
2022-07,KARUR VYSYA BANK,KARUR VYSYA BANK LTD,Private sector,1376.0,860.0,12216.0,0.0,0.0,18515.0,9680.0,3991619.0,19715.0,105246.0,5541.0,53972.0,0.0,0.0,459.0,3527.0,1975517.0,4055695.0,410368.0,1135651.0,10337.0,206385.0,5175839.0,24526287.0,0.0,0.0
2022-07,KOTAK MAHINDRA BANK,KOTAK MAHINDRA BANK LTD,Private sector,1434.0,1348.0,61547.0,6715.0,28802.0,285595.0,4052093.0,24983429.0,4441587.0,14361017.0,3628302.0,21958721.0,0.0,0.0,39354.0,152583.0,5237184.0,9182085.0,3811352.0,8280606.0,0.0,0.0,10473227.0,46907869.0,0.0,0.0
2022-07,NORTH EAST SMALL FINANCE BANK,NORTH EAST SMALL FINANCE BANK LIMITED,Small finance,8.0,1.0,0.0,0.0,0.0,0.0,0.0,326990.0,0.0,0.0,0.0,0.0,0.0,0.0,0.0,0.0,18464.0,23236.0,0.0,0.0,0.0,0.0,50452.0,188490.0,0.0,0.0
2022-07,NSDL PAYMENTS BANK,NSDL PAYMENTS BANK,Payments bank,0.0,0.0,0.0,102468.0,0.0,0.0,0.0,387176.0,0.0,0.0,0.0,0.0,0.0,0.0,0.0,0.0,751.0,595.0,21852.0,11407.0,0.0,0.0,4201.0,16545.0,0.0,0.0
2022-07,PAYTM PAYMENTS BANK,PAYTM PAYMENTS BANK,Payments bank,1.0,65.0,469429.0,0.0,0.0,23905927.0,0.0,38074943.0,0.0,0.0,0.0,0.0,0.0,0.0,0.0,0.0,654257.0,758452.0,1765013.0,2137781.0,0.0,0.0,1981958.0,7208340.0,0.0,0.0
2022-07,PUNJAB AND SIND BANK,PUNJAB AND SIND BANK,Public sector,776.0,25.0,1055.0,357.0,1139.0,13794.0,0.0,3525744.0,0.0,0.0,0.0,0.0,0.0,0.0,0.0,0.0,553806.0,1111026.0,347351.0,773235.0,0.0,0.0,1569033.0,6905555.0,0.0,0.0
2022-07,PUNJAB NATIONAL BANK,PUNJAB NATIONAL BANK,Public sector,8218.0,4908.0,43978.0,11265.0,601551.0,58560.0,334350.0,46524689.0,429276.0,1311720.0,176772.0,600419.0,0.0,0.0,2825.0,8372.0,8318698.0,16578988.0,5097474.0,8974772.0,0.0,0.0,28850260.0,138239976.0,0.0,0.0
2022-07,RBL BANK,RBL BANK LTD,Private sector,375.0,41.0,1022066.0,0.0,47147.0,62244.0,4005255.0,1404224.0,5500699.0,20506676.0,4230708.0,26244885.0,0.0,0.0,36004.0,120749.0,320132.0,625692.0,148382.0,466512.0,138.0,5680.0,614671.0,3022858.0,0.0,0.0
2022-07,SBM BANK INDIA,SBM BANK INDIA LTD,Foreign,8.0,0.0,0.0,230651.0,0.0,0.0,1275573.0,134661.0,510945.0,2386880.0,1429038.0,7030081.0,0.0,0.0,66276.0,410729.0,7516.0,15775.0,20762.0,42367.0,0.0,0.0,13762.0,54054.0,0.0,0.0
2022-07,SOUTH INDIAN BANK,SOUTH INDIAN BANK,Private sector,856.0,417.0,12296.0,0.0,4794.0,59220.0,115538.0,3668438.0,319340.0,1009014.0,291038.0,1659153.0,0.0,0.0,0.0,0.0,1969550.0,3568325.0,424386.0,1013287.0,0.0,0.0,3172357.0,14184811.0,0.0,0.0
2022-07,STANDARD CHARTERED BANK,STANDARD CHARTERED BANK LTD,Foreign,99.0,73.0,0.0,0.0,0.0,0.0,1321772.0,1166145.0,1617835.0,4840812.0,1381403.0,6461999.0,0.0,0.0,2744.0,18454.0,911279.0,2192402.0,546969.0,1141748.0,35.0,623.0,1001958.0,4676412.0,0.0,0.0
2022-07,STATE BANK OF INDIA,STATE BANK OF INDIA,Public sector,25993.0,39646.0,960482.0,51824.0,523555.0,1798015.0,14534667.0,274637296.0,23252233.0,68104072.0,18555938.0,125573667.0,0.0,0.0,87546.0,329434.0,58908663.0,115134648.0,29102002.0,51503012.0,2035.0,25100.0,192085183.0,932490547.0,67185.0,64510.0
2022-07,SURYODAY SMALL FINANCE BANK,SURYODAY SMALL FINANCE BANK LIMITED,Small finance,0.0,0.0,0.0,67.0,0.0,0.0,0.0,495938.0,0.0,0.0,0.0,0.0,0.0,0.0,0.0,0.0,29337.0,36718.0,2887.0,5856.0,0.0,0.0,101763.0,431464.0,0.0,0.0
2022-07,TAMILNAD MERCANTILE BANK,TAMILNAD MERCANTILE BANK LTD,Private sector,477.0,670.0,4704.0,0.0,0.0,0.0,40991.0,2105557.0,49344.0,215154.0,21653.0,106220.0,0.0,0.0,2225.0,8668.0,486404.0,1001049.0,136359.0,239329.0,123.0,353.0,5299032.0,22071216.0,0.0,0.0
2022-07,UCO BANK,UCO BANK,Public sector,2155.0,221.0,10165.0,3568.0,1598.0,418339.0,0.0,11643639.0,0.0,0.0,0.0,0.0,0.0,0.0,0.0,0.0,1918027.0,3548020.0,1015585.0,1745968.0,1271.0,18339.0,6898167.0,29636149.0,2644.0,1640.0
2022-07,UJJIVAN SMALL FINANCE BANK,UJJIVAN SMALL FINANCE BANK LIMITED,Small finance,490.0,3.0,0.0,0.0,0.0,135451.0,0.0,7504016.0,0.0,0.0,0.0,0.0,0.0,0.0,0.0,0.0,356014.0,489398.0,148929.0,287765.0,0.0,0.0,3190593.0,13745915.0,231.0,211.0
2022-07,UNION BANK OF INDIA,UNION BANK OF INDIA,Public sector,8042.0,3190.0,39115.0,8032.0,8936.0,234203.0,560409.0,49339980.0,486951.0,1500869.0,250338.0,999098.0,0.0,0.0,5948.0,30577.0,10446474.0,17968750.0,6589816.0,10497584.0,2257.0,8204.0,47119469.0,145568984.0,13014.0,13009.0
2022-07,UNITY SMALL FINANCE BANK,UNITY SMALL FINANCE BANK LIMITED,Small finance,231.0,0.0,0.0,0.0,0.0,0.0,0.0,0.0,0.0,0.0,0.0,0.0,0.0,0.0,0.0,0.0,0.0,0.0,0.0,0.0,0.0,0.0,586.0,2123.0,0.0,0.0
2022-07,UTKARSH SMALL FINANCE BANK,UTKARSH SMALL FINANCE BANK LIMITED,Small finance,232.0,7.0,0.0,450.0,0.0,8962.0,0.0,1406809.0,0.0,0.0,0.0,0.0,0.0,0.0,0.0,0.0,42925.0,66079.0,13703.0,21840.0,0.0,0.0,733671.0,2104687.0,0.0,0.0
2022-07,YES BANK,YES BANK LTD,Private sector,1066.0,190.0,57662.0,95630.0,303938.0,117226656.0,1331990.0,3958870.0,1591393.0,4619926.0,1089753.0,7168965.0,0.0,0.0,17207.0,73405.0,1326752.0,2479897.0,685565.0,1648317.0,56.0,1114.0,2608071.0,12127748.0,1128.0,1122.0
2022-08,AIRTEL PAYMENTS BANK,AIRTEL PAYMENTS BANK,Payments bank,0.0,0.0,0.0,0.0,0.0,3896369.0,0.0,2719008.0,0.0,0.0,0.0,0.0,0.0,0.0,0.0,0.0,0.0,0.0,232499.0,197556.0,0.0,0.0,0.0,0.0,0.0,0.0
2022-08,AMERICAN EXPRESS BANKING CORPORATION,AMERICAN EXPRESS BANKING CORPORATION,Foreign,0.0,0.0,48756.0,0.0,0.0,0.0,1353402.0,0.0,966362.0,7054445.0,3218916.0,23895948.0,0.0,0.0,0.0,0.0,0.0,0.0,0.0,0.0,0.0,0.0,0.0,0.0,0.0,0.0
2022-08,AU SMALL FINANCE BANK,AU SMALL FINANCE BANK LIMITED,Small finance,452.0,3.0,0.0,340.0,0.0,771197.0,296930.0,2207838.0,447660.0,2225612.0,398735.0,2601119.0,1180.0,577.0,5745.0,34187.0,256322.0,594293.0,208781.0,552803.0,214.0,4560.0,944678.0,5875171.0,324.0,321.0
2022-08,AXIS BANK,AXIS BANK LTD,Private sector,5783.0,10341.0,1188081.0,847.0,468639.0,43691913.0,8879353.0,28975119.0,17689105.0,50535667.0,11713077.0,52678106.0,0.0,0.0,61270.0,250290.0,11841298.0,26026184.0,5452481.0,16299793.0,20135.0,485374.0,21540284.0,127512745.0,0.0,0.0
2022-08,BANDHAN BANK,BANDHAN BANK LTD,Private sector,423.0,5.0,36878.0,0.0,0.0,0.0,0.0,5200062.0,0.0,0.0,0.0,0.0,0.0,0.0,0.0,0.0,553270.0,1254067.0,273819.0,701250.0,0.0,0.0,2575496.0,12822149.0,22904.0,23027.0
2022-08,BANK OF AMERICA,BANK OF AMERICA,Foreign,0.0,0.0,0.0,0.0,0.0,0.0,19589.0,0.0,26838.0,117216.0,13693.0,185893.0,0.0,0.0,6.0,53.0,0.0,0.0,0.0,0.0,0.0,0.0,0.0,0.0,0.0,0.0
2022-08,BANK OF BARODA,BANK OF BARODA,Public sector,8769.0,2684.0,25570.0,38158.0,11850.0,847136.0,1428072.0,76893503.0,1768815.0,5406645.0,1740382.0,8280837.0,0.0,0.0,20161.0,92700.0,7795514.0,14280029.0,3752514.0,6577447.0,9.0,28.0,28218526.0,127387125.0,1539.0,1423.0
2022-08,BANK OF INDIA,BANK OF INDIA,Public sector,5159.0,2695.0,47271.0,11956.0,103.0,470903.0,150601.0,45494860.0,151042.0,497948.0,104820.0,304069.0,0.0,0.0,8963.0,50043.0,4897791.0,8225723.0,2341569.0,3254500.0,0.0,0.0,17828989.0,67479100.0,3612.0,3431.0
2022-08,BANK OF MAHARASHTRA,BANK OF MAHARASHTRA,Public sector,1771.0,433.0,2963.0,0.0,355014.0,941703.0,76504.0,12915821.0,86079.0,350762.0,0.0,0.0,0.0,0.0,1011.0,4868.0,2343844.0,3501658.0,955955.0,1286687.0,8567.0,94084.0,7224220.0,29786138.0,0.0,0.0
2022-08,BARCLAYS BANK,BARCLAYS BANK PLC,Foreign,0.0,0.0,0.0,0.0,1.0,0.0,0.0,1650.0,0.0,0.0,0.0,0.0,0.0,0.0,0.0,0.0,25.0,248.0,8.0,3.0,0.0,0.0,362.0,3198.0,0.0,0.0
2022-08,CANARA BANK,CANARA BANK,Public sector,8088.0,4107.0,50792.0,8906.0,66.0,1641626.0,527272.0,47715491.0,680723.0,1775319.0,298825.0,1045190.0,0.0,0.0,56629.0,286394.0,9614683.0,19132177.0,3643427.0,6594791.0,4379.0,69357.0,31568115.0,138544861.0,1738.0,1544.0
2022-08,CAPITAL SMALL FINANCE BANK,CAPITAL SMALL FINANCE BANK LIMITED,Small finance,165.0,2.0,0.0,0.0,0.0,0.0,0.0,195956.0,0.0,0.0,0.0,0.0,0.0,0.0,0.0,0.0,47533.0,105227.0,17310.0,36485.0,0.0,0.0,133735.0,683030.0,0.0,0.0
2022-08,CENTRAL BANK OF INDIA,CENTRAL BANK OF INDIA,Public sector,1788.0,342.0,2592.0,8982.0,8448.0,198295.0,0.0,27556286.0,0.0,0.0,0.0,0.0,0.0,0.0,0.0,0.0,2740197.0,5530720.0,758067.0,1367012.0,0.0,0.0,8553106.0,36504729.0,9633.0,9718.0
2022-08,CITI BANK,CITI BANK,Foreign,47.0,438.0,0.0,0.0,0.0,0.0,2561253.0,1331815.0,7770130.0,21286155.0,5206147.0,21726056.0,0.0,0.0,12367.0,72537.0,995684.0,2466310.0,1005905.0,2823867.0,0.0,0.0,929268.0,5155967.0,0.0,0.0
2022-08,CITY UNION BANK,CITY UNION BANK LTD.,Private sector,1120.0,573.0,7199.0,23491.0,0.0,39290.0,1644.0,2622921.0,1611.0,3459.0,306.0,843.0,0.0,0.0,11.0,77.0,938013.0,1814140.0,180523.0,323391.0,0.0,0.0,2762321.0,14292536.0,0.0,0.0
2022-08,CSB BANK,CSB BANK LTD.,Private sector,451.0,53.0,0.0,1180.0,5124.0,0.0,0.0,831219.0,0.0,0.0,0.0,0.0,0.0,0.0,0.0,0.0,265347.0,476079.0,47706.0,89805.0,14.0,120.0,508378.0,2388976.0,87.0,17.0
2022-08,DBS BANK INDIA,DBS INDIA BANK LTD,Foreign,457.0,520.0,454.0,92.0,0.0,2618.0,52882.0,1977414.0,56572.0,185644.0,42323.0,298854.0,0.0,0.0,476.0,1610.0,617754.0,935612.0,257745.0,458512.0,467.0,6716.0,1197579.0,5280992.0,46.0,36.0
2022-08,DCB BANK,DCB BANK LTD,Private sector,373.0,8.0,8925.0,0.0,6188.0,0.0,3382.0,914406.0,5329.0,13046.0,1493.0,5894.0,0.0,0.0,97.0,677.0,289092.0,567334.0,45740.0,158720.0,453.0,17529.0,289527.0,1655084.0,0.0,0.0
2022-08,DEUTSCHE BANK,DEUTSCHE BANK LTD,Foreign,13.0,18.0,0.0,0.0,0.0,7.0,0.0,118747.0,0.0,0.0,0.0,0.0,0.0,0.0,0.0,0.0,71832.0,167464.0,19361.0,64186.0,0.0,0.0,48738.0,274905.0,0.0,0.0
2022-08,DHANALAKSHMI BANK,DHANALAKSHMI BANK LTD,Private sector,217.0,42.0,1423.0,0.0,0.0,23078.0,7760.0,518391.0,20165.0,43558.0,5457.0,17326.0,3.0,53.0,140.0,441.0,273101.0,450084.0,36181.0,75753.0,0.0,0.0,476999.0,2068371.0,0.0,0.0
2022-08,EQUITAS SMALL FINANCE BANK,EQUITAS SMALL FINANCE BANK LIMITED,Small finance,340.0,3.0,19184.0,299.0,29104.0,0.0,0.0,3855299.0,0.0,0.0,0.0,0.0,0.0,0.0,0.0,0.0,284151.0,508861.0,141797.0,410790.0,0.0,0.0,1094633.0,3590968.0,0.0,0.0
2022-08,ESAF SMALL FINANCE BANK,ESAF SMALL FINANCE BANK LIMITED,Small finance,439.0,2.0,0.0,1155.0,0.0,0.0,0.0,4629416.0,0.0,0.0,0.0,0.0,0.0,0.0,0.0,0.0,279742.0,351130.0,0.0,0.0,0.0,0.0,800902.0,3317705.0,77.0,252.0
2022-08,FEDERAL BANK,FEDERAL BANK LTD,Private sector,1518.0,350.0,16271.0,0.0,98818.0,3504116.0,297437.0,12559380.0,689121.0,2135237.0,659639.0,3466844.0,0.0,0.0,3088.0,14068.0,5632127.0,10277721.0,2204953.0,5128947.0,2167.0,25909.0,9299022.0,44811676.0,322.0,279.0
2022-08,FINCARE SMALL FINANCE BANK,FINCARE SMALL FINANCE BANK LIMITED,Small finance,129.0,0.0,0.0,0.0,0.0,0.0,0.0,3714230.0,0.0,0.0,0.0,0.0,0.0,0.0,0.0,0.0,51072.0,56706.0,4301.0,8061.0,0.0,0.0,622349.0,2837474.0,0.0,0.0
2022-08,FINO PAYMENTS BANK,FINO PAYMENTS BANK,Payments bank,0.0,0.0,0.0,333219.0,0.0,15997.0,0.0,5159768.0,0.0,0.0,0.0,0.0,0.0,0.0,0.0,0.0,213137.0,390675.0,22787.0,26214.0,0.0,0.0,1677914.0,4997382.0,262.0,170.0
2022-08,HDFC BANK,HDFC BANK LTD,Private sector,9154.0,9574.0,1378893.0,3890.0,1626320.0,0.0,16428971.0,46582533.0,32595041.0,122873654.0,28606021.0,201431281.0,0.0,0.0,192225.0,1094391.0,24262461.0,56484724.0,16553392.0,43088638.0,551589.0,3156927.0,40628123.0,236110759.0,52806.0,52813.0
2022-08,HSBC,HSBC LTD,Foreign,46.0,28.0,0.0,0.0,0.0,0.0,765095.0,537794.0,611280.0,3744955.0,1110080.0,3791691.0,0.0,0.0,1588.0,12640.0,374794.0,1110612.0,0.0,0.0,0.0,0.0,256722.0,1444673.0,0.0,0.0
2022-08,ICICI BANK,ICICI BANK LTD,Private sector,8640.0,7911.0,1130982.0,2558.0,540483.0,3210875.0,13937013.0,35594187.0,23681939.0,85946750.0,22695833.0,114759020.0,0.0,0.0,51881.0,249882.0,16447131.0,40629267.0,6494338.0,22719151.0,20148.0,195126.0,22826338.0,140744350.0,66.0,51.0
2022-08,IDBI BANK,IDBI BANK LTD,Private sector,2212.0,1182.0,22583.0,213.0,6598.0,188310.0,42743.0,12725526.0,77889.0,234486.0,49836.0,173280.0,0.0,0.0,418.0,2245.0,2605827.0,4937158.0,745658.0,1470744.0,0.0,0.0,6759889.0,32175715.0,462.0,449.0
2022-08,IDFC FIRST BANK,IDFC FIRST BANK LTD,Private sector,586.0,208.0,33260.0,11637.0,0.0,38079.0,1113545.0,4785111.0,1677973.0,5545747.0,1348715.0,8608664.0,0.0,0.0,15718.0,55677.0,1423273.0,2181623.0,435684.0,1458686.0,0.0,0.0,3188443.0,12451992.0,0.0,0.0
2022-08,INDIA POST PAYMENTS BANK,INDIA POST PAYMENTS BANK,Payments bank,0.0,0.0,0.0,171355.0,0.0,120412.0,0.0,6558032.0,0.0,0.0,0.0,0.0,0.0,0.0,0.0,0.0,0.0,0.0,415821.0,282806.0,0.0,0.0,0.0,0.0,0.0,0.0
2022-08,INDIAN BANK,INDIAN BANK,Public sector,4233.0,592.0,14545.0,9759.0,0.0,404911.0,163346.0,28371703.0,132517.0,392800.0,69212.0,315742.0,0.0,0.0,3123.0,18763.0,5912361.0,11008811.0,2685725.0,4123348.0,5048.0,75390.0,20432560.0,92726764.0,42433.0,42013.0
2022-08,INDIAN OVERSEAS BANK,INDIAN OVERSEAS BANK,Public sector,2719.0,693.0,0.0,0.0,0.0,120593.0,80651.0,15263223.0,65761.0,159058.0,22073.0,59982.0,0.0,0.0,905.0,3879.0,3779083.0,6903129.0,1109388.0,1835460.0,0.0,0.0,15085988.0,63229330.0,0.0,0.0
2022-08,INDUSIND BANK,INDUSIND BANK LTD,Private sector,1555.0,1252.0,240416.0,164.0,35496.0,70346.0,1869104.0,7543316.0,2578264.0,10898945.0,2671862.0,36800266.0,0.0,0.0,22860.0,112874.0,1639256.0,3396673.0,982947.0,3029094.0,962.0,55861.0,4986773.0,24759566.0,0.0,0.0
2022-08,JAMMU AND KASHMIR BANK,JAMMU AND KASHMIR BANK LTD,Private sector,848.0,619.0,11580.0,945.0,0.0,44042.0,81315.0,3623676.0,128776.0,811891.0,113216.0,287370.0,0.0,0.0,6229.0,24531.0,1136913.0,2573089.0,3390549.0,1477631.0,0.0,0.0,5921624.0,30019493.0,2.0,2.0
2022-08,JANA SMALL FINANCE BANK,JANA SMALL FINANCE BANK LIMITED,Small finance,59.0,2.0,0.0,164.0,0.0,494158.0,0.0,2507403.0,0.0,0.0,0.0,0.0,0.0,0.0,0.0,0.0,56195.0,85995.0,7225.0,15704.0,0.0,0.0,290127.0,1399959.0,0.0,0.0
2022-08,JIO PAYMENTS BANK,JIO PAYMENTS BANK,Payments bank,0.0,0.0,0.0,0.0,0.0,0.0,0.0,0.0,0.0,0.0,0.0,0.0,0.0,0.0,0.0,0.0,0.0,0.0,0.0,0.0,0.0,0.0,0.0,0.0,0.0,0.0
2022-08,KARNATAKA BANK,KARNATAKA BANK LTD,Private sector,839.0,615.0,9228.0,0.0,0.0,37551.0,0.0,5196347.0,0.0,0.0,0.0,0.0,0.0,0.0,0.0,0.0,1864590.0,2666638.0,336545.0,562606.0,0.0,0.0,4434039.0,18790778.0,0.0,0.0
2022-08,KARUR VYSYA BANK,KARUR VYSYA BANK LTD,Private sector,1377.0,861.0,12265.0,0.0,0.0,19316.0,9934.0,3957336.0,20274.0,117029.0,5984.0,65754.0,0.0,0.0,485.0,3788.0,1986944.0,4098997.0,397820.0,1088506.0,10171.0,218366.0,5081709.0,23951410.0,0.0,0.0
2022-08,KOTAK MAHINDRA BANK,KOTAK MAHINDRA BANK LTD,Private sector,1447.0,1353.0,62724.0,6866.0,30944.0,303792.0,4107595.0,25526683.0,4737029.0,15075331.0,3832617.0,23021367.0,0.0,0.0,42379.0,165863.0,5034956.0,9144963.0,3802259.0,8643114.0,0.0,0.0,10790487.0,47706420.0,0.0,0.0
2022-08,NORTH EAST SMALL FINANCE BANK,NORTH EAST SMALL FINANCE BANK LIMITED,Small finance,8.0,1.0,0.0,0.0,0.0,0.0,0.0,335069.0,0.0,0.0,0.0,0.0,0.0,0.0,0.0,0.0,16770.0,21616.0,0.0,0.0,0.0,0.0,54693.0,206435.0,0.0,0.0
2022-08,NSDL PAYMENTS BANK,NSDL PAYMENTS BANK,Payments bank,0.0,0.0,0.0,106422.0,0.0,0.0,0.0,397854.0,0.0,0.0,0.0,0.0,0.0,0.0,0.0,0.0,806.0,802.0,18305.0,10352.0,0.0,0.0,4380.0,16710.0,0.0,0.0
2022-08,PAYTM PAYMENTS BANK,PAYTM PAYMENTS BANK,Payments bank,1.0,64.0,485578.0,0.0,0.0,24520697.0,0.0,37559643.0,0.0,0.0,0.0,0.0,0.0,0.0,0.0,0.0,670583.0,777513.0,1643497.0,2361831.0,0.0,0.0,1956543.0,7077032.0,0.0,0.0
2022-08,PUNJAB AND SIND BANK,PUNJAB AND SIND BANK,Public sector,777.0,25.0,1059.0,357.0,1145.0,20160.0,0.0,3540893.0,0.0,0.0,0.0,0.0,0.0,0.0,0.0,0.0,552844.0,1127321.0,333136.0,774272.0,0.0,0.0,1640477.0,7152353.0,0.0,0.0
2022-08,PUNJAB NATIONAL BANK,PUNJAB NATIONAL BANK,Public sector,8209.0,4840.0,44856.0,11265.0,608453.0,58560.0,339352.0,45499411.0,470266.0,1416238.0,179524.0,610443.0,0.0,0.0,3968.0,11294.0,7656358.0,15432325.0,4444680.0,7744252.0,0.0,0.0,27416368.0,129767016.0,0.0,0.0
2022-08,RBL BANK,RBL BANK LTD,Private sector,373.0,41.0,1058325.0,0.0,47223.0,65335.0,4044789.0,1432029.0,6038326.0,21665725.0,4076781.0,24870440.0,0.0,0.0,40259.0,132904.0,312464.0,611481.0,143706.0,440062.0,128.0,5777.0,627505.0,3049655.0,0.0,0.0
2022-08,SBM BANK INDIA,SBM BANK INDIA LTD,Foreign,0.0,0.0,0.0,267925.0,0.0,0.0,1222172.0,248119.0,458298.0,2042888.0,1185280.0,5734958.0,0.0,0.0,58942.0,360274.0,10089.0,27027.0,28921.0,77237.0,0.0,0.0,13146.0,49908.0,0.0,0.0
2022-08,SOUTH INDIAN BANK,SOUTH INDIAN BANK,Private sector,856.0,416.0,12837.0,0.0,5111.0,61526.0,128960.0,3646976.0,350957.0,1076770.0,319554.0,1816908.0,0.0,0.0,0.0,0.0,1979183.0,3708493.0,405185.0,1010768.0,0.0,0.0,3208268.0,14419487.0,0.0,0.0
2022-08,STANDARD CHARTERED BANK,STANDARD CHARTERED BANK LTD,Foreign,99.0,74.0,0.0,0.0,0.0,0.0,1319608.0,1167038.0,1880615.0,5597286.0,1404190.0,6437527.0,0.0,0.0,3141.0,21009.0,939559.0,2289916.0,424743.0,895438.0,30.0,532.0,982249.0,4544702.0,0.0,0.0
2022-08,STATE BANK OF INDIA,STATE BANK OF INDIA,Public sector,25721.0,39969.0,965920.0,51926.0,534747.0,1832983.0,14830926.0,277159959.0,24874157.0,73273040.0,19272201.0,122755469.0,0.0,0.0,104690.0,388351.0,57842497.0,113792384.0,27311820.0,48475519.0,1995.0,25212.0,192726592.0,919201109.0,63627.0,56313.0
2022-08,SURYODAY SMALL FINANCE BANK,SURYODAY SMALL FINANCE BANK LIMITED,Small finance,0.0,0.0,0.0,67.0,0.0,0.0,0.0,501612.0,0.0,0.0,0.0,0.0,0.0,0.0,0.0,0.0,12089.0,15353.0,924.0,2392.0,0.0,0.0,45741.0,199288.0,0.0,0.0
2022-08,TAMILNAD MERCANTILE BANK,TAMILNAD MERCANTILE BANK LTD,Private sector,477.0,670.0,4607.0,0.0,0.0,0.0,40979.0,2105582.0,50184.0,212433.0,21084.0,106147.0,0.0,0.0,2258.0,8608.0,497077.0,1088680.0,134404.0,225928.0,125.0,356.0,5257855.0,21693087.0,0.0,0.0
2022-08,UCO BANK,UCO BANK,Public sector,2164.0,219.0,10205.0,3568.0,1596.0,437419.0,0.0,11753993.0,0.0,0.0,0.0,0.0,0.0,0.0,0.0,0.0,2018089.0,3742247.0,818529.0,1451451.0,1155.0,16200.0,6979613.0,29613880.0,2437.0,1592.0
2022-08,UJJIVAN SMALL FINANCE BANK,UJJIVAN SMALL FINANCE BANK LIMITED,Small finance,494.0,3.0,0.0,0.0,0.0,155878.0,0.0,7680056.0,0.0,0.0,0.0,0.0,0.0,0.0,0.0,0.0,342867.0,489538.0,145031.0,285361.0,0.0,0.0,3264678.0,13979343.0,235.0,214.0
2022-08,UNION BANK OF INDIA,UNION BANK OF INDIA,Public sector,8042.0,3190.0,42695.0,8032.0,15977.0,234546.0,563047.0,49647373.0,506381.0,1560303.0,265760.0,1014020.0,0.0,0.0,6277.0,31481.0,10277219.0,17543981.0,6236821.0,10004857.0,3302.0,12534.0,45680096.0,144289771.0,12354.0,12224.0
2022-08,UNITY SMALL FINANCE BANK,UNITY SMALL FINANCE BANK LIMITED,Small finance,231.0,0.0,0.0,0.0,0.0,0.0,0.0,0.0,0.0,0.0,0.0,0.0,0.0,0.0,0.0,0.0,0.0,0.0,0.0,0.0,0.0,0.0,597.0,2170.0,0.0,0.0
2022-08,UTKARSH SMALL FINANCE BANK,UTKARSH SMALL FINANCE BANK LIMITED,Small finance,234.0,7.0,0.0,450.0,0.0,10005.0,0.0,1422606.0,0.0,0.0,0.0,0.0,0.0,0.0,0.0,0.0,42406.0,67055.0,11711.0,19281.0,0.0,0.0,849464.0,2351241.0,0.0,0.0
2022-08,YES BANK,YES BANK LTD,Private sector,1067.0,189.0,58617.0,84421.0,311655.0,120760703.0,1246243.0,4046276.0,1758113.0,5155612.0,1074701.0,6975968.0,0.0,0.0,18930.0,79895.0,1286833.0,2454512.0,670589.0,1584328.0,53.0,837.0,2698231.0,12492821.0,1184.0,1178.0
2022-09,AIRTEL PAYMENTS BANK,AIRTEL PAYMENTS BANK,Payments bank,0.0,0.0,0.0,0.0,0.0,4049033.0,0.0,2976036.0,0.0,0.0,0.0,0.0,0.0,0.0,0.0,0.0,0.0,0.0,246598.0,186781.0,0.0,0.0,0.0,0.0,0.0,0.0
2022-09,AMERICAN EXPRESS BANKING CORPORATION,AMERICAN EXPRESS BANKING CORPORATION,Foreign,0.0,0.0,49461.0,0.0,0.0,0.0,1299223.0,0.0,899315.0,6809527.0,3229875.0,24610542.0,0.0,0.0,0.0,0.0,0.0,0.0,0.0,0.0,0.0,0.0,0.0,0.0,0.0,0.0
2022-09,AU SMALL FINANCE BANK,AU SMALL FINANCE BANK LIMITED,Small finance,457.0,3.0,0.0,341.0,0.0,814950.0,317125.0,2259742.0,463380.0,2429179.0,440921.0,2859173.0,1405.0,684.0,5780.0,34867.0,248468.0,584183.0,211895.0,591357.0,281.0,3665.0,942672.0,5931583.0,325.0,327.0
2022-09,AXIS BANK,AXIS BANK LTD,Private sector,5799.0,10209.0,1249672.0,847.0,512803.0,45483322.0,8824819.0,28744562.0,17845190.0,54193912.0,13846422.0,73688805.0,0.0,0.0,54285.0,213893.0,10392648.0,23483734.0,5401291.0,19907248.0,20618.0,505016.0,20746208.0,125440654.0,0.0,0.0
2022-09,BANDHAN BANK,BANDHAN BANK LTD,Private sector,427.0,5.0,36984.0,0.0,0.0,0.0,0.0,5173422.0,0.0,0.0,0.0,0.0,0.0,0.0,0.0,0.0,602190.0,1372925.0,288895.0,725785.0,0.0,0.0,2669788.0,13551248.0,24014.0,24168.0
2022-09,BANK OF AMERICA,BANK OF AMERICA,Foreign,0.0,0.0,0.0,0.0,0.0,0.0,17930.0,0.0,22289.0,110279.0,12710.0,176773.0,0.0,0.0,0.0,0.0,0.0,0.0,0.0,0.0,0.0,0.0,0.0,0.0,0.0,0.0
2022-09,BANK OF BARODA,BANK OF BARODA,Public sector,8777.0,2684.0,25558.0,38968.0,11798.0,889692.0,1502964.0,77708499.0,1753063.0,5523126.0,1806990.0,8788232.0,0.0,0.0,17823.0,83563.0,7296348.0,13449405.0,3594070.0,6470477.0,8.0,23.0,26960216.0,123238948.0,1251.0,1092.0
2022-09,BANK OF INDIA,BANK OF INDIA,Public sector,5274.0,2798.0,47196.0,14770.0,103.0,491276.0,138964.0,45593205.0,134113.0,470464.0,95147.0,301709.0,0.0,0.0,9256.0,52755.0,4526379.0,7582856.0,2081878.0,3049357.0,0.0,0.0,16619343.0,63682129.0,3476.0,3343.0
2022-09,BANK OF MAHARASHTRA,BANK OF MAHARASHTRA,Public sector,1786.0,434.0,2908.0,3341.0,355014.0,1013533.0,78338.0,13037906.0,56819.0,219881.0,24300.0,122001.0,0.0,0.0,991.0,4770.0,2163077.0,3111361.0,880943.0,1249054.0,8096.0,86690.0,6793088.0,27858679.0,0.0,0.0
2022-09,BARCLAYS BANK,BARCLAYS BANK PLC,Foreign,0.0,0.0,0.0,0.0,1.0,0.0,0.0,980.0,0.0,0.0,0.0,0.0,0.0,0.0,0.0,0.0,35.0,404.0,4.0,6.0,0.0,0.0,376.0,3225.0,0.0,0.0
2022-09,CANARA BANK,CANARA BANK,Public sector,8087.0,4071.0,54098.0,8906.0,66.0,1895308.0,558886.0,48539815.0,652456.0,1735783.0,306912.0,1110786.0,0.0,0.0,58650.0,298769.0,9205632.0,18393882.0,3623689.0,6653561.0,4907.0,79977.0,31043680.0,137461350.0,1493.0,1304.0
2022-09,CAPITAL SMALL FINANCE BANK,CAPITAL SMALL FINANCE BANK LIMITED,Small finance,165.0,2.0,0.0,0.0,0.0,0.0,0.0,198437.0,0.0,0.0,0.0,0.0,0.0,0.0,0.0,0.0,43126.0,95979.0,15698.0,36352.0,0.0,0.0,128046.0,654761.0,0.0,0.0
2022-09,CENTRAL BANK OF INDIA,CENTRAL BANK OF INDIA,Public sector,1688.0,328.0,2536.0,8982.0,8666.0,201681.0,0.0,27340402.0,0.0,0.0,0.0,0.0,0.0,0.0,0.0,0.0,2481155.0,5128592.0,676812.0,1293513.0,0.0,0.0,8295857.0,35899007.0,9801.0,9878.0
2022-09,CITI BANK,CITI BANK,Foreign,47.0,436.0,0.0,0.0,0.0,0.0,2466201.0,1319374.0,7240815.0,19461224.0,4307171.0,20419658.0,0.0,0.0,10680.0,62593.0,813144.0,2026433.0,878076.0,2738238.0,0.0,0.0,798723.0,4428602.0,0.0,0.0
2022-09,CITY UNION BANK,CITY UNION BANK LTD.,Private sector,1122.0,571.0,7243.0,25391.0,0.0,37345.0,1618.0,2651655.0,1356.0,4051.0,350.0,1162.0,0.0,0.0,13.0,60.0,870444.0,1686026.0,163335.0,315426.0,0.0,0.0,2684241.0,14027432.0,0.0,0.0
2022-09,CSB BANK,CSB BANK LTD.,Private sector,454.0,53.0,0.0,1183.0,5332.0,0.0,0.0,837083.0,0.0,0.0,0.0,0.0,0.0,0.0,0.0,0.0,242735.0,430038.0,44604.0,89844.0,6.0,60.0,486837.0,2304483.0,60.0,11.0
2022-09,DBS BANK INDIA,DBS INDIA BANK LTD,Foreign,451.0,526.0,468.0,89.0,0.0,2669.0,73338.0,1964920.0,77379.0,251416.0,60601.0,420587.0,0.0,0.0,581.0,1675.0,555731.0,843493.0,229953.0,434262.0,459.0,6546.0,1125046.0,5021159.0,34.0,26.0
2022-09,DCB BANK,DCB BANK LTD,Private sector,373.0,8.0,8870.0,0.0,6434.0,0.0,0.0,926092.0,3817.0,9656.0,970.0,3607.0,0.0,0.0,68.0,388.0,285028.0,533459.0,38091.0,139964.0,428.0,14658.0,283939.0,1642884.0,0.0,0.0
2022-09,DEUTSCHE BANK,DEUTSCHE BANK LTD,Foreign,13.0,18.0,0.0,0.0,0.0,7.0,0.0,118573.0,0.0,0.0,0.0,0.0,0.0,0.0,0.0,0.0,68622.0,161778.0,15372.0,55758.0,0.0,0.0,45323.0,257969.0,0.0,0.0
2022-09,DHANALAKSHMI BANK,DHANALAKSHMI BANK LTD,Private sector,219.0,42.0,1418.0,0.0,0.0,23667.0,8025.0,518467.0,19951.0,40489.0,5022.0,18118.0,8.0,40.0,138.0,506.0,265609.0,436686.0,31164.0,71685.0,0.0,0.0,457325.0,2003250.0,0.0,0.0
2022-09,EQUITAS SMALL FINANCE BANK,EQUITAS SMALL FINANCE BANK LIMITED,Small finance,342.0,3.0,19532.0,294.0,30963.0,0.0,0.0,3524974.0,0.0,0.0,0.0,0.0,0.0,0.0,0.0,0.0,278588.0,543437.0,161379.0,429864.0,0.0,0.0,1101915.0,4039703.0,0.0,0.0
2022-09,ESAF SMALL FINANCE BANK,ESAF SMALL FINANCE BANK LIMITED,Small finance,448.0,2.0,0.0,1236.0,0.0,0.0,0.0,4682602.0,0.0,0.0,0.0,0.0,0.0,0.0,0.0,0.0,294712.0,376840.0,0.0,0.0,0.0,0.0,864109.0,3816202.0,71.0,51.0
2022-09,FEDERAL BANK,FEDERAL BANK LTD,Private sector,1525.0,350.0,16191.0,0.0,94494.0,3617366.0,332823.0,12197238.0,705959.0,2242367.0,686769.0,3831014.0,0.0,0.0,2930.0,14222.0,5283182.0,9668780.0,1982612.0,4832151.0,2319.0,27487.0,8947079.0,43179908.0,316.0,285.0
2022-09,FINCARE SMALL FINANCE BANK,FINCARE SMALL FINANCE BANK LIMITED,Small finance,131.0,0.0,0.0,0.0,0.0,0.0,0.0,3815376.0,0.0,0.0,0.0,0.0,0.0,0.0,0.0,0.0,49192.0,54595.0,5048.0,9377.0,0.0,0.0,674057.0,3284132.0,0.0,0.0
2022-09,FINO PAYMENTS BANK,FINO PAYMENTS BANK,Payments bank,0.0,0.0,0.0,339705.0,0.0,16419.0,0.0,5316570.0,0.0,0.0,0.0,0.0,0.0,0.0,0.0,0.0,215798.0,394455.0,20049.0,22788.0,0.0,0.0,1695598.0,5117763.0,247.0,144.0
2022-09,HDFC BANK,HDFC BANK LTD,Private sector,9229.0,9639.0,1423021.0,4232.0,1666911.0,0.0,16328522.0,47410153.0,30269038.0,116795715.0,28534968.0,208222955.0,0.0,0.0,185854.0,1077125.0,22247157.0,52310457.0,16940674.0,43296504.0,520727.0,3095332.0,39459360.0,232190756.0,54681.0,54612.0
2022-09,HSBC,HSBC LTD,Foreign,46.0,28.0,0.0,0.0,0.0,0.0,717508.0,542818.0,585307.0,3557119.0,1048353.0,3724814.0,0.0,0.0,1542.0,11453.0,366998.0,921152.0,0.0,0.0,0.0,0.0,243510.0,1386423.0,0.0,0.0
2022-09,ICICI BANK,ICICI BANK LTD,Private sector,8687.0,7790.0,1155529.0,2543.0,543693.0,3233747.0,13316346.0,35633467.0,26146920.0,91002087.0,22525898.0,145310273.0,0.0,0.0,48715.0,239545.0,14796212.0,36039102.0,6753562.0,29362587.0,21536.0,197955.0,21647063.0,135995183.0,70.0,55.0
2022-09,IDBI BANK,IDBI BANK LTD,Private sector,2211.0,1134.0,22546.0,210.0,7114.0,191135.0,43232.0,12507547.0,69018.0,212440.0,45597.0,165898.0,0.0,0.0,419.0,2230.0,2440661.0,4597199.0,690237.0,1412638.0,0.0,0.0,6622507.0,31867471.0,431.0,396.0
2022-09,IDFC FIRST BANK,IDFC FIRST BANK LTD,Private sector,602.0,210.0,34593.0,11549.0,0.0,38079.0,1204190.0,5007516.0,1649188.0,5559671.0,1394789.0,9208151.0,0.0,0.0,16467.0,57781.0,1410670.0,2081000.0,429377.0,1467696.0,0.0,0.0,3275861.0,12817952.0,0.0,0.0
2022-09,INDIA POST PAYMENTS BANK,INDIA POST PAYMENTS BANK,Payments bank,0.0,0.0,0.0,172055.0,0.0,121593.0,0.0,7037102.0,0.0,0.0,0.0,0.0,0.0,0.0,0.0,0.0,0.0,0.0,472358.0,300856.0,0.0,0.0,0.0,0.0,0.0,0.0
2022-09,INDIAN BANK,INDIAN BANK,Public sector,4230.0,595.0,15104.0,9968.0,0.0,419435.0,160881.0,28656557.0,122400.0,378702.0,69802.0,330701.0,0.0,0.0,3060.0,19102.0,5425748.0,10038288.0,2515758.0,4011050.0,4784.0,72291.0,19694941.0,90838090.0,43440.0,42914.0
2022-09,INDIAN OVERSEAS BANK,INDIAN OVERSEAS BANK,Public sector,2716.0,721.0,0.0,0.0,0.0,223998.0,83125.0,15445034.0,62582.0,155307.0,26120.0,71211.0,0.0,0.0,941.0,4299.0,3372727.0,6128933.0,1056827.0,1859948.0,0.0,0.0,14231119.0,59259013.0,0.0,0.0
2022-09,INDUSIND BANK,INDUSIND BANK LTD,Private sector,1559.0,1248.0,233094.0,151.0,35530.0,77990.0,1931403.0,7593333.0,2480963.0,11133329.0,2801456.0,33915449.0,0.0,0.0,22961.0,116201.0,1541061.0,3238382.0,962054.0,3224910.0,989.0,61792.0,5407571.0,25880603.0,0.0,0.0
2022-09,JAMMU AND KASHMIR BANK,JAMMU AND KASHMIR BANK LTD,Private sector,850.0,621.0,11593.0,945.0,0.0,119705.0,83010.0,3660711.0,129451.0,859513.0,112849.0,294467.0,0.0,0.0,6166.0,25235.0,1258271.0,2739868.0,3384171.0,1375455.0,0.0,0.0,5840685.0,30179286.0,1.0,1.0
2022-09,JANA SMALL FINANCE BANK,JANA SMALL FINANCE BANK LIMITED,Small finance,59.0,2.0,0.0,164.0,0.0,494252.0,0.0,2539700.0,0.0,0.0,0.0,0.0,0.0,0.0,0.0,0.0,58420.0,88466.0,9147.0,20062.0,0.0,0.0,317375.0,1563144.0,0.0,0.0
2022-09,JIO PAYMENTS BANK,JIO PAYMENTS BANK,Payments bank,0.0,0.0,0.0,0.0,0.0,0.0,0.0,0.0,0.0,0.0,0.0,0.0,0.0,0.0,0.0,0.0,0.0,0.0,0.0,0.0,0.0,0.0,0.0,0.0,0.0,0.0
2022-09,KARNATAKA BANK,KARNATAKA BANK LTD,Private sector,842.0,614.0,9535.0,0.0,0.0,39284.0,0.0,5185163.0,0.0,0.0,0.0,0.0,0.0,0.0,0.0,0.0,1772879.0,2496076.0,307799.0,547550.0,0.0,0.0,4290868.0,18491971.0,0.0,0.0
2022-09,KARUR VYSYA BANK,KARUR VYSYA BANK LTD,Private sector,1383.0,855.0,12332.0,0.0,0.0,19938.0,11556.0,4015071.0,23356.0,145642.0,8357.0,86828.0,0.0,0.0,649.0,4776.0,1809096.0,3731819.0,338296.0,1012554.0,10271.0,210390.0,4934235.0,23465247.0,0.0,0.0
2022-09,KOTAK MAHINDRA BANK,KOTAK MAHINDRA BANK LTD,Private sector,1456.0,1346.0,63865.0,6525.0,33014.0,322546.0,4299906.0,25797993.0,4622804.0,16813560.0,3840921.0,22798855.0,0.0,0.0,40791.0,153702.0,4676632.0,8428246.0,3604780.0,8354334.0,0.0,0.0,10600714.0,47752830.0,0.0,0.0
2022-09,NORTH EAST SMALL FINANCE BANK,NORTH EAST SMALL FINANCE BANK LIMITED,Small finance,8.0,1.0,0.0,0.0,0.0,0.0,0.0,344870.0,0.0,0.0,0.0,0.0,0.0,0.0,0.0,0.0,16546.0,23765.0,0.0,0.0,0.0,0.0,53455.0,213908.0,0.0,0.0
2022-09,NSDL PAYMENTS BANK,NSDL PAYMENTS BANK,Payments bank,0.0,0.0,0.0,137401.0,0.0,0.0,0.0,410584.0,0.0,0.0,0.0,0.0,0.0,0.0,0.0,0.0,769.0,690.0,23312.0,11721.0,0.0,0.0,4223.0,16009.0,0.0,0.0
2022-09,PAYTM PAYMENTS BANK,PAYTM PAYMENTS BANK,Payments bank,1.0,63.0,499139.0,0.0,0.0,25233316.0,0.0,37703540.0,0.0,0.0,0.0,0.0,0.0,0.0,0.0,0.0,576582.0,678831.0,1719682.0,2346628.0,0.0,0.0,1625443.0,6279765.0,0.0,0.0
2022-09,PUNJAB AND SIND BANK,PUNJAB AND SIND BANK,Public sector,778.0,25.0,1065.0,357.0,1156.0,23005.0,0.0,3562651.0,0.0,0.0,0.0,0.0,0.0,0.0,0.0,0.0,544304.0,1130077.0,304590.0,725414.0,0.0,0.0,1593973.0,7033701.0,0.0,0.0
2022-09,PUNJAB NATIONAL BANK,PUNJAB NATIONAL BANK,Public sector,8152.0,4814.0,45829.0,14951.0,610911.0,58560.0,346683.0,45758496.0,452161.0,1409626.0,192790.0,682201.0,0.0,0.0,3798.0,11652.0,7577670.0,15633892.0,4439036.0,7766874.0,0.0,0.0,28071070.0,134701628.0,0.0,0.0
2022-09,RBL BANK,RBL BANK LTD,Private sector,372.0,41.0,882538.0,0.0,47126.0,68790.0,4097800.0,1459654.0,5987821.0,22192800.0,3839493.0,26004182.0,0.0,0.0,40521.0,131085.0,294240.0,580745.0,137696.0,462994.0,102.0,3251.0,618652.0,3033295.0,0.0,0.0
2022-09,SBM BANK INDIA,SBM BANK INDIA LTD,Foreign,0.0,0.0,0.0,285916.0,0.0,0.0,1383164.0,291887.0,441148.0,1875227.0,1115314.0,4964663.0,0.0,0.0,59817.0,370193.0,13332.0,33315.0,39146.0,98128.0,0.0,0.0,15151.0,60408.0,52478.0,131443.0
2022-09,SOUTH INDIAN BANK,SOUTH INDIAN BANK,Private sector,857.0,418.0,13095.0,0.0,5407.0,63271.0,141237.0,3551727.0,354237.0,1122691.0,327592.0,2000269.0,0.0,0.0,0.0,0.0,1847779.0,3434976.0,369017.0,996533.0,0.0,0.0,3090774.0,13947178.0,0.0,0.0
2022-09,STANDARD CHARTERED BANK,STANDARD CHARTERED BANK LTD,Foreign,99.0,73.0,0.0,0.0,0.0,0.0,1217340.0,1189948.0,1848930.0,5350277.0,1148488.0,6068553.0,0.0,0.0,2962.0,20153.0,895916.0,2223752.0,386069.0,797212.0,36.0,671.0,920258.0,4309394.0,0.0,0.0
2022-09,STATE BANK OF INDIA,STATE BANK OF INDIA,Public sector,25780.0,40016.0,972221.0,51806.0,541496.0,1877143.0,14828035.0,275397426.0,23801172.0,70734825.0,20973260.0,162618118.0,0.0,0.0,99761.0,374448.0,55892902.0,110091781.0,27362577.0,54554681.0,1904.0,23790.0,190101030.0,914414860.0,60324.0,53767.0
2022-09,SURYODAY SMALL FINANCE BANK,SURYODAY SMALL FINANCE BANK LIMITED,Small finance,0.0,0.0,0.0,67.0,0.0,0.0,0.0,541740.0,0.0,0.0,0.0,0.0,0.0,0.0,0.0,0.0,4744.0,6502.0,324.0,1221.0,0.0,0.0,16701.0,64244.0,0.0,0.0
2022-09,TAMILNAD MERCANTILE BANK,TAMILNAD MERCANTILE BANK LTD,Private sector,476.0,670.0,4545.0,0.0,0.0,0.0,40917.0,2124906.0,44100.0,201559.0,20724.0,107007.0,0.0,0.0,1984.0,8070.0,460264.0,978118.0,113404.0,211464.0,134.0,368.0,5146968.0,21438330.0,0.0,0.0
2022-09,UCO BANK,UCO BANK,Public sector,2179.0,217.0,10145.0,3568.0,1563.0,460928.0,0.0,11879159.0,0.0,0.0,0.0,0.0,0.0,0.0,0.0,0.0,2010373.0,3726308.0,701675.0,1315908.0,1062.0,14619.0,6801310.0,29681536.0,2268.0,1573.0
2022-09,UJJIVAN SMALL FINANCE BANK,UJJIVAN SMALL FINANCE BANK LIMITED,Small finance,499.0,3.0,0.0,0.0,0.0,215993.0,0.0,7753141.0,0.0,0.0,0.0,0.0,0.0,0.0,0.0,0.0,335839.0,484762.0,143570.0,280032.0,0.0,0.0,3312936.0,14433724.0,169.0,161.0
2022-09,UNION BANK OF INDIA,UNION BANK OF INDIA,Public sector,8042.0,3190.0,42458.0,8032.0,19636.0,234562.0,555212.0,50217508.0,448212.0,1396117.0,253431.0,980027.0,0.0,0.0,5745.0,28540.0,9621500.0,16260224.0,6087540.0,9899040.0,3030.0,11553.0,53780976.0,138997100.0,11040.0,10832.0
2022-09,UNITY SMALL FINANCE BANK,UNITY SMALL FINANCE BANK LIMITED,Small finance,231.0,0.0,0.0,0.0,0.0,0.0,0.0,537288.0,0.0,0.0,0.0,0.0,0.0,0.0,0.0,0.0,0.0,0.0,0.0,0.0,0.0,0.0,544.0,1917.0,0.0,0.0
2022-09,UTKARSH SMALL FINANCE BANK,UTKARSH SMALL FINANCE BANK LIMITED,Small finance,238.0,7.0,0.0,481.0,0.0,10830.0,0.0,1436759.0,0.0,0.0,0.0,0.0,0.0,0.0,0.0,0.0,42023.0,66614.0,12067.0,22277.0,0.0,0.0,624797.0,1906913.0,0.0,0.0
2022-09,YES BANK,YES BANK LTD,Private sector,1069.0,188.0,60635.0,87709.0,325116.0,124345430.0,1291423.0,3898519.0,1748081.0,5290247.0,1037010.0,7343034.0,0.0,0.0,19109.0,81593.0,1264784.0,2379257.0,681924.0,1650946.0,51.0,1008.0,2707476.0,12585382.0,947.0,942.0
2022-10,AIRTEL PAYMENTS BANK,AIRTEL PAYMENTS BANK,Payments bank,0.0,0.0,0.0,0.0,0.0,4151415.0,0.0,3235063.0,0.0,0.0,0.0,0.0,0.0,0.0,0.0,0.0,0.0,0.0,294769.0,248568.0,0.0,0.0,0.0,0.0,0.0,0.0
2022-10,AMERICAN EXPRESS BANKING CORPORATION,AMERICAN EXPRESS BANKING CORPORATION,Foreign,0.0,0.0,52468.0,0.0,0.0,0.0,1304696.0,0.0,1092443.0,8914339.0,2958710.0,23329997.0,0.0,0.0,0.0,0.0,0.0,0.0,0.0,0.0,0.0,0.0,0.0,0.0,0.0,0.0
2022-10,AU SMALL FINANCE BANK,AU SMALL FINANCE BANK LIMITED,Small finance,471.0,3.0,0.0,347.0,0.0,831569.0,338088.0,2273026.0,528441.0,2972377.0,503983.0,3251212.0,1161.0,562.0,5498.0,34185.0,263411.0,687770.0,211805.0,644003.0,231.0,3790.0,1004888.0,6489408.0,273.0,276.0
2022-10,AXIS BANK,AXIS BANK LTD,Private sector,5761.0,10097.0,1288748.0,847.0,521094.0,47298244.0,9086186.0,27975510.0,19263463.0,58851746.0,12387408.0,54311162.0,0.0,0.0,60488.0,235503.0,11342472.0,29258452.0,4678152.0,14431748.0,18994.0,472740.0,22436703.0,136927532.0,0.0,0.0
2022-10,BANDHAN BANK,BANDHAN BANK LTD,Private sector,428.0,5.0,37088.0,0.0,0.0,0.0,0.0,5226993.0,0.0,0.0,0.0,0.0,0.0,0.0,0.0,0.0,550669.0,1420948.0,248807.0,672174.0,0.0,0.0,2612427.0,13165491.0,24290.0,24437.0
2022-10,BANK OF AMERICA,BANK OF AMERICA,Foreign,0.0,0.0,0.0,0.0,0.0,0.0,7241.0,0.0,16848.0,91591.0,0.0,0.0,0.0,0.0,0.0,0.0,0.0,0.0,0.0,0.0,0.0,0.0,0.0,0.0,0.0,0.0
2022-10,BANK OF BARODA,BANK OF BARODA,Public sector,8795.0,2664.0,24934.0,39046.0,11727.0,918077.0,1578148.0,78440427.0,2018680.0,6803665.0,1846731.0,9081466.0,0.0,0.0,15844.0,76035.0,7854396.0,16270464.0,2629862.0,6609256.0,6.0,16.0,28909309.0,135671905.0,1421.0,1400.0
2022-10,BANK OF INDIA,BANK OF INDIA,Public sector,5307.0,2837.0,46917.0,14770.0,103.0,501763.0,84114.0,45831608.0,153976.0,560464.0,78502.0,277542.0,0.0,0.0,9996.0,58512.0,5152534.0,9671955.0,1820852.0,2859807.0,0.0,0.0,18735634.0,73975244.0,4079.0,3979.0
2022-10,BANK OF MAHARASHTRA,BANK OF MAHARASHTRA,Public sector,1809.0,435.0,2825.0,3345.0,355014.0,1032158.0,77883.0,13155196.0,67228.0,273741.0,24368.0,123416.0,0.0,0.0,1030.0,4996.0,2461200.0,4372414.0,847234.0,1230408.0,9443.0,109186.0,7570492.0,33204560.0,0.0,0.0
2022-10,BARCLAYS BANK,BARCLAYS BANK PLC,Foreign,0.0,0.0,0.0,0.0,1.0,0.0,0.0,912.0,0.0,0.0,0.0,0.0,0.0,0.0,0.0,0.0,15.0,337.0,0.0,0.0,0.0,0.0,384.0,3405.0,0.0,0.0
2022-10,CANARA BANK,CANARA BANK,Public sector,8103.0,4039.0,56505.0,8906.0,66.0,2016911.0,569338.0,47982447.0,762577.0,2147906.0,292596.0,1056859.0,0.0,0.0,60265.0,313577.0,10053944.0,21633053.0,3254501.0,6306768.0,5362.0,84014.0,33569753.0,150066581.0,1696.0,1588.0
2022-10,CAPITAL SMALL FINANCE BANK,CAPITAL SMALL FINANCE BANK LIMITED,Small finance,166.0,2.0,0.0,0.0,0.0,0.0,0.0,200649.0,0.0,0.0,0.0,0.0,0.0,0.0,0.0,0.0,44838.0,136556.0,14124.0,35667.0,0.0,0.0,138478.0,741884.0,0.0,0.0
2022-10,CENTRAL BANK OF INDIA,CENTRAL BANK OF INDIA,Public sector,1249.0,325.0,2277.0,9254.0,8807.0,204275.0,0.0,27369834.0,0.0,0.0,0.0,0.0,0.0,0.0,0.0,0.0,3244278.0,7373004.0,637414.0,1308139.0,0.0,0.0,9230516.0,40988971.0,10396.0,10545.0
2022-10,CITI BANK,CITI BANK,Foreign,47.0,431.0,0.0,0.0,0.0,0.0,2472875.0,1317002.0,9169028.0,26454489.0,3481972.0,19841569.0,0.0,0.0,11787.0,70659.0,919499.0,2525511.0,870915.0,2854922.0,0.0,0.0,899647.0,5067663.0,0.0,0.0
2022-10,CITY UNION BANK,CITY UNION BANK LTD.,Private sector,1108.0,568.0,7220.0,27426.0,0.0,41938.0,1767.0,2660153.0,1725.0,4152.0,432.0,1676.0,0.0,0.0,13.0,28.0,966000.0,1991106.0,145956.0,283910.0,0.0,0.0,2801045.0,14857275.0,0.0,0.0
2022-10,CSB BANK,CSB BANK LTD.,Private sector,457.0,53.0,0.0,1183.0,5438.0,0.0,0.0,845416.0,0.0,0.0,0.0,0.0,0.0,0.0,0.0,0.0,252733.0,441764.0,38892.0,77137.0,2.0,1.0,530479.0,2439427.0,22.0,24.0
2022-10,DBS BANK INDIA,DBS INDIA BANK LTD,Foreign,449.0,534.0,475.0,90.0,0.0,2727.0,95287.0,1948884.0,106544.0,370184.0,72880.0,499309.0,0.0,0.0,643.0,1995.0,593098.0,1005415.0,204839.0,405698.0,471.0,6919.0,1171300.0,5336656.0,31.0,24.0
2022-10,DCB BANK,DCB BANK LTD,Private sector,375.0,8.0,8817.0,0.0,6568.0,0.0,0.0,940951.0,0.0,0.0,0.0,0.0,0.0,0.0,0.0,0.0,167194.0,417696.0,33896.0,136226.0,418.0,13463.0,292751.0,1661678.0,0.0,0.0
2022-10,DEUTSCHE BANK,DEUTSCHE BANK LTD,Foreign,13.0,18.0,0.0,0.0,0.0,1.0,0.0,118881.0,0.0,0.0,0.0,0.0,0.0,0.0,0.0,0.0,78440.0,195449.0,8455.0,42447.0,0.0,0.0,52067.0,294012.0,0.0,0.0
2022-10,DHANALAKSHMI BANK,DHANALAKSHMI BANK LTD,Private sector,222.0,42.0,1422.0,0.0,0.0,24351.0,8199.0,516483.0,21283.0,44733.0,6077.0,19270.0,1.0,2.0,157.0,534.0,266343.0,419033.0,26678.0,65768.0,0.0,0.0,479044.0,2033980.0,0.0,0.0
2022-10,EQUITAS SMALL FINANCE BANK,EQUITAS SMALL FINANCE BANK LIMITED,Small finance,344.0,3.0,19712.0,286.0,32859.0,0.0,0.0,3150936.0,0.0,0.0,0.0,0.0,0.0,0.0,0.0,0.0,286866.0,485253.0,94465.0,340192.0,0.0,0.0,1180801.0,3670173.0,0.0,0.0
2022-10,ESAF SMALL FINANCE BANK,ESAF SMALL FINANCE BANK LIMITED,Small finance,461.0,2.0,0.0,1527.0,0.0,0.0,0.0,4743448.0,0.0,0.0,0.0,0.0,0.0,0.0,0.0,0.0,273799.0,342209.0,21486.0,33567.0,0.0,0.0,858785.0,3733995.0,72.0,48.0
2022-10,FEDERAL BANK,FEDERAL BANK LTD,Private sector,1535.0,351.0,16340.0,0.0,89769.0,3722554.0,370543.0,12325632.0,837401.0,2784367.0,820465.0,4571319.0,0.0,0.0,3612.0,16676.0,5253527.0,9205067.0,1844641.0,4681997.0,2335.0,26861.0,9295878.0,44389763.0,274.0,237.0
2022-10,FINCARE SMALL FINANCE BANK,FINCARE SMALL FINANCE BANK LIMITED,Small finance,134.0,0.0,0.0,0.0,0.0,0.0,0.0,3909499.0,0.0,0.0,0.0,0.0,0.0,0.0,0.0,0.0,52757.0,67978.0,6642.0,11032.0,0.0,0.0,719585.0,3455405.0,0.0,0.0
2022-10,FINO PAYMENTS BANK,FINO PAYMENTS BANK,Payments bank,0.0,0.0,0.0,344945.0,0.0,16875.0,0.0,5482352.0,0.0,0.0,0.0,0.0,0.0,0.0,0.0,0.0,221397.0,437617.0,16988.0,22679.0,0.0,0.0,1958949.0,6032847.0,287.0,175.0
2022-10,HDFC BANK,HDFC BANK LTD,Private sector,9366.0,9530.0,1463983.0,4232.0,1459034.0,0.0,16546501.0,48032697.0,34794236.0,151572967.0,28690313.0,223760722.0,0.0,0.0,203214.0,1168983.0,25038005.0,67344231.0,15253012.0,42887650.0,248310.0,2269385.0,43952961.0,262190425.0,52506.0,52775.0
2022-10,HSBC,HSBC LTD,Foreign,46.0,28.0,0.0,0.0,0.0,0.0,687106.0,554698.0,763689.0,2742848.0,1027928.0,4456114.0,0.0,0.0,1529.0,11846.0,265514.0,1069100.0,0.0,0.0,0.0,0.0,278264.0,1590761.0,0.0,0.0
2022-10,ICICI BANK,ICICI BANK LTD,Private sector,8725.0,7754.0,1179801.0,3041.0,549274.0,3251723.0,13537626.0,35709144.0,20052991.0,73499927.0,28034174.0,143109635.0,53.0,2209.0,51634.0,253241.0,16024139.0,44758060.0,5864347.0,20463724.0,23293.0,214640.0,23870600.0,152208204.0,43.0,23.0
2022-10,IDBI BANK,IDBI BANK LTD,Private sector,2215.0,1124.0,22709.0,206.0,7384.0,193297.0,43375.0,12667091.0,80740.0,270557.0,43542.0,150759.0,0.0,0.0,430.0,2468.0,2697349.0,5724670.0,609002.0,1331528.0,0.0,0.0,7178665.0,35309113.0,443.0,430.0
2022-10,IDFC FIRST BANK,IDFC FIRST BANK LTD,Private sector,620.0,229.0,35616.0,10046.0,0.0,38079.0,1269278.0,5220963.0,1914395.0,6790890.0,1434681.0,9534605.0,0.0,0.0,18516.0,68209.0,1243033.0,2851979.0,474461.0,2811358.0,0.0,0.0,3914725.0,19229000.0,0.0,0.0
2022-10,INDIA POST PAYMENTS BANK,INDIA POST PAYMENTS BANK,Payments bank,0.0,0.0,0.0,179578.0,0.0,121606.0,0.0,7763562.0,0.0,0.0,0.0,0.0,0.0,0.0,0.0,0.0,0.0,0.0,385968.0,277667.0,0.0,0.0,0.0,0.0,0.0,0.0
2022-10,INDIAN BANK,INDIAN BANK,Public sector,4309.0,594.0,14693.0,10249.0,0.0,425926.0,158707.0,28816092.0,141888.0,477248.0,68777.0,245173.0,0.0,0.0,3037.0,19566.0,5851753.0,11793000.0,2303106.0,3770940.0,5330.0,81380.0,21082110.0,97888000.0,42974.0,42454.0
2022-10,INDIAN OVERSEAS BANK,INDIAN OVERSEAS BANK,Public sector,2707.0,736.0,0.0,0.0,0.0,232601.0,72693.0,15580464.0,71114.0,186196.0,26241.0,69922.0,0.0,0.0,1002.0,4558.0,3890314.0,7558804.0,1042420.0,1830368.0,0.0,0.0,15799462.0,66073822.0,0.0,0.0
2022-10,INDUSIND BANK,INDUSIND BANK LTD,Private sector,1619.0,1247.0,244844.0,151.0,56471.0,2930661.0,1964481.0,7708771.0,2786861.0,12808064.0,2527489.0,61615579.0,0.0,0.0,24390.0,122219.0,1645272.0,3835055.0,920266.0,2989955.0,946.0,71355.0,5379037.0,27280550.0,0.0,0.0
2022-10,JAMMU AND KASHMIR BANK,JAMMU AND KASHMIR BANK LTD,Private sector,858.0,627.0,11634.0,945.0,0.0,114061.0,84034.0,3687362.0,165545.0,1154981.0,119055.0,304244.0,0.0,0.0,6375.0,25723.0,1806342.0,3176869.0,2726174.0,1220373.0,0.0,0.0,6050233.0,32599017.0,1.0,0.0
2022-10,JANA SMALL FINANCE BANK,JANA SMALL FINANCE BANK LIMITED,Small finance,59.0,2.0,0.0,164.0,0.0,494324.0,0.0,2563349.0,0.0,0.0,0.0,0.0,0.0,0.0,0.0,0.0,61963.0,97828.0,10051.0,21469.0,0.0,0.0,292229.0,1400315.0,0.0,0.0
2022-10,JIO PAYMENTS BANK,JIO PAYMENTS BANK,Payments bank,0.0,0.0,0.0,0.0,0.0,0.0,0.0,0.0,0.0,0.0,0.0,0.0,0.0,0.0,0.0,0.0,0.0,0.0,0.0,0.0,0.0,0.0,0.0,0.0,0.0,0.0
2022-10,KARNATAKA BANK,KARNATAKA BANK LTD,Private sector,847.0,613.0,9369.0,0.0,0.0,41000.0,0.0,5163963.0,0.0,0.0,0.0,0.0,0.0,0.0,0.0,0.0,1846670.0,2864908.0,263124.0,508005.0,0.0,0.0,4470197.0,19414349.0,0.0,0.0
2022-10,KARUR VYSYA BANK,KARUR VYSYA BANK LTD,Private sector,1381.0,852.0,11224.0,0.0,0.0,20552.0,10743.0,4063647.0,27433.0,163557.0,7863.0,89433.0,0.0,0.0,666.0,5035.0,2044506.0,4399634.0,331204.0,951382.0,10344.0,213915.0,5098118.0,24565607.0,0.0,0.0
2022-10,KOTAK MAHINDRA BANK,KOTAK MAHINDRA BANK LTD,Private sector,1471.0,1330.0,67575.0,6657.0,34943.0,337033.0,4519524.0,26089134.0,5064512.0,17255089.0,3813782.0,24305707.0,0.0,0.0,43631.0,163206.0,5015030.0,10395548.0,3381103.0,7846138.0,0.0,0.0,11540250.0,53057630.0,0.0,0.0
2022-10,NAINITAL BANK,NAINITAL BANK LTD,Private sector,0.0,0.0,0.0,0.0,0.0,0.0,0.0,192504.0,0.0,0.0,0.0,0.0,0.0,0.0,0.0,0.0,32159.0,59660.0,18674.0,38577.0,0.0,0.0,102865.0,477455.0,37.0,20.0
2022-10,NORTH EAST SMALL FINANCE BANK,NORTH EAST SMALL FINANCE BANK LIMITED,Small finance,8.0,1.0,0.0,0.0,0.0,0.0,0.0,352283.0,0.0,0.0,0.0,0.0,0.0,0.0,0.0,0.0,15833.0,23512.0,0.0,0.0,0.0,0.0,52246.0,200826.0,0.0,0.0
2022-10,NSDL PAYMENTS BANK,NSDL PAYMENTS BANK,Payments bank,0.0,0.0,0.0,152747.0,0.0,0.0,0.0,427761.0,0.0,0.0,0.0,0.0,0.0,0.0,0.0,0.0,681.0,839.0,26505.0,13591.0,0.0,0.0,4251.0,16176.0,0.0,0.0
2022-10,PAYTM PAYMENTS BANK,PAYTM PAYMENTS BANK,Payments bank,1.0,63.0,514641.0,0.0,0.0,25817974.0,0.0,37800341.0,0.0,0.0,0.0,0.0,0.0,0.0,0.0,0.0,559398.0,706011.0,1672446.0,2384786.0,0.0,0.0,1721859.0,6851394.0,0.0,0.0
2022-10,PUNJAB AND SIND BANK,PUNJAB AND SIND BANK,Public sector,780.0,23.0,1062.0,357.0,1154.0,24025.0,0.0,3579375.0,0.0,0.0,0.0,0.0,0.0,0.0,0.0,0.0,518911.0,1255517.0,273173.0,693380.0,0.0,0.0,1625630.0,7343146.0,0.0,0.0
2022-10,PUNJAB NATIONAL BANK,PUNJAB NATIONAL BANK,Public sector,8159.0,4804.0,45024.0,11265.0,615684.0,61509.0,344956.0,45911797.0,478356.0,1605629.0,188325.0,662938.0,0.0,0.0,4049.0,12493.0,8097599.0,18701391.0,4175528.0,7745494.0,0.0,0.0,30410684.0,147694866.0,0.0,0.0
2022-10,RBL BANK,RBL BANK LTD,Private sector,373.0,40.0,888964.0,0.0,47297.0,70400.0,4166704.0,1484226.0,7389527.0,29149402.0,3217291.0,25252033.0,0.0,0.0,40886.0,136326.0,323775.0,751690.0,128924.0,441069.0,140.0,5428.0,686124.0,3418660.0,0.0,0.0
2022-10,SBM BANK INDIA,SBM BANK INDIA LTD,Foreign,0.0,0.0,0.0,304417.0,0.0,0.0,1625793.0,353844.0,471621.0,2037150.0,1150754.0,5190702.0,0.0,0.0,62506.0,393241.0,14679.0,32357.0,42706.0,93122.0,0.0,0.0,19445.0,86075.0,0.0,0.0
2022-10,SHIVALIK SMALL FINANCE BANK,SHIVALIK SMALL FINANCE BANK LIMITED,Small finance,0.0,0.0,78.0,311.0,0.0,42.0,0.0,85148.0,0.0,0.0,0.0,0.0,0.0,0.0,0.0,0.0,6771.0,14943.0,5352.0,17221.0,0.0,0.0,36736.0,196038.0,0.0,0.0
2022-10,SOUTH INDIAN BANK,SOUTH INDIAN BANK,Private sector,856.0,418.0,13467.0,0.0,5681.0,64275.0,155095.0,3569346.0,411851.0,1378042.0,372318.0,2350325.0,0.0,0.0,0.0,0.0,1805959.0,3309767.0,339915.0,901761.0,0.0,0.0,3177569.0,14187834.0,0.0,0.0
2022-10,STANDARD CHARTERED BANK,STANDARD CHARTERED BANK LTD,Foreign,99.0,73.0,0.0,0.0,0.0,0.0,1104244.0,1171636.0,2110108.0,6228807.0,983791.0,5559128.0,0.0,0.0,2857.0,17607.0,1329507.0,3244913.0,146625.0,646287.0,33.0,558.0,1020780.0,4864639.0,0.0,0.0
2022-10,STATE BANK OF INDIA,STATE BANK OF INDIA,Public sector,25740.0,39971.0,1004792.0,51806.0,553021.0,1943936.0,15167195.0,277289229.0,26639486.0,85536479.0,19970671.0,147487278.0,0.0,0.0,105767.0,404193.0,59223251.0,130191354.0,25772012.0,49138829.0,1987.0,26333.0,206516295.0,1006310897.0,57301.0,54753.0
2022-10,SURYODAY SMALL FINANCE BANK,SURYODAY SMALL FINANCE BANK LIMITED,Small finance,0.0,0.0,0.0,67.0,0.0,0.0,0.0,557836.0,0.0,0.0,0.0,0.0,0.0,0.0,0.0,0.0,8757.0,14315.0,889.0,4100.0,0.0,0.0,57500.0,187924.0,0.0,0.0
2022-10,TAMILNAD MERCANTILE BANK,TAMILNAD MERCANTILE BANK LTD,Private sector,482.0,667.0,4560.0,0.0,0.0,0.0,40906.0,2135215.0,56179.0,244119.0,21197.0,107041.0,0.0,0.0,2221.0,8881.0,559926.0,1278185.0,99185.0,190754.0,143.0,369.0,5375814.0,22909000.0,0.0,0.0
2022-10,UCO BANK,UCO BANK,Public sector,2187.0,218.0,10156.0,3568.0,1503.0,480912.0,0.0,11942836.0,0.0,0.0,0.0,0.0,0.0,0.0,0.0,0.0,2278642.0,4558361.0,550878.0,1241291.0,1007.0,15980.0,7373718.0,32402266.0,2082.0,1551.0
2022-10,UJJIVAN SMALL FINANCE BANK,UJJIVAN SMALL FINANCE BANK LIMITED,Small finance,503.0,3.0,0.0,0.0,0.0,267067.0,0.0,7816015.0,0.0,0.0,0.0,0.0,0.0,0.0,0.0,0.0,333966.0,517059.0,132967.0,260411.0,0.0,0.0,3179740.0,13020293.0,183.0,188.0
2022-10,UNION BANK OF INDIA,UNION BANK OF INDIA,Public sector,8042.0,3190.0,41589.0,8032.0,21288.0,235305.0,546486.0,50324328.0,544302.0,1830000.0,298526.0,1130000.0,0.0,0.0,6893.0,35558.0,10329332.0,18300000.0,5876434.0,10100000.0,3431.0,12888.0,49816701.0,153025046.0,11674.0,11778.0
2022-10,UNITY SMALL FINANCE BANK,UNITY SMALL FINANCE BANK LIMITED,Small finance,231.0,0.0,0.0,0.0,0.0,0.0,0.0,537286.0,0.0,0.0,0.0,0.0,0.0,0.0,0.0,0.0,0.0,0.0,0.0,0.0,0.0,0.0,338.0,1083.0,0.0,0.0
2022-10,UTKARSH SMALL FINANCE BANK,UTKARSH SMALL FINANCE BANK LIMITED,Small finance,247.0,7.0,0.0,486.0,0.0,11535.0,0.0,1448595.0,0.0,0.0,0.0,0.0,0.0,0.0,0.0,0.0,43516.0,73984.0,10483.0,19779.0,0.0,0.0,378866.0,1403190.0,0.0,0.0
2022-10,YES BANK,YES BANK LTD,Private sector,1069.0,186.0,59563.0,90252.0,334834.0,127382010.0,1327942.0,3979824.0,2046294.0,6629049.0,879132.0,6898360.0,0.0,0.0,18466.0,80470.0,1315505.0,2902241.0,589752.0,1564936.0,51.0,820.0,2917520.0,13954442.0,693.0,693.0
2022-11,AIRTEL PAYMENTS BANK,AIRTEL PAYMENTS BANK,Payments bank,0.0,0.0,0.0,0.0,0.0,4120115.0,0.0,3424302.0,0.0,0.0,0.0,0.0,0.0,0.0,0.0,0.0,0.0,0.0,262477.0,195835.0,0.0,0.0,0.0,0.0,0.0,0.0
2022-11,AMERICAN EXPRESS BANKING CORPORATION,AMERICAN EXPRESS BANKING CORPORATION,Foreign,0.0,0.0,52943.0,0.0,0.0,0.0,1313008.0,0.0,1021443.0,7900014.0,2994038.0,24503917.0,0.0,0.0,0.0,0.0,0.0,0.0,0.0,0.0,0.0,0.0,0.0,0.0,0.0,0.0
2022-11,AU SMALL FINANCE BANK,AU SMALL FINANCE BANK LIMITED,Small finance,471.0,3.0,0.0,350.0,0.0,859031.0,357802.0,2323549.0,501905.0,2734230.0,522306.0,3207152.0,1334.0,646.0,5228.0,32379.0,238277.0,603206.0,215137.0,582549.0,181.0,2578.0,923115.0,5961812.0,329.0,326.0
2022-11,AXIS BANK,AXIS BANK LTD,Private sector,5761.0,10097.0,1315288.0,847.0,529854.0,48205705.0,9294011.0,28716921.0,17477667.0,53921066.0,11708221.0,50384644.0,0.0,0.0,63664.0,249092.0,9592907.0,22383618.0,4133071.0,12728599.0,18670.0,459283.0,20912950.0,123953956.0,0.0,0.0
2022-11,BANDHAN BANK,BANDHAN BANK LTD,Private sector,428.0,5.0,37245.0,0.0,0.0,0.0,0.0,5288593.0,0.0,0.0,0.0,0.0,0.0,0.0,0.0,0.0,485765.0,1161011.0,230431.0,630969.0,0.0,0.0,2514793.0,12884540.0,27782.0,28002.0
2022-11,BANK OF AMERICA,BANK OF AMERICA,Foreign,0.0,0.0,0.0,0.0,0.0,0.0,5159.0,0.0,4921.0,24326.0,1871.0,18117.0,0.0,0.0,0.0,0.0,0.0,0.0,0.0,0.0,0.0,0.0,0.0,0.0,0.0,0.0
2022-11,BANK OF BARODA,BANK OF BARODA,Public sector,8795.0,2664.0,23140.0,39435.0,9476.0,967287.0,1638457.0,79475125.0,1905325.0,6065404.0,1883937.0,9684264.0,0.0,0.0,14638.0,71609.0,6731379.0,13106386.0,2550483.0,5616412.0,8.0,13.0,25988774.0,120828314.0,1250.0,1205.0
2022-11,BANK OF INDIA,BANK OF INDIA,Public sector,5307.0,2837.0,45421.0,15369.0,103.0,515726.0,86053.0,46304287.0,141234.0,496226.0,74320.0,259140.0,0.0,0.0,10246.0,59157.0,4486467.0,7768729.0,1698578.0,2577372.0,0.0,0.0,17021037.0,66058368.0,4226.0,4100.0
2022-11,BANK OF MAHARASHTRA,BANK OF MAHARASHTRA,Public sector,1809.0,435.0,1880.0,3374.0,355014.0,1042868.0,77461.0,13170703.0,60219.0,238392.0,22563.0,117041.0,0.0,0.0,1021.0,4888.0,2016223.0,3109398.0,786911.0,1119621.0,8115.0,91969.0,6467214.0,27132203.0,0.0,0.0
2022-11,BARCLAYS BANK,BARCLAYS BANK PLC,Foreign,0.0,0.0,0.0,0.0,1.0,0.0,0.0,903.0,0.0,0.0,0.0,0.0,0.0,0.0,0.0,0.0,33.0,354.0,1.0,2.0,0.0,0.0,317.0,2784.0,0.0,0.0
2022-11,CANARA BANK,CANARA BANK,Public sector,8103.0,4039.0,58223.0,8906.0,65.0,2139315.0,593845.0,48645220.0,695017.0,1859504.0,274764.0,1039532.0,0.0,0.0,59587.0,310338.0,8706471.0,17560116.0,2881572.0,5567323.0,5073.0,79626.0,31936152.0,141612990.0,1506.0,1303.0
2022-11,CAPITAL SMALL FINANCE BANK,CAPITAL SMALL FINANCE BANK LIMITED,Small finance,166.0,2.0,0.0,0.0,0.0,0.0,0.0,202896.0,0.0,0.0,0.0,0.0,0.0,0.0,0.0,0.0,44256.0,141555.0,12654.0,34263.0,0.0,0.0,133603.0,763166.0,0.0,0.0
2022-11,CENTRAL BANK OF INDIA,CENTRAL BANK OF INDIA,Public sector,1249.0,325.0,2368.0,9254.0,8426.0,241657.0,0.0,27727499.0,0.0,0.0,0.0,0.0,0.0,0.0,0.0,0.0,2910169.0,6248318.0,590850.0,1206666.0,0.0,0.0,8422305.0,37091658.0,10335.0,10337.0
2022-11,CITI BANK,CITI BANK,Foreign,47.0,431.0,0.0,0.0,0.0,0.0,2482096.0,1311767.0,7998058.0,21287177.0,3132953.0,18247519.0,0.0,0.0,11188.0,66301.0,739734.0,1957488.0,770526.0,2394264.0,0.0,0.0,766416.0,4292704.0,0.0,0.0
2022-11,CITY UNION BANK,CITY UNION BANK LTD.,Private sector,1108.0,568.0,7050.0,29521.0,0.0,43655.0,1942.0,2673773.0,1678.0,3411.0,451.0,1820.0,0.0,0.0,8.0,24.0,776889.0,1488179.0,128671.0,269983.0,0.0,0.0,2566297.0,13122310.0,0.0,0.0
2022-11,CSB BANK,CSB BANK LTD.,Private sector,457.0,53.0,0.0,1188.0,5541.0,0.0,0.0,854222.0,0.0,0.0,0.0,0.0,0.0,0.0,0.0,0.0,231125.0,392186.0,34067.0,68857.0,12.0,120.0,792782.0,2947232.0,17.0,15.0
2022-11,DBS BANK INDIA,DBS INDIA BANK LTD,Foreign,449.0,534.0,495.0,86.0,0.0,2800.0,118719.0,1945944.0,126755.0,431311.0,88297.0,615336.0,0.0,0.0,1349.0,4194.0,500660.0,780999.0,170502.0,353888.0,320.0,4806.0,1082754.0,4778467.0,20.0,16.0
2022-11,DCB BANK,DCB BANK LTD,Private sector,375.0,8.0,8839.0,0.0,6719.0,0.0,0.0,941387.0,0.0,0.0,0.0,0.0,0.0,0.0,0.0,0.0,145602.0,340710.0,31462.0,125895.0,373.0,11414.0,275551.0,1517058.0,0.0,0.0
2022-11,DEUTSCHE BANK,DEUTSCHE BANK LTD,Foreign,13.0,18.0,0.0,0.0,0.0,12.0,0.0,117513.0,0.0,0.0,0.0,0.0,0.0,0.0,0.0,0.0,65143.0,157715.0,7948.0,38894.0,0.0,0.0,44561.0,246601.0,0.0,0.0
2022-11,DHANALAKSHMI BANK,DHANALAKSHMI BANK LTD,Private sector,222.0,42.0,1457.0,0.0,0.0,25223.0,8434.0,525552.0,20316.0,40639.0,5548.0,18150.0,0.0,0.0,154.0,493.0,241858.0,373186.0,23485.0,55679.0,0.0,0.0,462412.0,1988713.0,0.0,0.0
2022-11,EQUITAS SMALL FINANCE BANK,EQUITAS SMALL FINANCE BANK LIMITED,Small finance,344.0,3.0,20526.0,287.0,35428.0,0.0,0.0,3201634.0,0.0,0.0,0.0,0.0,0.0,0.0,0.0,0.0,241651.0,391139.0,89836.0,355101.0,0.0,0.0,1146552.0,2548472.0,0.0,0.0
2022-11,ESAF SMALL FINANCE BANK,ESAF SMALL FINANCE BANK LIMITED,Small finance,461.0,2.0,0.0,1690.0,0.0,0.0,0.0,4817166.0,0.0,0.0,0.0,0.0,0.0,0.0,0.0,0.0,253497.0,317424.0,19429.0,32853.0,0.0,0.0,865527.0,3939465.0,61.0,40.0
2022-11,FEDERAL BANK,FEDERAL BANK LTD,Private sector,1535.0,351.0,16406.0,0.0,80792.0,3780983.0,407760.0,12575237.0,835580.0,2623852.0,853081.0,4808480.0,0.0,0.0,3513.0,15054.0,4886063.0,8414521.0,1709588.0,4412956.0,2361.0,28830.0,8895741.0,42717015.0,227.0,198.0
2022-11,FINCARE SMALL FINANCE BANK,FINCARE SMALL FINANCE BANK LIMITED,Small finance,134.0,0.0,0.0,0.0,0.0,0.0,0.0,4025060.0,0.0,0.0,0.0,0.0,0.0,0.0,0.0,0.0,46880.0,58465.0,6984.0,11025.0,0.0,0.0,721030.0,3614609.0,0.0,0.0
2022-11,FINO PAYMENTS BANK,FINO PAYMENTS BANK,Payments bank,0.0,0.0,0.0,350093.0,0.0,17353.0,0.0,5717289.0,0.0,0.0,0.0,0.0,0.0,0.0,0.0,0.0,196788.0,407118.0,16580.0,21792.0,0.0,0.0,1688438.0,5228538.0,230.0,136.0
2022-11,HDFC BANK,HDFC BANK LTD,Private sector,9366.0,9530.0,1516998.0,4232.0,1528839.0,0.0,16782602.0,48725677.0,31012334.0,121500149.0,27100862.0,204998021.0,0.0,0.0,195216.0,1128407.0,21235564.0,53001141.0,13971203.0,38589577.0,117767.0,1849621.0,39673982.0,237798169.0,55852.0,55919.0
2022-11,HSBC,HSBC LTD,Foreign,46.0,28.0,0.0,0.0,0.0,0.0,692840.0,562551.0,678381.0,2319263.0,945138.0,4159732.0,0.0,0.0,1512.0,11534.0,254928.0,921960.0,0.0,0.0,0.0,0.0,246195.0,1394769.0,0.0,0.0
2022-11,ICICI BANK,ICICI BANK LTD,Private sector,8725.0,7754.0,1200475.0,9321.0,552536.0,3270840.0,13431626.0,35813731.0,18024135.0,58934614.0,25426354.0,124418414.0,37.0,1630.0,48225.0,233122.0,14067160.0,36419035.0,5460526.0,18597318.0,22306.0,215740.0,21190273.0,136156751.0,20.0,11.0
2022-11,IDBI BANK,IDBI BANK LTD,Private sector,2215.0,1124.0,22437.0,202.0,7576.0,199988.0,43829.0,12394541.0,71469.0,219764.0,41782.0,143538.0,0.0,0.0,463.0,2566.0,2274820.0,4462567.0,530569.0,1147468.0,0.0,0.0,6392126.0,30964530.0,404.0,402.0
2022-11,IDFC FIRST BANK,IDFC FIRST BANK LTD,Private sector,620.0,229.0,36551.0,9976.0,0.0,38079.0,1292155.0,5511906.0,1785558.0,6035000.0,1451361.0,9548295.0,0.0,0.0,19433.0,72240.0,1138346.0,2311411.0,445485.0,2180467.0,0.0,0.0,3610101.0,17597464.0,0.0,0.0
2022-11,INDIA POST PAYMENTS BANK,INDIA POST PAYMENTS BANK,Payments bank,0.0,0.0,0.0,168607.0,0.0,121729.0,0.0,8264248.0,0.0,0.0,0.0,0.0,0.0,0.0,0.0,0.0,0.0,0.0,367737.0,270778.0,0.0,0.0,0.0,0.0,0.0,0.0
2022-11,INDIAN BANK,INDIAN BANK,Public sector,4309.0,594.0,14772.0,10249.0,0.0,439292.0,161962.0,28928653.0,129080.0,434388.0,65266.0,285284.0,0.0,0.0,3386.0,21376.0,4933901.0,9171722.0,2099937.0,3469949.0,4812.0,70801.0,19329076.0,88512000.0,55461.0,54917.0
2022-11,INDIAN OVERSEAS BANK,INDIAN OVERSEAS BANK,Public sector,2707.0,736.0,0.0,0.0,0.0,236231.0,74221.0,15742911.0,65518.0,165473.0,25847.0,69393.0,0.0,0.0,2128.0,9534.0,3259491.0,5848055.0,950418.0,1658066.0,0.0,0.0,14679288.0,60017621.0,0.0,0.0
2022-11,INDUSIND BANK,INDUSIND BANK LTD,Private sector,1619.0,1247.0,246540.0,151.0,56498.0,3073725.0,2018773.0,7893221.0,3206982.0,14535392.0,2355177.0,50503814.0,0.0,0.0,23479.0,118352.0,1419699.0,3128578.0,852357.0,2664918.0,964.0,65031.0,4796296.0,24851057.0,0.0,0.0
2022-11,JAMMU AND KASHMIR BANK,JAMMU AND KASHMIR BANK LTD,Private sector,858.0,627.0,11643.0,945.0,0.0,115047.0,83903.0,3728497.0,157305.0,1115233.0,113124.0,284328.0,0.0,0.0,6098.0,24634.0,1683726.0,2828672.0,2845007.0,1100341.0,0.0,0.0,5729014.0,30297827.0,2.0,1.0
2022-11,JANA SMALL FINANCE BANK,JANA SMALL FINANCE BANK LIMITED,Small finance,59.0,2.0,0.0,164.0,0.0,494458.0,0.0,2593910.0,0.0,0.0,0.0,0.0,0.0,0.0,0.0,0.0,48204.0,74633.0,8605.0,16961.0,0.0,0.0,263626.0,1288747.0,0.0,0.0
2022-11,JIO PAYMENTS BANK,JIO PAYMENTS BANK,Payments bank,0.0,0.0,0.0,0.0,0.0,0.0,0.0,0.0,0.0,0.0,0.0,0.0,0.0,0.0,0.0,0.0,0.0,0.0,0.0,0.0,0.0,0.0,0.0,0.0,0.0,0.0
2022-11,KARNATAKA BANK,KARNATAKA BANK LTD,Private sector,847.0,613.0,9325.0,0.0,0.0,41725.0,0.0,5165032.0,0.0,0.0,0.0,0.0,0.0,0.0,0.0,0.0,1687102.0,2435502.0,243224.0,469009.0,0.0,0.0,4259536.0,18633273.0,0.0,0.0
2022-11,KARUR VYSYA BANK,KARUR VYSYA BANK LTD,Private sector,1381.0,852.0,11361.0,0.0,0.0,21381.0,10565.0,4113474.0,25246.0,151099.0,8358.0,97589.0,0.0,0.0,780.0,6028.0,1670853.0,3431394.0,285171.0,858342.0,9958.0,207584.0,4738285.0,22329075.0,0.0,0.0
2022-11,KOTAK MAHINDRA BANK,KOTAK MAHINDRA BANK LTD,Private sector,1471.0,1330.0,69993.0,6762.0,42107.0,354132.0,4597686.0,26514365.0,4773570.0,15021328.0,3656661.0,22481454.0,0.0,0.0,46473.0,164142.0,4148561.0,7828807.0,2951836.0,6695356.0,0.0,0.0,10359897.0,47537324.0,0.0,0.0
2022-11,NAINITAL BANK,NAINITAL BANK LTD,Private sector,0.0,0.0,0.0,0.0,0.0,0.0,0.0,195401.0,0.0,0.0,0.0,0.0,0.0,0.0,0.0,0.0,29487.0,54216.0,16603.0,33235.0,0.0,0.0,92976.0,428257.0,27.0,12.0
2022-11,NORTH EAST SMALL FINANCE BANK,NORTH EAST SMALL FINANCE BANK LIMITED,Small finance,8.0,1.0,0.0,0.0,0.0,0.0,0.0,362093.0,0.0,0.0,0.0,0.0,0.0,0.0,0.0,0.0,14587.0,20868.0,0.0,0.0,0.0,0.0,54427.0,207878.0,0.0,0.0
2022-11,NSDL PAYMENTS BANK,NSDL PAYMENTS BANK,Payments bank,0.0,0.0,0.0,169557.0,0.0,0.0,0.0,441974.0,0.0,0.0,0.0,0.0,0.0,0.0,0.0,0.0,593.0,522.0,27832.0,13069.0,0.0,0.0,3689.0,14207.0,0.0,0.0
2022-11,PAYTM PAYMENTS BANK,PAYTM PAYMENTS BANK,Payments bank,1.0,63.0,530347.0,0.0,0.0,26485332.0,0.0,37865011.0,0.0,0.0,0.0,0.0,0.0,0.0,0.0,0.0,510295.0,629401.0,1476195.0,2101446.0,0.0,0.0,1571160.0,6243385.0,0.0,0.0
2022-11,PUNJAB AND SIND BANK,PUNJAB AND SIND BANK,Public sector,780.0,23.0,1062.0,357.0,1155.0,25520.0,0.0,3591183.0,0.0,0.0,0.0,0.0,0.0,0.0,0.0,0.0,666098.0,1528972.0,119026.0,401136.0,0.0,0.0,1551051.0,7191589.0,0.0,0.0
2022-11,PUNJAB NATIONAL BANK,PUNJAB NATIONAL BANK,Public sector,8159.0,4804.0,45963.0,11265.0,618450.0,61509.0,311721.0,40767384.0,466599.0,1533499.0,191000.0,689227.0,0.0,0.0,3979.0,12875.0,7244998.0,15930285.0,3742196.0,6651928.0,0.0,0.0,27559209.0,134807646.0,0.0,0.0
2022-11,RBL BANK,RBL BANK LTD,Private sector,373.0,40.0,897075.0,0.0,47333.0,72005.0,4230404.0,1512891.0,6804218.0,26533498.0,2983772.0,23407564.0,0.0,0.0,42534.0,136334.0,276063.0,593186.0,121881.0,441191.0,106.0,3592.0,616441.0,3072462.0,0.0,0.0
2022-11,SBM BANK INDIA,SBM BANK INDIA LTD,Foreign,0.0,0.0,0.0,326541.0,0.0,0.0,1703964.0,404244.0,492773.0,2193817.0,1196798.0,5820989.0,0.0,0.0,58586.0,365806.0,15823.0,38687.0,46499.0,113898.0,0.0,0.0,22543.0,96825.0,0.0,0.0
2022-11,SHIVALIK SMALL FINANCE BANK,SHIVALIK SMALL FINANCE BANK LIMITED,Small finance,0.0,0.0,77.0,295.0,0.0,42.0,0.0,86664.0,0.0,0.0,0.0,0.0,0.0,0.0,0.0,0.0,6250.0,12188.0,5501.0,15725.0,0.0,0.0,33592.0,178512.0,0.0,0.0
2022-11,SOUTH INDIAN BANK,SOUTH INDIAN BANK,Private sector,856.0,418.0,13759.0,0.0,6086.0,65348.0,169154.0,3600077.0,403676.0,1285960.0,381813.0,2532363.0,0.0,0.0,0.0,0.0,1659353.0,2992963.0,301406.0,821144.0,0.0,0.0,3063923.0,13671496.0,0.0,0.0
2022-11,STANDARD CHARTERED BANK,STANDARD CHARTERED BANK LTD,Foreign,99.0,73.0,0.0,0.0,0.0,0.0,1102760.0,1169240.0,1854799.0,5282507.0,862206.0,4802550.0,0.0,0.0,2646.0,16040.0,1108020.0,2635463.0,131722.0,605764.0,32.0,609.0,887512.0,4147804.0,0.0,0.0
2022-11,STATE BANK OF INDIA,STATE BANK OF INDIA,Public sector,25740.0,39971.0,1014946.0,51776.0,560417.0,1983511.0,15555633.0,278356488.0,24404384.0,71741335.0,17666810.0,138272289.0,0.0,0.0,106326.0,398619.0,51962428.0,105469449.0,22622135.0,41265468.0,1812.0,25718.0,188633690.0,914205814.0,52857.0,48817.0
2022-11,SURYODAY SMALL FINANCE BANK,SURYODAY SMALL FINANCE BANK LIMITED,Small finance,0.0,0.0,0.0,67.0,0.0,0.0,0.0,536547.0,0.0,0.0,0.0,0.0,0.0,0.0,0.0,0.0,9884.0,15405.0,1507.0,4635.0,0.0,0.0,75139.0,203810.0,0.0,0.0
2022-11,TAMILNAD MERCANTILE BANK,TAMILNAD MERCANTILE BANK LTD,Private sector,482.0,667.0,4662.0,0.0,0.0,0.0,40992.0,2150529.0,57427.0,243278.0,21169.0,106915.0,0.0,0.0,2323.0,9315.0,429367.0,892372.0,99435.0,195654.0,97.0,282.0,4943348.0,20394752.0,0.0,0.0
2022-11,UCO BANK,UCO BANK,Public sector,2187.0,218.0,10273.0,3568.0,1503.0,502158.0,0.0,12069193.0,0.0,0.0,0.0,0.0,0.0,0.0,0.0,0.0,2075807.0,3811105.0,473301.0,1089832.0,969.0,15601.0,6904192.0,30188268.0,1907.0,1395.0
2022-11,UJJIVAN SMALL FINANCE BANK,UJJIVAN SMALL FINANCE BANK LIMITED,Small finance,503.0,3.0,0.0,0.0,0.0,288021.0,0.0,7916119.0,0.0,0.0,0.0,0.0,0.0,0.0,0.0,0.0,287282.0,414614.0,122146.0,240677.0,0.0,0.0,2941219.0,12093823.0,136.0,141.0
2022-11,UNION BANK OF INDIA,UNION BANK OF INDIA,Public sector,8042.0,3190.0,41155.0,8032.0,28368.0,236374.0,554993.0,50684814.0,487396.0,1590928.0,271443.0,1059719.0,0.0,0.0,5760.0,37851.0,9115480.0,15910085.0,5459784.0,8827962.0,3090.0,11708.0,46002491.0,140188720.0,12928.0,12982.0
2022-11,UNITY SMALL FINANCE BANK,UNITY SMALL FINANCE BANK LIMITED,Small finance,231.0,0.0,0.0,0.0,0.0,0.0,0.0,537283.0,0.0,0.0,0.0,0.0,0.0,0.0,0.0,0.0,0.0,0.0,0.0,0.0,0.0,0.0,288.0,1076.0,0.0,0.0
2022-11,UTKARSH SMALL FINANCE BANK,UTKARSH SMALL FINANCE BANK LIMITED,Small finance,247.0,7.0,0.0,500.0,0.0,12633.0,0.0,1465531.0,0.0,0.0,0.0,0.0,0.0,0.0,0.0,0.0,39675.0,66787.0,9921.0,18162.0,4.0,0.0,289966.0,1173145.0,0.0,0.0
2022-11,WOORI BANK,WOORI BANK,Foreign,0.0,0.0,0.0,0.0,0.0,0.0,0.0,1091.0,0.0,0.0,0.0,0.0,0.0,0.0,0.0,0.0,5189.0,16037.0,1494.0,4195.0,0.0,0.0,1251.0,8694.0,0.0,0.0
2022-11,YES BANK,YES BANK LTD,Private sector,1069.0,186.0,60986.0,91482.0,342577.0,130186487.0,1361789.0,4075864.0,1908458.0,6097834.0,845235.0,6790708.0,0.0,0.0,19314.0,86113.0,1129361.0,2325717.0,523061.0,1442815.0,56.0,943.0,2698249.0,12676077.0,749.0,744.0
2022-12,AIRTEL PAYMENTS BANK,AIRTEL PAYMENTS BANK,Payments bank,0.0,0.0,0.0,41201.0,0.0,4298371.0,0.0,3645129.0,0.0,0.0,0.0,0.0,0.0,0.0,0.0,0.0,0.0,0.0,238158.0,191231.0,0.0,0.0,0.0,0.0,0.0,0.0
2022-12,AMERICAN EXPRESS BANKING CORPORATION,AMERICAN EXPRESS BANKING CORPORATION,Foreign,0.0,0.0,53490.0,0.0,0.0,0.0,1317153.0,0.0,1174095.0,9112657.0,3150043.0,25083621.0,0.0,0.0,0.0,0.0,0.0,0.0,0.0,0.0,0.0,0.0,0.0,0.0,0.0,0.0
2022-12,AU SMALL FINANCE BANK,AU SMALL FINANCE BANK LTD,Small finance,484.0,3.0,0.0,354.0,0.0,892176.0,386244.0,2374341.0,567566.0,3205699.0,648213.0,4178978.0,1405.0,698.0,5823.0,35619.0,248673.0,641130.0,226700.0,696965.0,235.0,4029.0,976392.0,6280063.0,361.0,366.0
2022-12,AXIS BANK,AXIS BANK LTD,Private sector,5791.0,9851.0,1347823.0,847.0,544192.0,51048928.0,9443017.0,28759959.0,19157977.0,59109720.0,12568657.0,54408027.0,0.0,0.0,65696.0,264625.0,10065773.0,23897863.0,4140972.0,13352164.0,19125.0,473137.0,21269839.0,131229103.0,0.0,0.0
2022-12,BANDHAN BANK,BANDHAN BANK LTD,Private sector,407.0,5.0,37746.0,0.0,0.0,0.0,0.0,5267927.0,0.0,0.0,0.0,0.0,0.0,0.0,0.0,0.0,488987.0,1187265.0,225143.0,650016.0,0.0,0.0,2591262.0,13344636.0,29060.0,28675.0
2022-12,BANK OF AMERICA,BANK OF AMERICA,Foreign,0.0,0.0,0.0,0.0,0.0,0.0,0.0,0.0,1453.0,7971.0,758.0,4649.0,0.0,0.0,0.0,0.0,0.0,0.0,0.0,0.0,0.0,0.0,0.0,0.0,0.0,0.0
2022-12,BANK OF BARODA,BANK OF BARODA,Public sector,8784.0,2672.0,23054.0,40219.0,9363.0,1002791.0,1752184.0,80262159.0,2142716.0,6265686.0,2059844.0,10408129.0,0.0,0.0,15335.0,76562.0,7471808.0,14420026.0,2638048.0,6112771.0,9.0,18.0,28438578.0,132246351.0,1202.0,1094.0
2022-12,BANK OF INDIA,BANK OF INDIA,Public sector,5311.0,2855.0,44015.0,15602.0,103.0,531828.0,84378.0,46576513.0,153722.0,528618.0,73176.0,272492.0,0.0,0.0,9973.0,59013.0,4565087.0,7910408.0,1652279.0,2555268.0,0.0,0.0,17764549.0,69552148.0,3560.0,3428.0
2022-12,BANK OF MAHARASHTRA,BANK OF MAHARASHTRA,Public sector,1817.0,435.0,1892.0,3439.0,355014.0,1048352.0,42447.0,13196639.0,60047.0,239048.0,22966.0,119875.0,0.0,0.0,1079.0,5066.0,1890763.0,2931325.0,708271.0,1033389.0,7496.0,82128.0,6386076.0,26896382.0,0.0,0.0
2022-12,BARCLAYS BANK,BARCLAYS BANK PLC,Foreign,0.0,0.0,0.0,0.0,1.0,0.0,0.0,893.0,0.0,0.0,0.0,0.0,0.0,0.0,0.0,0.0,33.0,494.0,3.0,1.0,0.0,0.0,327.0,2831.0,0.0,0.0
2022-12,CANARA BANK,CANARA BANK,Public sector,8108.0,4039.0,61255.0,8906.0,60.0,2260199.0,603490.0,49420963.0,801652.0,2167868.0,281498.0,1068031.0,0.0,0.0,68025.0,351022.0,9117141.0,19037587.0,2382896.0,5086779.0,5696.0,92691.0,33715968.0,151118550.0,1390.0,1232.0
2022-12,CAPITAL SMALL FINANCE BANK,CAPITAL SMALL FINANCE BANK LTD,Small finance,168.0,2.0,0.0,0.0,0.0,0.0,0.0,205230.0,0.0,0.0,0.0,0.0,0.0,0.0,0.0,0.0,41653.0,119458.0,12164.0,32801.0,0.0,0.0,132272.0,738037.0,0.0,0.0
2022-12,CENTRAL BANK OF INDIA,CENTRAL BANK OF INDIA,Public sector,1248.0,324.0,2455.0,9254.0,7087.0,269874.0,0.0,27742934.0,0.0,0.0,0.0,0.0,0.0,0.0,0.0,0.0,2930172.0,6381100.0,536622.0,1187035.0,0.0,0.0,8876783.0,39284549.0,9968.0,10035.0
2022-12,CITI BANK,CITI BANK,Foreign,47.0,432.0,0.0,0.0,0.0,0.0,2487796.0,1282384.0,8924726.0,24833190.0,3054411.0,18085343.0,0.0,0.0,12076.0,73986.0,876309.0,2528017.0,806416.0,2677641.0,0.0,0.0,869248.0,4984192.0,0.0,0.0
2022-12,CITY UNION BANK,CITY UNION BANK LTD.,Private sector,1115.0,564.0,7046.0,30882.0,0.0,42205.0,2588.0,2699516.0,2494.0,5198.0,722.0,2569.0,0.0,0.0,4.0,11.0,817302.0,1617601.0,132261.0,278497.0,0.0,0.0,2727528.0,14015663.0,0.0,0.0
2022-12,CSB BANK,CSB BANK LTD.,Private sector,459.0,53.0,0.0,1187.0,5665.0,0.0,158.0,864160.0,151.0,173.0,67.0,80.0,0.0,0.0,0.0,0.0,263950.0,474334.0,33701.0,70480.0,16.0,126.0,541028.0,2506557.0,21.0,13.0
2022-12,DBS BANK INDIA,DBS INDIA BANK LTD,Foreign,427.0,499.0,483.0,77.0,0.0,3445.0,146293.0,1793087.0,176153.0,663928.0,113279.0,939859.0,0.0,0.0,2543.0,8262.0,488404.0,805061.0,146358.0,316429.0,28.0,378.0,1060771.0,4736100.0,8.0,6.0
2022-12,DCB BANK,DCB BANK LTD,Private sector,378.0,7.0,8785.0,0.0,6850.0,0.0,0.0,947232.0,0.0,0.0,0.0,0.0,0.0,0.0,0.0,0.0,151617.0,381352.0,31456.0,133114.0,399.0,13751.0,282705.0,1586501.0,0.0,0.0
2022-12,DEUTSCHE BANK,DEUTSCHE BANK LTD,Foreign,13.0,18.0,0.0,0.0,0.0,10.0,0.0,116949.0,0.0,0.0,0.0,0.0,0.0,0.0,0.0,0.0,74464.0,186443.0,8077.0,44059.0,0.0,0.0,49844.0,279635.0,0.0,0.0
2022-12,DHANALAKSHMI BANK,DHANALAKSHMI BANK LTD,Private sector,223.0,42.0,1477.0,0.0,0.0,25960.0,8635.0,531589.0,21732.0,45305.0,5655.0,17605.0,16.0,44.0,167.0,503.0,260770.0,415756.0,22946.0,57939.0,0.0,0.0,490695.0,2088290.0,0.0,0.0
2022-12,EQUITAS SMALL FINANCE BANK,EQUITAS SMALL FINANCE BANK LTD,Small finance,344.0,3.0,21283.0,287.0,38771.0,0.0,0.0,3242688.0,0.0,0.0,0.0,0.0,0.0,0.0,0.0,0.0,254499.0,418630.0,90480.0,395386.0,0.0,0.0,1252507.0,3598367.0,0.0,0.0
2022-12,ESAF SMALL FINANCE BANK,ESAF SMALL FINANCE BANK LTD,Small finance,486.0,2.0,0.0,1752.0,0.0,0.0,0.0,4890212.0,0.0,0.0,0.0,0.0,0.0,0.0,0.0,0.0,268828.0,355319.0,18642.0,35266.0,0.0,0.0,967154.0,4458117.0,67.0,49.0
2022-12,FEDERAL BANK,FEDERAL BANK LTD,Private sector,1544.0,350.0,17976.0,0.0,72715.0,3835840.0,452399.0,12017050.0,1038034.0,3227897.0,1048993.0,5708597.0,0.0,0.0,3842.0,16586.0,5023881.0,8845614.0,1655256.0,4099394.0,2420.0,29777.0,9390056.0,45594552.0,249.0,203.0
2022-12,FINCARE SMALL FINANCE BANK,FINCARE SMALL FINANCE BANK LTD,Small finance,136.0,0.0,0.0,0.0,0.0,0.0,0.0,4143834.0,0.0,0.0,0.0,0.0,0.0,0.0,0.0,0.0,49107.0,60321.0,6722.0,10736.0,0.0,0.0,816665.0,4131047.0,0.0,0.0
2022-12,FINO PAYMENTS BANK,FINO PAYMENTS BANK,Payments bank,0.0,0.0,0.0,355370.0,0.0,18202.0,0.0,5968640.0,0.0,0.0,0.0,0.0,0.0,0.0,0.0,0.0,208550.0,441771.0,16968.0,20766.0,0.0,0.0,1832512.0,5693079.0,203.0,115.0
2022-12,HDFC BANK,HDFC BANK LTD,Private sector,9588.0,9419.0,1534885.0,4232.0,1613210.0,0.0,17012255.0,49483219.0,33907416.0,132909506.0,28833974.0,224039834.0,0.0,0.0,210731.0,1213155.0,23232593.0,58813083.0,14459196.0,42118561.0,120364.0,1865224.0,42230916.0,253574653.0,60083.0,60182.0
2022-12,HSBC,HSBC LTD,Foreign,46.0,28.0,0.0,0.0,0.0,0.0,695122.0,562758.0,817737.0,2723786.0,1058015.0,4558118.0,0.0,0.0,1662.0,13679.0,361025.0,1110492.0,0.0,0.0,0.0,0.0,279334.0,1611383.0,0.0,0.0
2022-12,ICICI BANK,ICICI BANK LTD,Private sector,8805.0,7740.0,1207861.0,9321.0,554965.0,1526559.0,13527648.0,32505167.0,20473500.0,68307431.0,27231934.0,138610414.0,50.0,2396.0,52915.0,258541.0,14748372.0,39604415.0,5495606.0,20613221.0,25988.0,238410.0,22438890.0,146578113.0,18.0,9.0
2022-12,IDBI BANK,IDBI BANK LTD,Private sector,2224.0,1119.0,22374.0,200.0,7840.0,223700.0,44038.0,12816401.0,73607.0,226129.0,43991.0,155710.0,0.0,0.0,401.0,2377.0,2342013.0,4666267.0,507733.0,1135653.0,0.0,0.0,6644715.0,32495524.0,389.0,369.0
2022-12,IDFC FIRST BANK,IDFC FIRST BANK LTD,Private sector,628.0,239.0,34802.0,9893.0,0.0,38079.0,1365384.0,5751063.0,2020555.0,6783846.0,1636193.0,10922000.0,0.0,0.0,22574.0,87981.0,1159874.0,2402516.0,394924.0,1614293.0,0.0,0.0,3878520.0,19052987.0,0.0,0.0
2022-12,INDIA POST PAYMENTS BANK,INDIA POST PAYMENTS BANK,Payments bank,0.0,0.0,0.0,145000.0,0.0,122054.0,0.0,8771964.0,0.0,0.0,0.0,0.0,0.0,0.0,0.0,0.0,0.0,0.0,469116.0,659737.0,0.0,0.0,0.0,0.0,0.0,0.0
2022-12,INDIAN BANK,INDIAN BANK,Public sector,4358.0,611.0,14855.0,10249.0,0.0,880034.0,156120.0,29316010.0,137869.0,454206.0,68760.0,280831.0,0.0,0.0,3047.0,19764.0,5153966.0,9852158.0,2106556.0,3534711.0,4778.0,72123.0,20287627.0,93573858.0,59214.0,58496.0
2022-12,INDIAN OVERSEAS BANK,INDIAN OVERSEAS BANK,Public sector,2708.0,746.0,0.0,0.0,0.0,240762.0,75520.0,15959037.0,72599.0,183257.0,27056.0,72426.0,0.0,0.0,2410.0,10964.0,3544942.0,6499989.0,963038.0,1703676.0,0.0,0.0,15582367.0,64235853.0,0.0,0.0
2022-12,INDUSIND BANK,INDUSIND BANK LTD,Private sector,1649.0,1247.0,251154.0,151.0,56526.0,3139686.0,2068093.0,7938791.0,3567018.0,17903123.0,2284275.0,50917909.0,0.0,0.0,26715.0,134786.0,1478162.0,3330743.0,864981.0,2897941.0,1099.0,78646.0,5060206.0,26008169.0,0.0,0.0
2022-12,JAMMU AND KASHMIR BANK,JAMMU AND KASHMIR BANK LTD,Private sector,858.0,627.0,11626.0,945.0,0.0,116441.0,86146.0,3740540.0,167788.0,1141335.0,117454.0,318400.0,0.0,0.0,6835.0,27685.0,1673401.0,2902886.0,2562645.0,1309330.0,0.0,0.0,5981485.0,30872270.0,4.0,3.0
2022-12,JANA SMALL FINANCE BANK,JANA SMALL FINANCE BANK LTD,Small finance,59.0,2.0,0.0,164.0,0.0,494540.0,0.0,2628700.0,0.0,0.0,0.0,0.0,0.0,0.0,0.0,0.0,55748.0,88205.0,9646.0,20625.0,0.0,0.0,337642.0,1720177.0,0.0,0.0
2022-12,JIO PAYMENTS BANK,JIO PAYMENTS BANK,Payments bank,0.0,0.0,0.0,0.0,0.0,0.0,0.0,0.0,0.0,0.0,0.0,0.0,0.0,0.0,0.0,0.0,0.0,0.0,0.0,0.0,0.0,0.0,0.0,0.0,0.0,0.0
2022-12,KARNATAKA BANK,KARNATAKA BANK LTD,Private sector,869.0,594.0,9340.0,0.0,0.0,43857.0,0.0,5137671.0,0.0,0.0,0.0,0.0,0.0,0.0,0.0,0.0,1690149.0,2533957.0,211773.0,448118.0,0.0,0.0,4406674.0,19621354.0,0.0,0.0
2022-12,KARUR VYSYA BANK,KARUR VYSYA BANK LTD,Private sector,1382.0,851.0,11445.0,0.0,0.0,22363.0,9665.0,4164315.0,29992.0,191506.0,9204.0,93503.0,0.0,0.0,822.0,5970.0,1758877.0,3665419.0,296790.0,897523.0,9849.0,205379.0,4969981.0,23536044.0,0.0,0.0
2022-12,KOTAK MAHINDRA BANK,KOTAK MAHINDRA BANK LTD,Private sector,1485.0,1329.0,70678.0,7484.0,46855.0,375241.0,4736952.0,27097025.0,5255815.0,16504748.0,4025457.0,24983508.0,0.0,0.0,49507.0,181695.0,4399663.0,8465905.0,3022241.0,7044395.0,0.0,0.0,12021399.0,55067167.0,0.0,0.0
2022-12,NAINITAL BANK,NAINITAL BANK LTD,Private sector,0.0,0.0,0.0,0.0,0.0,0.0,0.0,198232.0,0.0,0.0,0.0,0.0,0.0,0.0,0.0,0.0,29774.0,53413.0,15990.0,33407.0,0.0,0.0,96246.0,437353.0,31.0,19.0
2022-12,NORTH EAST SMALL FINANCE BANK,NORTH EAST SMALL FINANCE BANK LTD,Small finance,9.0,1.0,0.0,0.0,0.0,0.0,0.0,373413.0,0.0,0.0,0.0,0.0,0.0,0.0,0.0,0.0,16972.0,23327.0,0.0,0.0,0.0,0.0,56924.0,223573.0,0.0,0.0
2022-12,NSDL PAYMENTS BANK,NSDL PAYMENTS BANK,Payments bank,0.0,0.0,0.0,225563.0,0.0,0.0,0.0,464813.0,0.0,0.0,0.0,0.0,0.0,0.0,0.0,0.0,629.0,748.0,36647.0,19028.0,0.0,0.0,3733.0,13887.0,0.0,0.0
2022-12,PAYTM PAYMENTS BANK,PAYTM PAYMENTS BANK,Payments bank,1.0,62.0,547236.0,0.0,0.0,27319154.0,0.0,37783416.0,0.0,0.0,0.0,0.0,0.0,0.0,0.0,0.0,518810.0,660714.0,1464379.0,2276347.0,0.0,0.0,1610800.0,6403333.0,0.0,0.0
2022-12,PUNJAB AND SIND BANK,PUNJAB AND SIND BANK,Public sector,787.0,22.0,1063.0,357.0,1158.0,26696.0,0.0,3606404.0,0.0,0.0,0.0,0.0,0.0,0.0,0.0,0.0,670643.0,1484115.0,134199.0,430964.0,0.0,0.0,1594156.0,7353288.0,0.0,0.0
2022-12,PUNJAB NATIONAL BANK,PUNJAB NATIONAL BANK,Public sector,8150.0,4807.0,46519.0,11265.0,620708.0,62420.0,317715.0,41052957.0,485301.0,1590175.0,197891.0,697239.0,0.0,0.0,4653.0,14584.0,7044170.0,15447155.0,3379060.0,6555496.0,0.0,0.0,27189825.0,132930191.0,0.0,0.0
2022-12,RBL BANK,RBL BANK LTD,Private sector,373.0,40.0,895557.0,0.0,47378.0,73535.0,4237024.0,1537173.0,7178597.0,30138966.0,3159696.0,23948687.0,0.0,0.0,45500.0,142523.0,293909.0,636617.0,124260.0,463774.0,146.0,7755.0,641659.0,3178010.0,0.0,0.0
2022-12,SBM BANK INDIA,SBM BANK INDIA LTD,Foreign,0.0,0.0,0.0,337076.0,0.0,0.0,968018.0,470671.0,481896.0,1522200.0,1069583.0,4358637.0,0.0,0.0,51011.0,308769.0,19795.0,47319.0,58118.0,137273.0,0.0,0.0,52249.0,142669.0,0.0,0.0
2022-12,SHIVALIK SMALL FINANCE BANK,SHIVALIK SMALL FINANCE BANK LTD,Small finance,31.0,1.0,77.0,295.0,0.0,447.0,0.0,86681.0,0.0,0.0,0.0,0.0,0.0,0.0,0.0,0.0,6362.0,13510.0,5691.0,16552.0,0.0,0.0,35686.0,187556.0,0.0,0.0
2022-12,SOUTH INDIAN BANK,SOUTH INDIAN BANK,Private sector,857.0,420.0,14045.0,0.0,6083.0,67396.0,186575.0,3545940.0,492577.0,1560271.0,448386.0,2955944.0,0.0,0.0,0.0,0.0,1852567.0,3528510.0,300329.0,848582.0,0.0,0.0,3297166.0,14830815.0,0.0,0.0
2022-12,STANDARD CHARTERED BANK,STANDARD CHARTERED BANK LTD,Foreign,99.0,73.0,0.0,0.0,0.0,0.0,1073904.0,1154130.0,1584838.0,4950861.0,1400006.0,6449095.0,0.0,0.0,2708.0,16641.0,1081397.0,2356874.0,133610.0,634970.0,31.0,612.0,964832.0,4624045.0,0.0,0.0
2022-12,STATE BANK OF INDIA,STATE BANK OF INDIA,Public sector,25686.0,39964.0,1125659.0,51795.0,571649.0,2117868.0,15883906.0,272999290.0,26966567.0,80666558.0,19196584.0,156819069.0,0.0,0.0,117205.0,439215.0,53776881.0,109832329.0,21368886.0,41046286.0,1882.0,25410.0,196412780.0,954396058.0,52042.0,49928.0
2022-12,SURYODAY SMALL FINANCE BANK,SURYODAY SMALL FINANCE BANK LTD,Small finance,0.0,0.0,0.0,67.0,0.0,0.0,0.0,546338.0,0.0,0.0,0.0,0.0,0.0,0.0,0.0,0.0,11690.0,17535.0,1702.0,5383.0,0.0,0.0,148923.0,420914.0,0.0,0.0
2022-12,TAMILNAD MERCANTILE BANK,TAMILNAD MERCANTILE BANK LTD,Private sector,482.0,666.0,4593.0,0.0,0.0,0.0,40997.0,2161226.0,57580.0,261914.0,12776.0,67706.0,0.0,0.0,2561.0,9733.0,480707.0,1043636.0,101030.0,201076.0,95.0,296.0,5179329.0,21797167.0,0.0,0.0
2022-12,UCO BANK,UCO BANK,Public sector,2194.0,216.0,10402.0,3568.0,1490.0,525657.0,0.0,12163701.0,0.0,0.0,0.0,0.0,0.0,0.0,0.0,0.0,2065550.0,3803286.0,457001.0,1117544.0,1020.0,18069.0,7131900.0,31394716.0,1762.0,1390.0
2022-12,UJJIVAN SMALL FINANCE BANK,UJJIVAN SMALL FINANCE BANK LTD,Small finance,508.0,3.0,0.0,0.0,0.0,308359.0,0.0,8152832.0,0.0,0.0,0.0,0.0,0.0,0.0,0.0,0.0,294964.0,452966.0,116391.0,250221.0,0.0,0.0,3829161.0,15822488.0,152.0,142.0
2022-12,UNION BANK OF INDIA,UNION BANK OF INDIA,Public sector,8042.0,3190.0,41602.0,8032.0,37829.0,236716.0,575846.0,45693679.0,480809.0,1669794.0,286993.0,1129924.0,0.0,0.0,5781.0,46519.0,9387442.0,16784448.0,5268400.0,8760964.0,3616.0,13825.0,49056870.0,148132155.0,15246.0,15188.0
2022-12,UNITY SMALL FINANCE BANK,UNITY SMALL FINANCE BANK LTD,Small finance,231.0,0.0,0.0,0.0,0.0,0.0,0.0,0.0,0.0,0.0,0.0,0.0,0.0,0.0,0.0,0.0,0.0,0.0,0.0,0.0,0.0,0.0,0.0,0.0,0.0,0.0
2022-12,UTKARSH SMALL FINANCE BANK,UTKARSH SMALL FINANCE BANK LTD,Small finance,255.0,8.0,0.0,520.0,0.0,13532.0,0.0,1490353.0,0.0,0.0,0.0,0.0,0.0,0.0,0.0,0.0,41251.0,68506.0,10117.0,22505.0,15.0,57.0,292308.0,1196344.0,0.0,0.0
2022-12,WOORI BANK,WOORI BANK,Foreign,0.0,0.0,0.0,0.0,0.0,0.0,0.0,1121.0,0.0,0.0,0.0,0.0,0.0,0.0,0.0,0.0,5028.0,16178.0,1704.0,4906.0,0.0,0.0,1318.0,8736.0,0.0,0.0
2022-12,YES BANK,YES BANK LTD,Private sector,1073.0,184.0,65512.0,83717.0,353024.0,132928548.0,1399164.0,4160833.0,2104196.0,7008197.0,929749.0,7446179.0,0.0,0.0,21229.0,94711.0,1177718.0,2473543.0,500773.0,1438595.0,54.0,1127.0,2884516.0,13465972.0,610.0,608.0
