month,bank,bank_name_as_published,bank_group,atms_onsite,atms_offsite,pos_terminals,micro_atms,bharat_qr_codes,upi_qr_codes,credit_cards,debit_cards,credit_pos_n,credit_pos_v,credit_online_n,credit_online_v,credit_other_n,credit_other_v,credit_atm_cash_n,credit_atm_cash_v,debit_pos_n,debit_pos_v,debit_online_n,debit_online_v,debit_other_n,debit_other_v,debit_atm_cash_n,debit_atm_cash_v,debit_pos_cash_n,debit_pos_cash_v
2025-01,AIRTEL PAYMENTS BANK,AIRTEL PAYMENTS BANK,Payments bank,0.0,0.0,0.0,144294.0,0.0,1898323.0,0.0,5454797.0,0.0,0.0,0.0,0.0,0.0,0.0,0.0,0.0,52062.0,33722.0,22319.0,48435.0,0.0,0.0,363663.0,1427727.0,0.0,0.0
2025-01,AMERICAN EXPRESS BANKING CORPORATION,AMERICAN EXPRESS BANKING CORPORATION,Foreign,0.0,0.0,28937.0,0.0,0.0,0.0,1453258.0,0.0,1630809.0,14200375.0,4259815.0,40551470.0,0.0,0.0,0.0,0.0,0.0,0.0,0.0,0.0,0.0,0.0,0.0,0.0,0.0,0.0
2025-01,AU SMALL FINANCE BANK,AU SMALL FINANCE BANK LTD,Small finance,672.0,6.0,0.0,845.0,0.0,341603.0,1023332.0,8876794.0,939945.0,4684073.0,1945253.0,5298077.0,401.0,183.0,3712.0,20176.0,190721.0,510508.0,187999.0,821974.0,170.0,2538.0,1528484.0,8098128.0,108.0,108.0
2025-01,AXIS BANK,AXIS BANK LTD,Private sector,6595.0,7933.0,2017258.0,369.0,626833.0,98225897.0,14782101.0,39562869.0,35083926.0,89255796.0,26179236.0,112865916.0,0.0,0.0,74401.0,376148.0,4368310.0,15074657.0,1899495.0,11160016.0,12922.0,348364.0,17368710.0,115354101.0,0.0,0.0
2025-01,BANDHAN BANK,BANDHAN BANK LTD,Private sector,433.0,5.0,66939.0,0.0,23620.0,0.0,0.0,6095700.0,0.0,0.0,0.0,0.0,0.0,0.0,0.0,0.0,218555.0,738883.0,56726.0,337264.0,0.0,0.0,2259948.0,12527291.0,10.0,5.0
2025-01,BANK OF AMERICA,BANK OF AMERICA,Foreign,0.0,0.0,0.0,0.0,0.0,0.0,0.0,0.0,0.0,0.0,0.0,0.0,0.0,0.0,0.0,0.0,0.0,0.0,0.0,0.0,0.0,0.0,0.0,0.0,0.0,0.0
2025-01,BANK OF BAHRAIN AND KUWAIT B S C,BANK OF BAHRAIN & KUWAIT B.S.C.,Foreign,0.0,0.0,0.0,0.0,0.0,0.0,0.0,859.0,0.0,0.0,0.0,0.0,0.0,0.0,0.0,0.0,1071.0,3861.0,95.0,2726.0,0.0,0.0,1371.0,6739.0,0.0,0.0
2025-01,BANK OF BARODA,BANK OF BARODA,Public sector,8504.0,2411.0,48728.0,44612.0,23532.0,2379429.0,2936005.0,87899577.0,6834186.0,13647803.0,3209685.0,17215567.0,0.0,0.0,12589.0,63510.0,3232534.0,7933860.0,339817.0,2414933.0,16.0,38.0,23893359.0,120380330.0,51.0,48.0
2025-01,BANK OF INDIA,BANK OF INDIA,Public sector,5341.0,2895.0,18267.0,22334.0,0.0,1238013.0,72345.0,36546639.0,136483.0,547386.0,47299.0,200081.0,0.0,0.0,5436.0,29163.0,2132758.0,4713490.0,410611.0,948643.0,0.0,0.0,15092018.0,63783084.0,260.0,256.0
2025-01,BANK OF MAHARASHTRA,BANK OF MAHARASHTRA,Public sector,2197.0,252.0,1368.0,3660.0,355014.0,932607.0,31206.0,13998450.0,44145.0,204863.0,18261.0,102290.0,0.0,0.0,775.0,3709.0,1077781.0,2278072.0,213751.0,625654.0,5862.0,65085.0,6243739.0,29366539.0,0.0,0.0
2025-01,BARCLAYS BANK,BARCLAYS BANK PLC,Foreign,0.0,0.0,0.0,0.0,1.0,0.0,0.0,1061.0,0.0,0.0,0.0,0.0,0.0,0.0,0.0,0.0,55.0,203.0,0.0,0.0,0.0,0.0,449.0,4189.0,0.0,0.0
2025-01,CANARA BANK,CANARA BANK,Public sector,8174.0,3794.0,78258.0,13180.0,0.0,3499846.0,998100.0,60036049.0,1074161.0,4244651.0,473533.0,2830585.0,0.0,0.0,99144.0,560312.0,5649610.0,16144775.0,912430.0,3886620.0,4643.0,79945.0,30643558.0,150843429.0,47.0,44.0
2025-01,CAPITAL SMALL FINANCE BANK,CAPITAL SMALL FINANCE BANK LTD,Small finance,185.0,2.0,0.0,0.0,0.0,0.0,0.0,235625.0,0.0,0.0,0.0,0.0,0.0,0.0,0.0,0.0,23846.0,85582.0,2905.0,12842.0,0.0,0.0,111975.0,671187.0,0.0,0.0
2025-01,CENTRAL BANK OF INDIA,CENTRAL BANK OF INDIA,Public sector,2857.0,1144.0,3324.0,2722.0,36032.0,1964679.0,0.0,28256084.0,0.0,0.0,0.0,0.0,0.0,0.0,0.0,0.0,1393749.0,3504844.0,202024.0,721397.0,0.0,0.0,8403997.0,39560576.0,2977.0,3014.0
2025-01,CITI BANK,CITI BANK,Foreign,0.0,0.0,0.0,0.0,0.0,0.0,227866.0,0.0,138724.0,811044.0,268020.0,4688379.0,0.0,0.0,468.0,3825.0,0.0,0.0,0.0,0.0,0.0,0.0,0.0,0.0,0.0,0.0
2025-01,CITY UNION BANK,CITY UNION BANK LTD.,Private sector,1179.0,518.0,7300.0,95207.0,0.0,72827.0,26657.0,3011141.0,49464.0,223097.0,20673.0,233925.0,0.0,0.0,212.0,1237.0,480705.0,1364763.0,42301.0,131363.0,0.0,0.0,2392314.0,13638792.0,0.0,0.0
2025-01,CSB BANK,CSB BANK LTD.,Private sector,745.0,39.0,0.0,0.0,16967.0,0.0,156506.0,914893.0,265362.0,774733.0,1547422.0,1631805.0,0.0,0.0,0.0,0.0,146783.0,339322.0,10549.0,43695.0,0.0,0.0,437170.0,2231814.0,1.0,1.0
2025-01,DBS BANK INDIA,DBS INDIA BANK LTD,Foreign,440.0,335.0,645.0,90.0,0.0,7594.0,494552.0,1683757.0,500563.0,2300283.0,286202.0,2481660.0,0.0,0.0,2795.0,8176.0,184273.0,471196.0,86210.0,280835.0,0.0,0.0,737405.0,4019895.0,0.0,0.0
2025-01,DCB BANK,DCB BANK LTD,Private sector,425.0,5.0,8059.0,0.0,18188.0,0.0,44.0,852309.0,65.0,156.0,26.0,62.0,0.0,0.0,1.0,2.0,74613.0,242325.0,43441.0,157566.0,267.0,7895.0,261230.0,1558676.0,0.0,0.0
2025-01,DEUTSCHE BANK,DEUTSCHE BANK LTD,Foreign,13.0,2.0,0.0,0.0,0.0,10.0,0.0,104271.0,0.0,0.0,0.0,0.0,0.0,0.0,0.0,0.0,22944.0,80461.0,12445.0,49799.0,0.0,0.0,26737.0,163718.0,0.0,0.0
2025-01,DHANALAXMI BANK,DHANALAXMI BANK LTD,Private sector,241.0,39.0,1506.0,0.0,0.0,37031.0,13047.0,579552.0,26977.0,63916.0,6788.0,29872.0,0.0,0.0,280.0,998.0,135454.0,279081.0,5680.0,13354.0,0.0,0.0,432811.0,1929435.0,0.0,0.0
2025-01,DOHA BANK Q P S C,DOHA BANK Q.P.S.C.,Foreign,2.0,0.0,0.0,0.0,0.0,0.0,0.0,22703.0,0.0,0.0,0.0,0.0,0.0,0.0,0.0,0.0,714.0,2403.0,184.0,637.0,0.0,0.0,2031.0,12527.0,0.0,0.0
2025-01,EQUITAS SMALL FINANCE BANK,EQUITAS SMALL FINANCE BANK LTD,Small finance,371.0,4.0,2828.0,332.0,55982.0,0.0,65.0,1358401.0,210.0,313.0,151.0,454.0,0.0,0.0,5.0,19.0,105952.0,265261.0,25667.0,115014.0,0.0,0.0,2024211.0,5961985.0,0.0,0.0
2025-01,ESAF SMALL FINANCE BANK,ESAF SMALL FINANCE BANK LTD,Small finance,676.0,2.0,0.0,4177.0,0.0,0.0,47.0,5808783.0,43.0,108.0,312.0,287.0,0.0,0.0,0.0,0.0,139572.0,283004.0,10685.0,36969.0,0.0,0.0,801370.0,3897285.0,0.0,0.0
2025-01,FEDERAL BANK,FEDERAL BANK LTD,Private sector,1744.0,314.0,21342.0,0.0,0.0,5805409.0,1120269.0,14025929.0,2619996.0,7312088.0,1729890.0,9641115.0,0.0,0.0,5984.0,28298.0,2796512.0,8020997.0,1178348.0,4405488.0,3331.0,47446.0,7810298.0,40660068.0,45.0,44.0
2025-01,FINO PAYMENTS BANK,FINO PAYMENTS BANK,Payments bank,0.0,0.0,0.0,448059.0,0.0,11181.0,0.0,10071407.0,0.0,0.0,0.0,0.0,0.0,0.0,0.0,0.0,129291.0,287184.0,9849.0,36658.0,0.0,0.0,2168182.0,7503707.0,6.0,3.0
2025-01,HDFC BANK,HDFC BANK LTD,Private sector,12421.0,8540.0,1722629.0,2351.0,2280111.0,842961.0,23444799.0,58648304.0,78092723.0,178288408.0,35653914.0,328352007.0,0.0,0.0,190569.0,1242860.0,9522740.0,36629457.0,6748574.0,34887239.0,67226.0,919062.0,33559000.0,228927930.0,2116.0,2164.0
2025-01,HSBC,HSBC LTD,Foreign,46.0,26.0,0.0,0.0,0.0,0.0,843281.0,857750.0,991835.0,3673598.0,1635903.0,15655321.0,0.0,0.0,2973.0,21070.0,259685.0,1343274.0,0.0,0.0,0.0,0.0,239874.0,1451256.0,0.0,0.0
2025-01,ICICI BANK,ICICI BANK LTD,Private sector,10239.0,5960.0,1878122.0,6266.0,598076.0,3701903.0,18084209.0,31847642.0,18792992.0,108253073.0,61348884.0,248563022.0,54.0,4306.0,65501.0,333134.0,5431957.0,23620784.0,3281031.0,20191129.0,5750.0,117996.0,14789213.0,109666039.0,1.0,0.0
2025-01,IDBI BANK,IDBI BANK LTD,Private sector,2383.0,776.0,13417.0,1258.0,0.0,352631.0,41970.0,12168642.0,76292.0,337907.0,60292.0,272142.0,0.0,0.0,546.0,3356.0,1077467.0,2669186.0,218322.0,681426.0,0.0,0.0,5116727.0,26523127.0,115.0,61.0
2025-01,IDFC FIRST BANK,IDFC FIRST BANK LTD,Private sector,906.0,311.0,43977.0,7497.0,0.0,128782.0,3388080.0,6562266.0,10892095.0,19571280.0,2387102.0,16832501.0,0.0,0.0,25299.0,122670.0,599353.0,2035041.0,268589.0,3067732.0,0.0,0.0,3462138.0,19277859.0,0.0,0.0
2025-01,INDIA POST PAYMENTS BANK,INDIA POST PAYMENTS BANK,Payments bank,0.0,0.0,0.0,192695.0,0.0,1836289.0,0.0,22687936.0,0.0,0.0,0.0,0.0,0.0,0.0,0.0,0.0,0.0,0.0,194936.0,93210.0,0.0,0.0,0.0,0.0,0.0,0.0
2025-01,INDIAN BANK,INDIAN BANK,Public sector,4616.0,607.0,20924.0,13653.0,0.0,2855046.0,282701.0,33140182.0,222614.0,982201.0,273579.0,1329669.0,0.0,0.0,4389.0,33913.0,2919428.0,7135228.0,517359.0,1253491.0,172.0,574.0,18994852.0,92238269.0,1192.0,1189.0
2025-01,INDIAN OVERSEAS BANK,INDIAN OVERSEAS BANK,Public sector,2765.0,733.0,0.0,9737.0,0.0,444312.0,67280.0,17767446.0,73644.0,234238.0,24221.0,93680.0,0.0,0.0,2609.0,13141.0,2136718.0,4942472.0,316016.0,824293.0,0.0,0.0,11719990.0,50149331.0,0.0,0.0
2025-01,INDUSIND BANK,INDUSIND BANK LTD,Private sector,1989.0,1041.0,247114.0,141.0,45384.0,7293047.0,3152176.0,11070989.0,4129599.0,47207241.0,8295251.0,41684679.0,0.0,0.0,25055.0,135234.0,677555.0,2117531.0,503118.0,2745077.0,993.0,81790.0,3824476.0,23895503.0,0.0,0.0
2025-01,JAMMU AND KASHMIR BANK,JAMMU AND KASHMIR BANK LTD,Private sector,944.0,634.0,14422.0,942.0,0.0,609095.0,127230.0,4785021.0,194241.0,1678287.0,103391.0,424308.0,0.0,0.0,11861.0,51449.0,672146.0,1871485.0,862663.0,675032.0,0.0,0.0,5007172.0,26191822.0,0.0,0.0
2025-01,JANA SMALL FINANCE BANK,JANA SMALL FINANCE BANK LTD,Small finance,58.0,3.0,0.0,122.0,0.0,504645.0,0.0,3711287.0,0.0,0.0,0.0,0.0,0.0,0.0,0.0,0.0,42086.0,99481.0,7613.0,32341.0,0.0,0.0,391542.0,1864743.0,0.0,0.0
2025-01,JIO PAYMENTS BANK,JIO PAYMENTS BANK,Payments bank,0.0,0.0,0.0,0.0,0.0,108889.0,0.0,439854.0,0.0,0.0,0.0,0.0,0.0,0.0,0.0,0.0,13469.0,13359.0,26948.0,43231.0,1582.0,519.0,50951.0,199835.0,0.0,0.0
2025-01,KARNATAKA BANK,KARNATAKA BANK LTD,Private sector,948.0,561.0,10689.0,0.0,0.0,116869.0,0.0,5515397.0,0.0,0.0,0.0,0.0,0.0,0.0,0.0,0.0,711812.0,1509359.0,52815.0,164563.0,0.0,0.0,3714657.0,18482419.0,0.0,0.0
2025-01,KARUR VYSYA BANK,KARUR VYSYA BANK LTD,Private sector,1517.0,701.0,2365.0,0.0,0.0,44773.0,10820.0,5112105.0,25095.0,172405.0,7406.0,112959.0,0.0,0.0,412.0,3200.0,907570.0,2406554.0,129889.0,606281.0,0.0,0.0,3985771.0,20134108.0,0.0,0.0
2025-01,KEB HANA BANK,KEB HANA BANK,Foreign,1.0,0.0,0.0,0.0,0.0,0.0,0.0,1628.0,0.0,0.0,0.0,0.0,0.0,0.0,0.0,0.0,1089.0,4143.0,133.0,395.0,0.0,0.0,356.0,2481.0,0.0,0.0
2025-01,KOOKMIN BANK,KOOKMIN BANK,Foreign,0.0,0.0,0.0,0.0,0.0,0.0,0.0,493.0,0.0,0.0,0.0,0.0,0.0,0.0,0.0,0.0,551.0,1695.0,134.0,208.0,0.0,0.0,90.0,600.0,0.0,0.0
2025-01,KOTAK MAHINDRA BANK,KOTAK MAHINDRA BANK LTD,Private sector,1908.0,1422.0,81801.0,0.0,142816.0,692667.0,4995388.0,34856978.0,11474319.0,27243308.0,4364672.0,43070842.0,0.0,0.0,26180.0,131024.0,1823025.0,4874872.0,1594938.0,5288341.0,0.0,0.0,10212901.0,52754644.0,0.0,0.0
2025-01,NAINITAL BANK,NAINITAL BANK LTD,Private sector,0.0,0.0,0.0,0.0,0.0,0.0,0.0,288139.0,0.0,0.0,0.0,0.0,0.0,0.0,0.0,0.0,13258.0,26882.0,3702.0,12579.0,0.0,0.0,65879.0,327276.0,0.0,0.0
2025-01,NORTH EAST SMALL FINANCE BANK,NORTH EAST SMALL FINANCE BANK LTD,Small finance,16.0,1.0,0.0,0.0,0.0,0.0,0.0,479760.0,0.0,0.0,0.0,0.0,0.0,0.0,0.0,0.0,3132.0,4526.0,3360.0,5697.0,0.0,0.0,164304.0,338352.0,41.0,33.0
2025-01,NSDL PAYMENTS BANK,NSDL PAYMENTS BANK,Payments bank,0.0,0.0,0.0,306927.0,0.0,0.0,0.0,1400966.0,0.0,0.0,0.0,0.0,0.0,0.0,0.0,0.0,20643.0,25350.0,24183.0,25068.0,0.0,0.0,395137.0,1024565.0,0.0,0.0
2025-01,PAYTM PAYMENTS BANK,PAYTM PAYMENTS BANK,Payments bank,0.0,0.0,0.0,0.0,0.0,0.0,0.0,30602679.0,0.0,0.0,0.0,0.0,0.0,0.0,0.0,0.0,142.0,100.0,433.0,156.0,0.0,0.0,126.0,358.0,0.0,0.0
2025-01,PUNJAB AND SIND BANK,PUNJAB AND SIND BANK,Public sector,1019.0,27.0,941.0,1681.0,1087.0,168908.0,0.0,3478508.0,0.0,0.0,0.0,0.0,0.0,0.0,0.0,0.0,296623.0,809352.0,83816.0,240866.0,0.0,0.0,1391280.0,6995931.0,0.0,0.0
2025-01,PUNJAB NATIONAL BANK,PUNJAB NATIONAL BANK,Public sector,7816.0,4188.0,34151.0,0.0,678151.0,903047.0,584549.0,41061227.0,353392.0,1575636.0,258518.0,1567207.0,2.0,119.0,6805.0,21490.0,3882226.0,10518439.0,1141117.0,3126512.0,0.0,0.0,24393039.0,127630387.0,0.0,0.0
2025-01,RBL BANK,RBL BANK LTD,Private sector,377.0,35.0,2288788.0,0.0,3429.0,139103.0,4973507.0,1623894.0,5297057.0,28734819.0,5397321.0,44530555.0,0.0,0.0,33433.0,146919.0,150175.0,456587.0,89299.0,642816.0,72.0,4090.0,523965.0,2899033.0,0.0,0.0
2025-01,SBM BANK INDIA,SBM BANK INDIA LTD,Foreign,0.0,0.0,0.0,0.0,0.0,0.0,711778.0,824658.0,208077.0,334437.0,402866.0,903441.0,0.0,0.0,7155.0,34907.0,8754.0,24260.0,7253.0,19832.0,0.0,0.0,25568.0,79869.0,0.0,0.0
2025-01,SHIVALIK SMALL FINANCE BANK,SHIVALIK SMALL FINANCE BANK LTD,Small finance,0.0,0.0,0.0,0.0,0.0,0.0,0.0,70974.0,0.0,0.0,0.0,0.0,0.0,0.0,0.0,0.0,2599.0,6318.0,2489.0,11063.0,0.0,0.0,22679.0,124613.0,0.0,0.0
2025-01,SOUTH INDIAN BANK,SOUTH INDIAN BANK,Private sector,911.0,370.0,13877.0,0.0,37570.0,100883.0,382768.0,3745044.0,606428.0,2342569.0,654776.0,4134706.0,0.0,0.0,0.0,0.0,991806.0,2757681.0,172235.0,840833.0,0.0,0.0,2822112.0,14594621.0,0.0,0.0
2025-01,STANDARD CHARTERED BANK,STANDARD CHARTERED BANK LTD,Foreign,101.0,45.0,0.0,0.0,0.0,0.0,904392.0,1034616.0,994813.0,3715872.0,1123993.0,6085627.0,0.0,0.0,2103.0,14511.0,290219.0,1012489.0,140650.0,594850.0,26.0,606.0,577731.0,3096458.0,0.0,0.0
2025-01,STATE BANK OF INDIA,STATE BANK OF INDIA,Public sector,27254.0,37739.0,1511604.0,47060.0,982184.0,4702096.0,20481479.0,237986554.0,26503243.0,111736986.0,47427768.0,178029833.0,0.0,0.0,140771.0,587473.0,29919640.0,75395548.0,6486538.0,20120401.0,778.0,10062.0,157188702.0,847272075.0,16029.0,14778.0
2025-01,SURYODAY SMALL FINANCE BANK,SURYODAY SMALL FINANCE BANK LTD,Small finance,0.0,0.0,0.0,67.0,0.0,0.0,29.0,837740.0,7.0,6.0,78.0,36.0,0.0,0.0,1.0,0.0,45536.0,53161.0,955.0,4659.0,0.0,0.0,62982.0,270902.0,0.0,0.0
2025-01,TAMILNAD MERCANTILE BANK,TAMILNAD MERCANTILE BANK LTD,Private sector,505.0,650.0,2339.0,0.0,0.0,172760.0,33049.0,2401202.0,43330.0,198806.0,16948.0,107139.0,0.0,0.0,1974.0,7886.0,357803.0,951667.0,28184.0,134234.0,96.0,305.0,4621778.0,21695809.0,0.0,0.0
2025-01,UCO BANK,UCO BANK,Public sector,2254.0,226.0,10865.0,3568.0,219.0,1251920.0,0.0,12564057.0,0.0,0.0,0.0,0.0,0.0,0.0,0.0,0.0,844108.0,2214144.0,281851.0,729232.0,789.0,11890.0,6331887.0,30817570.0,184.0,173.0
2025-01,UJJIVAN SMALL FINANCE BANK,UJJIVAN SMALL FINANCE BANK LTD,Small finance,608.0,4.0,0.0,0.0,0.0,579324.0,0.0,7267704.0,0.0,0.0,0.0,0.0,0.0,0.0,0.0,0.0,139887.0,298729.0,36368.0,136833.0,0.0,0.0,3108590.0,12449347.0,4.0,4.0
2025-01,UNION BANK OF INDIA,UNION BANK OF INDIA,Public sector,6786.0,1340.0,49385.0,8007.0,320856.0,288168.0,512281.0,55013536.0,576063.0,2469595.0,1607571.0,3219915.0,0.0,0.0,9606.0,41316.0,4238772.0,9898191.0,1429797.0,3504564.0,3022.0,12025.0,46249776.0,128597054.0,917.0,5531.0
2025-01,UNITY SMALL FINANCE BANK,UNITY SMALL FINANCE BANK LTD,Small finance,188.0,0.0,0.0,0.0,0.0,0.0,0.0,67016.0,0.0,0.0,0.0,0.0,0.0,0.0,0.0,0.0,7223.0,13174.0,695.0,2542.0,0.0,0.0,27843.0,114809.0,0.0,0.0
2025-01,UTKARSH SMALL FINANCE BANK,UTKARSH SMALL FINANCE BANK LTD,Small finance,362.0,7.0,0.0,719.0,0.0,39125.0,105346.0,1678310.0,4867.0,6945.0,27824.0,24347.0,634619.0,112254.0,223.0,199.0,27680.0,98691.0,8548.0,51950.0,19.0,340.0,243074.0,1472762.0,0.0,0.0
2025-01,WOORI BANK,WOORI BANK,Foreign,0.0,0.0,0.0,0.0,0.0,0.0,0.0,1293.0,0.0,0.0,0.0,0.0,0.0,0.0,0.0,0.0,2171.0,7886.0,1123.0,3373.0,0.0,0.0,654.0,4806.0,0.0,0.0
2025-01,YES BANK,YES BANK LTD,Private sector,1170.0,157.0,100561.0,91327.0,197040.0,495873010.0,2410672.0,5039830.0,8845532.0,17265740.0,1129148.0,14085266.0,0.0,0.0,15886.0,82578.0,494478.0,1482414.0,131049.0,920690.0,46.0,494.0,2061386.0,11292822.0,223.0,224.0
2025-02,AIRTEL PAYMENTS BANK,AIRTEL PAYMENTS BANK,Payments bank,0.0,0.0,0.0,146099.0,0.0,1523372.0,0.0,5758457.0,0.0,0.0,0.0,0.0,0.0,0.0,0.0,0.0,47842.0,35255.0,28895.0,50278.0,0.0,0.0,364095.0,1382883.0,0.0,0.0
2025-02,AMERICAN EXPRESS BANKING CORPORATION,AMERICAN EXPRESS BANKING CORPORATION,Foreign,0.0,0.0,21973.0,0.0,0.0,0.0,1466843.0,0.0,1500834.0,13204824.0,3897427.0,37841348.0,0.0,0.0,0.0,0.0,0.0,0.0,0.0,0.0,0.0,0.0,0.0,0.0,0.0,0.0
2025-02,AU SMALL FINANCE BANK,AU SMALL FINANCE BANK LTD,Small finance,671.0,6.0,0.0,848.0,0.0,342967.0,1016630.0,8926358.0,825973.0,4143525.0,1853626.0,4424524.0,355.0,164.0,2840.0,15448.0,164587.0,457556.0,172946.0,699288.0,147.0,2009.0,1323884.0,7124685.0,54.0,54.0
2025-02,AXIS BANK,AXIS BANK LTD,Private sector,6576.0,7889.0,2087090.0,369.0,635891.0,99847175.0,14770420.0,39365805.0,32556409.0,85784307.0,23814131.0,103058401.0,0.0,0.0,65041.0,336853.0,3717674.0,13041518.0,1676207.0,8961951.0,10672.0,278667.0,15846809.0,105258608.0,0.0,0.0
2025-02,BANDHAN BANK,BANDHAN BANK LTD,Private sector,433.0,5.0,67479.0,0.0,26021.0,0.0,0.0,6122759.0,0.0,0.0,0.0,0.0,0.0,0.0,0.0,0.0,199098.0,689735.0,54475.0,335622.0,0.0,0.0,2074932.0,11515572.0,12.0,11.0
2025-02,BANK OF AMERICA,BANK OF AMERICA,Foreign,0.0,0.0,0.0,0.0,0.0,0.0,0.0,0.0,0.0,0.0,0.0,0.0,0.0,0.0,0.0,0.0,0.0,0.0,0.0,0.0,0.0,0.0,0.0,0.0,0.0,0.0
2025-02,BANK OF BAHRAIN AND KUWAIT B S C,BANK OF BAHRAIN & KUWAIT B.S.C.,Foreign,0.0,0.0,0.0,0.0,0.0,0.0,0.0,900.0,0.0,0.0,0.0,0.0,0.0,0.0,0.0,0.0,926.0,2752.0,87.0,2466.0,0.0,0.0,1363.0,7133.0,0.0,0.0
2025-02,BANK OF BARODA,BANK OF BARODA,Public sector,8550.0,2436.0,49505.0,44443.0,23824.0,2459361.0,2937597.0,88390204.0,6458882.0,12707491.0,3015086.0,16009835.0,0.0,0.0,11171.0,57869.0,2869114.0,7070262.0,347740.0,2113534.0,7.0,5.0,22094779.0,112888095.0,30.0,33.0
2025-02,BANK OF INDIA,BANK OF INDIA,Public sector,5341.0,2889.0,18313.0,22343.0,0.0,1247405.0,71607.0,36493906.0,150474.0,648161.0,53263.0,243301.0,0.0,0.0,6930.0,36188.0,1954757.0,4355834.0,354794.0,771438.0,0.0,0.0,14018343.0,60322011.0,184.0,181.0
2025-02,BANK OF MAHARASHTRA,BANK OF MAHARASHTRA,Public sector,2212.0,249.0,1350.0,4169.0,355014.0,935741.0,31161.0,13677221.0,40120.0,187065.0,17908.0,90161.0,0.0,0.0,708.0,3437.0,950486.0,2042939.0,181587.0,479607.0,5120.0,55119.0,5449266.0,26174771.0,0.0,0.0
2025-02,BARCLAYS BANK,BARCLAYS BANK PLC,Foreign,0.0,0.0,0.0,0.0,1.0,0.0,0.0,1024.0,0.0,0.0,0.0,0.0,0.0,0.0,0.0,0.0,111.0,459.0,0.0,0.0,0.0,0.0,480.0,4287.0,0.0,0.0
2025-02,CANARA BANK,CANARA BANK,Public sector,7960.0,3769.0,80033.0,6789.0,0.0,3668914.0,998341.0,59725343.0,961491.0,3857388.0,436721.0,2624062.0,0.0,0.0,86998.0,496194.0,5034051.0,14211284.0,844858.0,3393342.0,4250.0,76089.0,28231508.0,139644027.0,42.0,31.0
2025-02,CAPITAL SMALL FINANCE BANK,CAPITAL SMALL FINANCE BANK LTD,Small finance,188.0,2.0,0.0,0.0,0.0,0.0,0.0,237510.0,0.0,0.0,0.0,0.0,0.0,0.0,0.0,0.0,21104.0,77898.0,2600.0,13724.0,0.0,0.0,100115.0,602162.0,0.0,0.0
2025-02,CENTRAL BANK OF INDIA,CENTRAL BANK OF INDIA,Public sector,2878.0,1187.0,3396.0,2746.0,37356.0,2025547.0,0.0,28334369.0,0.0,0.0,0.0,0.0,0.0,0.0,0.0,0.0,1210652.0,3027724.0,178251.0,561970.0,0.0,0.0,7752487.0,36849467.0,1799.0,1843.0
2025-02,CITI BANK,CITI BANK,Foreign,0.0,0.0,0.0,0.0,0.0,0.0,231603.0,0.0,155155.0,1038865.0,281755.0,4442886.0,0.0,0.0,508.0,4348.0,0.0,0.0,0.0,0.0,0.0,0.0,0.0,0.0,0.0,0.0
2025-02,CITY UNION BANK,CITY UNION BANK LTD.,Private sector,1193.0,518.0,7294.0,98115.0,0.0,73252.0,43667.0,3040262.0,46272.0,204868.0,20879.0,209724.0,0.0,0.0,201.0,919.0,420623.0,1225611.0,38980.0,106743.0,0.0,0.0,2253539.0,13422316.0,0.0,0.0
2025-02,CSB BANK,CSB BANK LTD.,Private sector,747.0,39.0,0.0,0.0,17430.0,0.0,158784.0,916622.0,230141.0,703851.0,1475081.0,1536717.0,0.0,0.0,0.0,0.0,133155.0,291731.0,9797.0,35163.0,0.0,0.0,399630.0,2027446.0,0.0,0.0
2025-02,DBS BANK INDIA,DBS INDIA BANK LTD,Foreign,426.0,335.0,643.0,90.0,0.0,7836.0,487414.0,1682690.0,441480.0,2009807.0,265787.0,2240071.0,0.0,0.0,2228.0,6644.0,162612.0,427797.0,80021.0,271750.0,0.0,0.0,676122.0,3768218.0,0.0,0.0
2025-02,DCB BANK,DCB BANK LTD,Private sector,427.0,5.0,8087.0,0.0,19007.0,0.0,82.0,876576.0,153.0,298.0,90.0,247.0,0.0,0.0,3.0,17.0,66088.0,210642.0,38542.0,138773.0,228.0,6316.0,254818.0,1444961.0,0.0,0.0
2025-02,DEUTSCHE BANK,DEUTSCHE BANK LTD,Foreign,13.0,2.0,0.0,0.0,0.0,3.0,0.0,103662.0,0.0,0.0,0.0,0.0,0.0,0.0,0.0,0.0,19768.0,68875.0,11304.0,41164.0,0.0,0.0,24393.0,153266.0,0.0,0.0
2025-02,DHANALAXMI BANK,DHANALAXMI BANK LTD,Private sector,241.0,39.0,1497.0,0.0,0.0,37180.0,13140.0,580920.0,23177.0,55331.0,6250.0,27604.0,0.0,0.0,270.0,995.0,116783.0,241213.0,5208.0,11409.0,0.0,0.0,388650.0,1740384.0,0.0,0.0
2025-02,DOHA BANK Q P S C,DOHA BANK Q.P.S.C.,Foreign,2.0,0.0,0.0,0.0,0.0,0.0,0.0,22882.0,0.0,0.0,0.0,0.0,0.0,0.0,0.0,0.0,509.0,2433.0,111.0,218.0,0.0,0.0,1632.0,10034.0,0.0,0.0
2025-02,EQUITAS SMALL FINANCE BANK,EQUITAS SMALL FINANCE BANK LTD,Small finance,371.0,4.0,2937.0,336.0,58179.0,0.0,174.0,1363820.0,821.0,4263.0,348.0,2793.0,0.0,0.0,14.0,92.0,92309.0,239006.0,21703.0,104372.0,0.0,0.0,2512867.0,7642721.0,0.0,0.0
2025-02,ESAF SMALL FINANCE BANK,ESAF SMALL FINANCE BANK LTD,Small finance,682.0,2.0,0.0,4357.0,0.0,0.0,491.0,5797424.0,148.0,245.0,1005.0,633.0,0.0,0.0,0.0,0.0,115307.0,216754.0,9087.0,30245.0,0.0,0.0,721077.0,3518093.0,0.0,0.0
2025-02,FEDERAL BANK,FEDERAL BANK LTD,Private sector,1753.0,313.0,21661.0,0.0,0.0,5861987.0,1144347.0,14065783.0,2418195.0,6420759.0,1525000.0,8455553.0,0.0,0.0,5232.0,26014.0,2340545.0,6510094.0,1092144.0,3985268.0,3006.0,39771.0,7036041.0,37062007.0,9.0,9.0
2025-02,FINO PAYMENTS BANK,FINO PAYMENTS BANK,Payments bank,0.0,0.0,0.0,450464.0,0.0,11132.0,0.0,10158554.0,0.0,0.0,0.0,0.0,0.0,0.0,0.0,0.0,118073.0,271224.0,8600.0,22050.0,0.0,0.0,2010406.0,7088877.0,2.0,2.0
2025-02,HDFC BANK,HDFC BANK LTD,Private sector,12447.0,8482.0,1749089.0,2394.0,2308444.0,867957.0,23623081.0,59172298.0,72523728.0,163860583.0,32036201.0,299921297.0,0.0,0.0,164818.0,1110712.0,8311386.0,33427295.0,6171071.0,29423483.0,59072.0,794833.0,31248376.0,216838533.0,705.0,707.0
2025-02,HSBC,HSBC LTD,Foreign,46.0,26.0,0.0,0.0,0.0,0.0,862260.0,871431.0,927267.0,3545937.0,1554773.0,14232575.0,0.0,0.0,2782.0,20110.0,237840.0,1141459.0,0.0,0.0,0.0,0.0,226652.0,1396832.0,0.0,0.0
2025-02,ICICI BANK,ICICI BANK LTD,Private sector,10384.0,5957.0,1984472.0,6222.0,598947.0,3720115.0,18110863.0,31894841.0,16614698.0,93252415.0,56577680.0,216656218.0,43.0,4290.0,56838.0,296224.0,4684663.0,21065920.0,2999756.0,17436781.0,4805.0,102031.0,13500592.0,101707206.0,1.0,0.0
2025-02,IDBI BANK,IDBI BANK LTD,Private sector,2390.0,741.0,13359.0,1300.0,0.0,389792.0,43109.0,12218934.0,68666.0,304739.0,56034.0,245903.0,0.0,0.0,547.0,3297.0,941739.0,2335928.0,198441.0,585975.0,0.0,0.0,4629273.0,24341066.0,95.0,50.0
2025-02,IDFC FIRST BANK,IDFC FIRST BANK LTD,Private sector,900.0,310.0,43292.0,7602.0,0.0,137859.0,3481252.0,6456411.0,10392983.0,18142279.0,2223742.0,15293866.0,0.0,0.0,23242.0,115273.0,541761.0,1933300.0,249145.0,2701412.0,0.0,0.0,3113809.0,17778367.0,0.0,0.0
2025-02,INDIA POST PAYMENTS BANK,INDIA POST PAYMENTS BANK,Payments bank,0.0,0.0,0.0,193768.0,0.0,2169092.0,0.0,23401802.0,0.0,0.0,0.0,0.0,0.0,0.0,0.0,0.0,0.0,0.0,173880.0,78495.0,0.0,0.0,0.0,0.0,0.0,0.0
2025-02,INDIAN BANK,INDIAN BANK,Public sector,4629.0,607.0,20927.0,14088.0,0.0,2961348.0,283032.0,33235299.0,192728.0,855593.0,260412.0,1197674.0,0.0,0.0,4225.0,32770.0,2579351.0,6392075.0,467889.0,1060408.0,104.0,273.0,17724210.0,92238269.0,396.0,395.0
2025-02,INDIAN OVERSEAS BANK,INDIAN OVERSEAS BANK,Public sector,2763.0,733.0,0.0,9859.0,0.0,450760.0,70815.0,18053330.0,69435.0,226156.0,24501.0,97018.0,0.0,0.0,2746.0,14012.0,1934524.0,4542558.0,304430.0,743896.0,0.0,0.0,11090309.0,48791992.0,0.0,0.0
2025-02,INDUSIND BANK,INDUSIND BANK LTD,Private sector,1996.0,1029.0,247579.0,0.0,45432.0,7419535.0,3180830.0,11161115.0,3738932.0,30901907.0,8056227.0,57909079.0,0.0,0.0,22578.0,124344.0,600712.0,1871720.0,487594.0,2361611.0,833.0,55245.0,3483516.0,21887354.0,0.0,0.0
2025-02,JAMMU AND KASHMIR BANK,JAMMU AND KASHMIR BANK LTD,Private sector,944.0,636.0,14471.0,942.0,0.0,633179.0,127547.0,4813607.0,187626.0,1598202.0,95451.0,386609.0,0.0,0.0,10600.0,46850.0,631097.0,1740355.0,793358.0,602209.0,0.0,0.0,4668281.0,24313127.0,0.0,0.0
2025-02,JANA SMALL FINANCE BANK,JANA SMALL FINANCE BANK LTD,Small finance,58.0,3.0,0.0,173.0,0.0,505494.0,0.0,3763471.0,0.0,0.0,0.0,0.0,0.0,0.0,0.0,0.0,39016.0,95435.0,6665.0,28422.0,0.0,0.0,394231.0,1892264.0,0.0,0.0
2025-02,JIO PAYMENTS BANK,JIO PAYMENTS BANK,Payments bank,0.0,0.0,0.0,0.0,0.0,116611.0,0.0,496210.0,0.0,0.0,0.0,0.0,0.0,0.0,0.0,0.0,11974.0,13120.0,30903.0,45181.0,1470.0,521.0,57164.0,244575.0,0.0,0.0
2025-02,KARNATAKA BANK,KARNATAKA BANK LTD,Private sector,952.0,560.0,10707.0,0.0,0.0,121489.0,0.0,5535984.0,0.0,0.0,0.0,0.0,0.0,0.0,0.0,0.0,639355.0,1362281.0,50602.0,160272.0,0.0,0.0,3371901.0,16897921.0,0.0,0.0
2025-02,KARUR VYSYA BANK,KARUR VYSYA BANK LTD,Private sector,1531.0,701.0,2245.0,0.0,0.0,44912.0,10582.0,5251620.0,20998.0,157054.0,7849.0,113347.0,0.0,0.0,396.0,3236.0,780094.0,2129463.0,119311.0,520034.0,0.0,0.0,3712987.0,19121819.0,0.0,0.0
2025-02,KEB HANA BANK,KEB HANA BANK,Foreign,1.0,0.0,0.0,0.0,0.0,0.0,0.0,1659.0,0.0,0.0,0.0,0.0,0.0,0.0,0.0,0.0,1134.0,4400.0,112.0,475.0,0.0,0.0,414.0,2761.0,0.0,0.0
2025-02,KOOKMIN BANK,KOOKMIN BANK,Foreign,0.0,0.0,0.0,0.0,0.0,0.0,0.0,521.0,0.0,0.0,0.0,0.0,0.0,0.0,0.0,0.0,604.0,2260.0,178.0,477.0,0.0,0.0,83.0,433.0,0.0,0.0
2025-02,KOTAK MAHINDRA BANK,KOTAK MAHINDRA BANK LTD,Private sector,1918.0,1412.0,82866.0,0.0,143970.0,701050.0,4959362.0,34962935.0,10065808.0,22804585.0,3948740.0,37083372.0,0.0,0.0,21465.0,109142.0,1643504.0,4426733.0,1491897.0,4692504.0,0.0,0.0,9359999.0,49225674.0,0.0,0.0
2025-02,NAINITAL BANK,NAINITAL BANK LTD,Private sector,0.0,0.0,0.0,0.0,0.0,0.0,0.0,292403.0,0.0,0.0,0.0,0.0,0.0,0.0,0.0,0.0,11246.0,23536.0,2927.0,8359.0,0.0,0.0,58453.0,292079.0,0.0,0.0
2025-02,NORTH EAST SMALL FINANCE BANK,NORTH EAST SMALL FINANCE BANK LTD,Small finance,15.0,1.0,0.0,0.0,0.0,0.0,0.0,573482.0,0.0,0.0,0.0,0.0,0.0,0.0,0.0,0.0,2978.0,4571.0,3904.0,8354.0,0.0,0.0,173750.0,336692.0,429.0,414.0
2025-02,NSDL PAYMENTS BANK,NSDL PAYMENTS BANK,Payments bank,0.0,0.0,0.0,301823.0,0.0,0.0,0.0,1418164.0,0.0,0.0,0.0,0.0,0.0,0.0,0.0,0.0,14345.0,20056.0,28135.0,27939.0,0.0,0.0,355031.0,948346.0,0.0,0.0
2025-02,PAYTM PAYMENTS BANK,PAYTM PAYMENTS BANK,Payments bank,0.0,0.0,0.0,0.0,0.0,0.0,0.0,30599828.0,0.0,0.0,0.0,0.0,0.0,0.0,0.0,0.0,85.0,15.0,385.0,157.0,0.0,0.0,77.0,187.0,0.0,0.0
2025-02,PUNJAB AND SIND BANK,PUNJAB AND SIND BANK,Public sector,1022.0,27.0,957.0,1681.0,1103.0,174804.0,0.0,3457622.0,0.0,0.0,0.0,0.0,0.0,0.0,0.0,0.0,263883.0,711738.0,79587.0,211462.0,0.0,0.0,1300883.0,6607645.0,0.0,0.0
2025-02,PUNJAB NATIONAL BANK,PUNJAB NATIONAL BANK,Public sector,7808.0,4178.0,34346.0,0.0,715358.0,941002.0,593014.0,41185945.0,323379.0,1484870.0,253868.0,1492436.0,0.0,0.0,5414.0,17480.0,3471611.0,9436216.0,985247.0,2541279.0,0.0,0.0,22518192.0,119302054.0,0.0,0.0
2025-02,RBL BANK,RBL BANK LTD,Private sector,378.0,35.0,2398158.0,0.0,3429.0,139674.0,4863716.0,1647164.0,4663734.0,25725085.0,4896392.0,40086097.0,0.0,0.0,28667.0,128085.0,134745.0,411236.0,79738.0,541662.0,50.0,1982.0,482370.0,2691140.0,0.0,0.0
2025-02,SBM BANK INDIA,SBM BANK INDIA LTD,Foreign,0.0,0.0,0.0,0.0,0.0,0.0,717344.0,829126.0,178031.0,289432.0,352928.0,807740.0,0.0,0.0,6032.0,30805.0,7386.0,20582.0,6530.0,21390.0,0.0,0.0,26233.0,82711.0,0.0,0.0
2025-02,SHIVALIK SMALL FINANCE BANK,SHIVALIK SMALL FINANCE BANK LTD,Small finance,0.0,0.0,0.0,0.0,0.0,0.0,0.0,71822.0,0.0,0.0,0.0,0.0,0.0,0.0,0.0,0.0,2358.0,5390.0,2149.0,9487.0,0.0,0.0,22467.0,123582.0,0.0,0.0
2025-02,SOUTH INDIAN BANK,SOUTH INDIAN BANK,Private sector,912.0,369.0,13851.0,0.0,37033.0,101643.0,380565.0,3878863.0,533403.0,2101850.0,586692.0,3606963.0,0.0,0.0,0.0,0.0,839785.0,2244373.0,154970.0,736464.0,0.0,0.0,2543927.0,13230347.0,0.0,0.0
2025-02,STANDARD CHARTERED BANK,STANDARD CHARTERED BANK LTD,Foreign,101.0,44.0,0.0,0.0,0.0,0.0,886426.0,1030847.0,840443.0,3188594.0,979653.0,5149109.0,0.0,0.0,1821.0,12468.0,264963.0,1004968.0,138188.0,584963.0,20.0,503.0,525879.0,2879518.0,0.0,0.0
2025-02,STATE BANK OF INDIA,STATE BANK OF INDIA,Public sector,27375.0,36941.0,1564278.0,47105.0,997894.0,4798546.0,20664097.0,238256213.0,23578315.0,102921897.0,44881635.0,158833148.0,0.0,0.0,126765.0,540418.0,26540810.0,67409839.0,5921380.0,17680319.0,786.0,12479.0,144138319.0,787690446.0,14861.0,14253.0
2025-02,SURYODAY SMALL FINANCE BANK,SURYODAY SMALL FINANCE BANK LTD,Small finance,0.0,0.0,0.0,67.0,0.0,0.0,22.0,846619.0,2.0,0.0,39.0,10.0,0.0,0.0,0.0,0.0,30083.0,37524.0,966.0,3779.0,0.0,0.0,59979.0,257774.0,0.0,0.0
2025-02,TAMILNAD MERCANTILE BANK,TAMILNAD MERCANTILE BANK LTD,Private sector,504.0,647.0,2338.0,0.0,0.0,176782.0,32117.0,2417647.0,36731.0,178123.0,16653.0,102510.0,0.0,0.0,1903.0,7645.0,263612.0,905009.0,26249.0,115846.0,48.0,129.0,4286891.0,20814177.0,0.0,0.0
2025-02,UCO BANK,UCO BANK,Public sector,2279.0,226.0,10860.0,3568.0,201.0,1281532.0,0.0,12702825.0,0.0,0.0,0.0,0.0,0.0,0.0,0.0,0.0,759463.0,2061389.0,239299.0,587928.0,672.0,11912.0,5854486.0,28753681.0,139.0,141.0
2025-02,UJJIVAN SMALL FINANCE BANK,UJJIVAN SMALL FINANCE BANK LTD,Small finance,609.0,4.0,0.0,0.0,0.0,549322.0,0.0,7204811.0,0.0,0.0,0.0,0.0,0.0,0.0,0.0,0.0,111399.0,244026.0,29002.0,108277.0,0.0,0.0,2791414.0,11234822.0,4.0,5.0
2025-02,UNION BANK OF INDIA,UNION BANK OF INDIA,Public sector,7760.0,1257.0,49471.0,8016.0,325889.0,288230.0,502376.0,55512101.0,584409.0,2531377.0,1747699.0,3336629.0,0.0,0.0,9628.0,41704.0,3819938.0,8978005.0,1281687.0,3046619.0,2717.0,10639.0,40006815.0,121021804.0,359.0,3070.0
2025-02,UNITY SMALL FINANCE BANK,UNITY SMALL FINANCE BANK LTD,Small finance,185.0,0.0,0.0,0.0,0.0,0.0,0.0,73008.0,0.0,0.0,0.0,0.0,0.0,0.0,0.0,0.0,7171.0,14628.0,732.0,3758.0,0.0,0.0,28901.0,128422.0,0.0,0.0
2025-02,UTKARSH SMALL FINANCE BANK,UTKARSH SMALL FINANCE BANK LTD,Small finance,362.0,7.0,0.0,724.0,0.0,39366.0,124567.0,1689453.0,5684.0,8638.0,26348.0,23448.0,678284.0,118253.0,250.0,260.0,24649.0,90535.0,8849.0,49504.0,4.0,67.0,217983.0,1308214.0,0.0,0.0
2025-02,WOORI BANK,WOORI BANK,Foreign,0.0,0.0,0.0,0.0,0.0,0.0,0.0,1314.0,0.0,0.0,0.0,0.0,0.0,0.0,0.0,0.0,1975.0,7461.0,903.0,2348.0,0.0,0.0,682.0,5039.0,0.0,0.0
2025-02,YES BANK,YES BANK LTD,Private sector,1126.0,155.0,102990.0,87466.0,197726.0,502919314.0,2426078.0,5052969.0,8638868.0,16198767.0,1036941.0,12924900.0,0.0,0.0,11594.0,57785.0,434942.0,1328179.0,119309.0,667420.0,31.0,353.0,1865125.0,10040732.0,160.0,160.0
2025-03,AIRTEL PAYMENTS BANK,AIRTEL PAYMENTS BANK,Payments bank,0.0,0.0,0.0,148211.0,0.0,1286994.0,0.0,6022386.0,0.0,0.0,0.0,0.0,0.0,0.0,0.0,0.0,53291.0,35930.0,36159.0,60612.0,0.0,0.0,418122.0,1664900.0,0.0,0.0
2025-03,AMERICAN EXPRESS BANKING CORPORATION,AMERICAN EXPRESS BANKING CORPORATION,Foreign,0.0,0.0,15109.0,0.0,0.0,0.0,1455311.0,0.0,1721661.0,14948186.0,4331913.0,43666571.0,0.0,0.0,0.0,0.0,0.0,0.0,0.0,0.0,0.0,0.0,0.0,0.0,0.0,0.0
2025-03,AU SMALL FINANCE BANK,AU SMALL FINANCE BANK LTD,Small finance,671.0,6.0,0.0,849.0,0.0,344441.0,1013409.0,8904680.0,925801.0,4781937.0,2144800.0,5320202.0,343.0,157.0,3025.0,16887.0,183316.0,505239.0,182632.0,840051.0,134.0,2071.0,1561049.0,8162935.0,138.0,138.0
2025-03,AXIS BANK,AXIS BANK LTD,Private sector,6198.0,7739.0,2184882.0,369.0,655515.0,101596011.0,14899543.0,39342520.0,38147678.0,98366074.0,28095443.0,134753891.0,0.0,0.0,74490.0,400971.0,4217250.0,14791197.0,1882220.0,11564813.0,11168.0,297005.0,17488512.0,117278086.0,0.0,0.0
2025-03,BANDHAN BANK,BANDHAN BANK LTD,Private sector,433.0,5.0,68198.0,0.0,28533.0,0.0,806.0,6200159.0,685.0,1958.0,518.0,2402.0,0.0,0.0,0.0,21.0,230984.0,780583.0,57116.0,345462.0,0.0,0.0,2342775.0,13209232.0,40.0,37.0
2025-03,BANK OF AMERICA,BANK OF AMERICA,Foreign,0.0,0.0,0.0,0.0,0.0,0.0,0.0,0.0,0.0,0.0,0.0,0.0,0.0,0.0,0.0,0.0,0.0,0.0,0.0,0.0,0.0,0.0,0.0,0.0,0.0,0.0
2025-03,BANK OF BAHRAIN AND KUWAIT B S C,BANK OF BAHRAIN & KUWAIT B.S.C.,Foreign,0.0,0.0,0.0,0.0,0.0,0.0,0.0,934.0,0.0,0.0,0.0,0.0,0.0,0.0,0.0,0.0,993.0,3142.0,26.0,526.0,0.0,0.0,1415.0,7525.0,0.0,0.0
2025-03,BANK OF BARODA,BANK OF BARODA,Public sector,8597.0,2390.0,52652.0,45244.0,24261.0,2549028.0,3043116.0,88212209.0,7331814.0,14529576.0,3350020.0,17645596.0,0.0,0.0,10931.0,57020.0,3157044.0,7746398.0,274508.0,2295332.0,20.0,68.0,24823596.0,128182303.0,39.0,46.0
2025-03,BANK OF INDIA,BANK OF INDIA,Public sector,5325.0,2678.0,18352.0,23055.0,0.0,1256582.0,72760.0,36540630.0,179338.0,802782.0,64587.0,323581.0,0.0,0.0,8366.0,44396.0,2160052.0,4840196.0,401735.0,880088.0,0.0,0.0,15587601.0,68158842.0,54.0,55.0
2025-03,BANK OF MAHARASHTRA,BANK OF MAHARASHTRA,Public sector,2150.0,252.0,1313.0,4952.0,355014.0,938362.0,27869.0,13500904.0,43827.0,209223.0,19575.0,110022.0,0.0,0.0,827.0,4133.0,1059707.0,2340727.0,192911.0,553336.0,5818.0,63064.0,6362923.0,31115077.0,0.0,0.0
2025-03,BARCLAYS BANK,BARCLAYS BANK PLC,Foreign,0.0,0.0,0.0,0.0,1.0,0.0,0.0,466.0,0.0,0.0,0.0,0.0,0.0,0.0,0.0,0.0,161.0,637.0,0.0,0.0,0.0,0.0,536.0,4809.0,0.0,0.0
2025-03,CANARA BANK,CANARA BANK,Public sector,7460.0,3684.0,74699.0,7819.0,0.0,3732451.0,962773.0,59979451.0,1084539.0,4398943.0,491612.0,2971536.0,0.0,0.0,93939.0,541640.0,5571204.0,15404049.0,934871.0,4035672.0,4648.0,84927.0,31201292.0,155860277.0,21.0,18.0
2025-03,CAPITAL SMALL FINANCE BANK,CAPITAL SMALL FINANCE BANK LTD,Small finance,193.0,2.0,0.0,0.0,0.0,0.0,0.0,231923.0,0.0,0.0,0.0,0.0,0.0,0.0,0.0,0.0,23924.0,81448.0,3060.0,16279.0,0.0,0.0,113720.0,675271.0,0.0,0.0
2025-03,CENTRAL BANK OF INDIA,CENTRAL BANK OF INDIA,Public sector,2878.0,1187.0,3234.0,2623.0,36070.0,2077036.0,0.0,28642601.0,0.0,0.0,0.0,0.0,0.0,0.0,0.0,0.0,1347738.0,3350033.0,194673.0,651857.0,0.0,0.0,8641479.0,41277553.0,1198.0,1306.0
2025-03,CITI BANK,CITI BANK,Foreign,0.0,0.0,0.0,0.0,0.0,0.0,234612.0,0.0,168176.0,1106023.0,305594.0,5131385.0,0.0,0.0,497.0,4144.0,0.0,0.0,0.0,0.0,0.0,0.0,0.0,0.0,0.0,0.0
2025-03,CITY UNION BANK,CITY UNION BANK LTD.,Private sector,1217.0,517.0,7286.0,100041.0,0.0,75370.0,48395.0,3075763.0,47758.0,232061.0,22657.0,255375.0,0.0,0.0,215.0,1124.0,473685.0,1401996.0,45583.0,127681.0,0.0,0.0,2461046.0,14829561.0,0.0,0.0
2025-03,CSB BANK,CSB BANK LTD.,Private sector,753.0,38.0,0.0,0.0,17837.0,0.0,159526.0,921064.0,259831.0,785943.0,1702024.0,1753441.0,0.0,0.0,0.0,0.0,137810.0,320831.0,11280.0,45744.0,0.0,0.0,436304.0,2267471.0,1.0,1.0
2025-03,DBS BANK INDIA,DBS INDIA BANK LTD,Foreign,424.0,337.0,658.0,90.0,0.0,8077.0,469460.0,1641526.0,476504.0,2267117.0,301732.0,2661124.0,0.0,0.0,2168.0,6759.0,178096.0,469611.0,86905.0,280665.0,0.0,0.0,718208.0,3967340.0,0.0,0.0
2025-03,DCB BANK,DCB BANK LTD,Private sector,430.0,5.0,8107.0,0.0,19870.0,0.0,138.0,901316.0,296.0,1314.0,184.0,827.0,0.0,0.0,2.0,14.0,71070.0,222132.0,39510.0,159550.0,245.0,7205.0,283275.0,1684720.0,0.0,0.0
2025-03,DEUTSCHE BANK,DEUTSCHE BANK LTD,Foreign,13.0,2.0,0.0,0.0,0.0,6.0,0.0,104159.0,0.0,0.0,0.0,0.0,0.0,0.0,0.0,0.0,23115.0,87975.0,12699.0,53253.0,0.0,0.0,28269.0,180562.0,0.0,0.0
2025-03,DHANALAXMI BANK,DHANALAXMI BANK LTD,Private sector,241.0,39.0,1531.0,0.0,0.0,37566.0,13215.0,585425.0,26339.0,65523.0,7682.0,35859.0,0.0,0.0,279.0,1063.0,126996.0,265348.0,5587.0,16160.0,0.0,0.0,420573.0,1920084.0,0.0,0.0
2025-03,DOHA BANK Q P S C,DOHA BANK Q.P.S.C.,Foreign,2.0,0.0,0.0,0.0,0.0,0.0,0.0,22951.0,0.0,0.0,0.0,0.0,0.0,0.0,0.0,0.0,538.0,2490.0,154.0,611.0,0.0,0.0,1904.0,11263.0,0.0,0.0
2025-03,EQUITAS SMALL FINANCE BANK,EQUITAS SMALL FINANCE BANK LTD,Small finance,371.0,4.0,2981.0,336.0,59403.0,0.0,324.0,1322924.0,1475.0,5452.0,585.0,7677.0,0.0,0.0,8.0,39.0,100042.0,260944.0,23020.0,135400.0,0.0,0.0,2092879.0,6252343.0,0.0,0.0
2025-03,ESAF SMALL FINANCE BANK,ESAF SMALL FINANCE BANK LTD,Small finance,692.0,2.0,0.0,4405.0,0.0,0.0,1368.0,5795362.0,814.0,1380.0,3600.0,2676.0,0.0,0.0,0.0,0.0,142735.0,284736.0,10507.0,35071.0,0.0,0.0,820471.0,4102581.0,0.0,0.0
2025-03,FEDERAL BANK,FEDERAL BANK LTD,Private sector,1767.0,312.0,22150.0,0.0,0.0,5918441.0,1182437.0,14105175.0,2791408.0,7898608.0,1788789.0,10482220.0,0.0,0.0,5466.0,26862.0,2475196.0,6871826.0,1171979.0,4413498.0,3185.0,43586.0,7711703.0,41926402.0,23.0,23.0
2025-03,FINO PAYMENTS BANK,FINO PAYMENTS BANK,Payments bank,0.0,0.0,0.0,452778.0,0.0,11065.0,0.0,10334747.0,0.0,0.0,0.0,0.0,0.0,0.0,0.0,0.0,136476.0,374893.0,8589.0,16956.0,0.0,0.0,2329367.0,8298913.0,5.0,5.0
2025-03,HDFC BANK,HDFC BANK LTD,Private sector,12689.0,8450.0,1781856.0,2331.0,2344107.0,892745.0,23840913.0,59321831.0,83870678.0,188773299.0,37020937.0,388737952.0,0.0,0.0,176283.0,1218305.0,9199507.0,36919036.0,6714404.0,35470591.0,59194.0,862892.0,34815083.0,246072871.0,117.0,120.0
2025-03,HSBC,HSBC LTD,Foreign,46.0,25.0,0.0,0.0,0.0,0.0,877474.0,796475.0,1074550.0,4206602.0,1748652.0,16652972.0,0.0,0.0,3185.0,23798.0,278733.0,1421136.0,0.0,0.0,0.0,0.0,265715.0,1678489.0,0.0,0.0
2025-03,ICICI BANK,ICICI BANK LTD,Private sector,10485.0,5795.0,2041482.0,6383.0,600208.0,3739298.0,18208662.0,31751667.0,18810434.0,106124193.0,65086576.0,260863183.0,58.0,4494.0,61577.0,327323.0,5156319.0,23152477.0,3324129.0,21636446.0,5832.0,123326.0,14866219.0,114710104.0,1.0,0.0
2025-03,IDBI BANK,IDBI BANK LTD,Private sector,2404.0,716.0,13022.0,1364.0,0.0,408281.0,42311.0,12337695.0,78171.0,370667.0,59430.0,268743.0,0.0,0.0,431.0,2641.0,1047800.0,2615656.0,216070.0,669549.0,0.0,0.0,5114131.0,27577645.0,97.0,35.0
2025-03,IDFC FIRST BANK,IDFC FIRST BANK LTD,Private sector,732.0,309.0,42019.0,7542.0,0.0,148478.0,3552853.0,6519700.0,12217512.0,21904847.0,2547385.0,18809618.0,0.0,0.0,24975.0,128960.0,597502.0,2165818.0,284487.0,3483929.0,0.0,0.0,3392813.0,19660645.0,0.0,0.0
2025-03,INDIA POST PAYMENTS BANK,INDIA POST PAYMENTS BANK,Payments bank,0.0,0.0,0.0,193051.0,0.0,2394319.0,0.0,24561440.0,0.0,0.0,0.0,0.0,0.0,0.0,0.0,0.0,0.0,0.0,228995.0,102613.0,0.0,0.0,0.0,0.0,0.0,0.0
2025-03,INDIAN BANK,INDIAN BANK,Public sector,4659.0,609.0,19814.0,14667.0,0.0,2915175.0,283126.0,33355982.0,211129.0,972962.0,302073.0,1371482.0,0.0,0.0,4472.0,36158.0,2885752.0,7177973.0,510323.0,1235950.0,146.0,528.0,19656931.0,97940313.0,274.0,280.0
2025-03,INDIAN OVERSEAS BANK,INDIAN OVERSEAS BANK,Public sector,2761.0,734.0,0.0,10135.0,0.0,457919.0,72673.0,18325100.0,75110.0,246721.0,27544.0,116172.0,0.0,0.0,2967.0,15097.0,2182405.0,5124302.0,244819.0,672635.0,0.0,0.0,12295411.0,54624921.0,0.0,0.0
2025-03,INDUSIND BANK,INDUSIND BANK LTD,Private sector,2006.0,1021.0,245826.0,0.0,45366.0,7505228.0,3163585.0,11062385.0,4277591.0,34155756.0,9344211.0,59684127.0,0.0,0.0,25107.0,139864.0,648094.0,2052140.0,512782.0,2702072.0,1000.0,66117.0,3867982.0,24703300.0,0.0,0.0
2025-03,JAMMU AND KASHMIR BANK,JAMMU AND KASHMIR BANK LTD,Private sector,944.0,636.0,14474.0,1032.0,0.0,643740.0,128113.0,4852850.0,191485.0,1836329.0,104753.0,428732.0,0.0,0.0,11676.0,54355.0,651686.0,1720102.0,814895.0,624048.0,0.0,0.0,5605210.0,31169095.0,0.0,0.0
2025-03,JANA SMALL FINANCE BANK,JANA SMALL FINANCE BANK LTD,Small finance,58.0,3.0,0.0,173.0,0.0,506642.0,0.0,3831402.0,0.0,0.0,0.0,0.0,0.0,0.0,0.0,0.0,46091.0,116627.0,8649.0,36614.0,0.0,0.0,471777.0,2265795.0,0.0,0.0
2025-03,JIO PAYMENTS BANK,JIO PAYMENTS BANK,Payments bank,0.0,0.0,0.0,0.0,0.0,118005.0,0.0,562058.0,0.0,0.0,0.0,0.0,0.0,0.0,0.0,0.0,14804.0,17500.0,39397.0,53458.0,1772.0,757.0,70228.0,317296.0,0.0,0.0
2025-03,KARNATAKA BANK,KARNATAKA BANK LTD,Private sector,959.0,557.0,10747.0,0.0,0.0,125116.0,0.0,5551988.0,0.0,0.0,0.0,0.0,0.0,0.0,0.0,0.0,739074.0,1574996.0,55872.0,182137.0,0.0,0.0,3862761.0,19555726.0,0.0,0.0
2025-03,KARUR VYSYA BANK,KARUR VYSYA BANK LTD,Private sector,1554.0,698.0,1721.0,0.0,0.0,45090.0,10493.0,5303424.0,22758.0,165476.0,8744.0,129565.0,0.0,0.0,496.0,3829.0,870566.0,2399349.0,135644.0,603443.0,0.0,0.0,4048632.0,21055554.0,0.0,0.0
2025-03,KEB HANA BANK,KEB HANA BANK,Foreign,1.0,0.0,0.0,0.0,0.0,0.0,0.0,1687.0,0.0,0.0,0.0,0.0,0.0,0.0,0.0,0.0,1245.0,4322.0,127.0,430.0,0.0,0.0,383.0,2680.0,0.0,0.0
2025-03,KOOKMIN BANK,KOOKMIN BANK,Foreign,0.0,0.0,0.0,0.0,0.0,0.0,0.0,531.0,0.0,0.0,0.0,0.0,0.0,0.0,0.0,0.0,778.0,2182.0,307.0,958.0,0.0,0.0,130.0,761.0,0.0,0.0
2025-03,KOTAK MAHINDRA BANK,KOTAK MAHINDRA BANK LTD,Private sector,1936.0,1359.0,83617.0,0.0,149303.0,709450.0,4840184.0,35081424.0,11627974.0,25948253.0,4493272.0,42740423.0,0.0,0.0,22794.0,116352.0,1795242.0,4864434.0,1637767.0,5741359.0,0.0,0.0,10355711.0,55594578.0,0.0,0.0
2025-03,NAINITAL BANK,NAINITAL BANK LTD,Private sector,0.0,0.0,0.0,0.0,0.0,0.0,0.0,296252.0,0.0,0.0,0.0,0.0,0.0,0.0,0.0,0.0,12666.0,26011.0,3474.0,10928.0,0.0,0.0,66360.0,333011.0,0.0,0.0
2025-03,NORTH EAST SMALL FINANCE BANK,NORTH EAST SMALL FINANCE BANK LTD,Small finance,15.0,1.0,0.0,0.0,0.0,0.0,0.0,734294.0,0.0,0.0,0.0,0.0,0.0,0.0,0.0,0.0,3581.0,6630.0,9645.0,40008.0,0.0,0.0,200726.0,393365.0,536.0,711.0
2025-03,NSDL PAYMENTS BANK,NSDL PAYMENTS BANK,Payments bank,0.0,0.0,0.0,307247.0,0.0,0.0,0.0,690203.0,0.0,0.0,0.0,0.0,0.0,0.0,0.0,0.0,17551.0,20903.0,27901.0,28963.0,0.0,0.0,401552.0,1035053.0,0.0,0.0
2025-03,PAYTM PAYMENTS BANK,PAYTM PAYMENTS BANK,Payments bank,0.0,0.0,0.0,0.0,0.0,0.0,0.0,30596105.0,0.0,0.0,0.0,0.0,0.0,0.0,0.0,0.0,108.0,53.0,418.0,62.0,0.0,0.0,54.0,95.0,0.0,0.0
2025-03,PUNJAB AND SIND BANK,PUNJAB AND SIND BANK,Public sector,1022.0,28.0,979.0,1701.0,1125.0,181664.0,0.0,3515007.0,0.0,0.0,0.0,0.0,0.0,0.0,0.0,0.0,287442.0,742618.0,84304.0,208993.0,0.0,0.0,1395758.0,7046237.0,0.0,0.0
2025-03,PUNJAB NATIONAL BANK,PUNJAB NATIONAL BANK,Public sector,7666.0,4156.0,34626.0,0.0,765828.0,991159.0,604213.0,41109977.0,362689.0,1655638.0,312515.0,1816540.0,3.0,108.0,5931.0,19458.0,4023669.0,10778750.0,1110020.0,2772109.0,0.0,0.0,25743333.0,136417113.0,0.0,0.0
2025-03,RBL BANK,RBL BANK LTD,Private sector,377.0,35.0,2560285.0,0.0,3429.0,140064.0,4828106.0,1657299.0,5127337.0,29414987.0,5656315.0,48816007.0,0.0,0.0,29116.0,132039.0,145265.0,459132.0,84852.0,554306.0,72.0,2517.0,518411.0,2955364.0,0.0,0.0
2025-03,SBM BANK INDIA,SBM BANK INDIA LTD,Foreign,0.0,0.0,0.0,0.0,0.0,0.0,721029.0,827331.0,177232.0,248855.0,365312.0,694463.0,0.0,0.0,6491.0,35069.0,7815.0,23679.0,7865.0,25637.0,0.0,0.0,27603.0,95187.0,0.0,0.0
2025-03,SHIVALIK SMALL FINANCE BANK,SHIVALIK SMALL FINANCE BANK LTD,Small finance,0.0,0.0,0.0,0.0,0.0,0.0,0.0,70504.0,0.0,0.0,0.0,0.0,0.0,0.0,0.0,0.0,2618.0,6739.0,2509.0,7992.0,0.0,0.0,24467.0,134700.0,0.0,0.0
2025-03,SOUTH INDIAN BANK,SOUTH INDIAN BANK,Private sector,911.0,369.0,13954.0,0.0,36959.0,102790.0,376837.0,3926633.0,584951.0,2442864.0,658163.0,4391502.0,0.0,0.0,0.0,0.0,869612.0,2386292.0,171631.0,906219.0,0.0,0.0,2816439.0,15129194.0,0.0,0.0
2025-03,STANDARD CHARTERED BANK,STANDARD CHARTERED BANK LTD,Foreign,101.0,42.0,0.0,0.0,0.0,0.0,863664.0,979772.0,929149.0,3667713.0,1086916.0,6349940.0,0.0,0.0,1856.0,13068.0,303846.0,1173502.0,157872.0,646408.0,27.0,415.0,590835.0,3340932.0,0.0,0.0
2025-03,STATE BANK OF INDIA,STATE BANK OF INDIA,Public sector,27371.0,36487.0,1606175.0,48114.0,1042184.0,5258264.0,20823857.0,240650523.0,26615137.0,120403585.0,53287190.0,204239133.0,0.0,0.0,143519.0,625570.0,29854746.0,75626743.0,6714401.0,20543735.0,764.0,10832.0,159403036.0,873000000.0,16052.0,14966.0
2025-03,SURYODAY SMALL FINANCE BANK,SURYODAY SMALL FINANCE BANK LTD,Small finance,0.0,0.0,0.0,67.0,0.0,0.0,7.0,855628.0,34.0,4.0,29.0,13.0,0.0,0.0,0.0,0.0,12903.0,19782.0,1216.0,4563.0,0.0,0.0,64933.0,298200.0,0.0,0.0
2025-03,TAMILNAD MERCANTILE BANK,TAMILNAD MERCANTILE BANK LTD,Private sector,504.0,647.0,2362.0,0.0,0.0,181153.0,30472.0,2440488.0,41650.0,200872.0,18301.0,116365.0,0.0,0.0,2102.0,8781.0,302132.0,1007200.0,27461.0,134148.0,78.0,205.0,4811014.0,23566106.0,0.0,0.0
2025-03,UCO BANK,UCO BANK,Public sector,2270.0,227.0,10695.0,3568.0,193.0,1301942.0,0.0,13068700.0,0.0,0.0,0.0,0.0,0.0,0.0,0.0,0.0,844186.0,2251374.0,273518.0,664838.0,827.0,14872.0,6581340.0,32478632.0,148.0,154.0
2025-03,UJJIVAN SMALL FINANCE BANK,UJJIVAN SMALL FINANCE BANK LTD,Small finance,609.0,4.0,0.0,0.0,0.0,554535.0,0.0,7140421.0,0.0,0.0,0.0,0.0,0.0,0.0,0.0,0.0,141761.0,306947.0,35119.0,131722.0,0.0,0.0,3110418.0,12851511.0,0.0,0.0
2025-03,UNION BANK OF INDIA,UNION BANK OF INDIA,Public sector,7706.0,1247.0,49219.0,8035.0,336021.0,288289.0,495099.0,55788872.0,497466.0,2224987.0,1581624.0,3059711.0,0.0,0.0,8536.0,38521.0,4252251.0,9993671.0,1462380.0,3433045.0,2978.0,11946.0,43097981.0,135185182.0,331.0,2851.0
2025-03,UNITY SMALL FINANCE BANK,UNITY SMALL FINANCE BANK LTD,Small finance,187.0,0.0,0.0,0.0,0.0,0.0,0.0,78099.0,0.0,0.0,0.0,0.0,0.0,0.0,0.0,0.0,8349.0,16965.0,767.0,4008.0,0.0,0.0,32028.0,141023.0,0.0,0.0
2025-03,UTKARSH SMALL FINANCE BANK,UTKARSH SMALL FINANCE BANK LTD,Small finance,362.0,7.0,0.0,760.0,0.0,39548.0,105370.0,1698127.0,6767.0,8488.0,34593.0,31485.0,818501.0,146661.0,273.0,266.0,27280.0,104171.0,9292.0,54395.0,9.0,181.0,239488.0,1436435.0,0.0,0.0
2025-03,WOORI BANK,WOORI BANK,Foreign,0.0,0.0,0.0,0.0,0.0,0.0,0.0,1332.0,0.0,0.0,0.0,0.0,0.0,0.0,0.0,0.0,2194.0,8260.0,994.0,2371.0,0.0,0.0,656.0,5129.0,0.0,0.0
2025-03,YES BANK,YES BANK LTD,Private sector,1173.0,157.0,104026.0,84941.0,196812.0,508449193.0,2430583.0,5079940.0,10258581.0,19354879.0,1189339.0,15614976.0,0.0,0.0,11191.0,56868.0,474565.0,1450562.0,132420.0,854275.0,23.0,331.0,2058960.0,11587655.0,0.0,0.0
2025-04,AIRTEL PAYMENTS BANK,AIRTEL PAYMENTS BANK,Payments bank,0.0,0.0,0.0,149399.0,0.0,1216148.0,0.0,6296413.0,0.0,0.0,0.0,0.0,0.0,0.0,0.0,0.0,57327.0,36381.0,39382.0,58196.0,0.0,0.0,387913.0,1539020.0,0.0,0.0
2025-04,AMERICAN EXPRESS BANKING CORPORATION,AMERICAN EXPRESS BANKING CORPORATION,Foreign,0.0,0.0,15108.0,0.0,0.0,0.0,1424907.0,0.0,1653771.0,14225953.0,4168850.0,39865091.0,0.0,0.0,0.0,0.0,0.0,0.0,0.0,0.0,0.0,0.0,0.0,0.0,0.0,0.0
2025-04,AU SMALL FINANCE BANK,AU SMALL FINANCE BANK LTD,Small finance,671.0,6.0,0.0,849.0,0.0,345488.0,999736.0,8886059.0,902487.0,4538281.0,2122003.0,4720156.0,183.0,82.0,2809.0,15185.0,171371.0,504262.0,159855.0,676224.0,148.0,1988.0,1305420.0,7110941.0,0.0,0.0
2025-04,AXIS BANK,AXIS BANK LTD,Private sector,6576.0,7685.0,2221316.0,369.0,632466.0,103012602.0,14955199.0,39728245.0,38313013.0,95731844.0,26270338.0,116283464.0,0.0,0.0,68276.0,366527.0,3946371.0,13766841.0,1736213.0,9719498.0,9806.0,257849.0,15747755.0,104943882.0,0.0,0.0
2025-04,BANDHAN BANK,BANDHAN BANK LTD,Private sector,433.0,5.0,68621.0,0.0,30757.0,0.0,887.0,6234161.0,424.0,1435.0,220.0,675.0,1.0,9.0,2.0,1.0,215345.0,764652.0,49474.0,261640.0,0.0,0.0,2111912.0,11643403.0,9.0,7.0
2025-04,BANK OF AMERICA,BANK OF AMERICA,Foreign,0.0,0.0,0.0,0.0,0.0,0.0,0.0,0.0,0.0,0.0,0.0,0.0,0.0,0.0,0.0,0.0,0.0,0.0,0.0,0.0,0.0,0.0,0.0,0.0,0.0,0.0
2025-04,BANK OF BAHRAIN AND KUWAIT B S C,BANK OF BAHRAIN & KUWAIT B.S.C.,Foreign,0.0,0.0,0.0,0.0,0.0,0.0,0.0,965.0,0.0,0.0,0.0,0.0,0.0,0.0,0.0,0.0,939.0,3123.0,0.0,0.0,0.0,0.0,1293.0,6656.0,0.0,0.0
2025-04,BANK OF BARODA,BANK OF BARODA,Public sector,8652.0,2394.0,51874.0,44745.0,24251.0,2573124.0,3020028.0,88476869.0,7372043.0,13992660.0,3256021.0,16126261.0,0.0,0.0,9177.0,46947.0,3065939.0,7707528.0,264918.0,2160911.0,14.0,39.0,22751796.0,118487332.0,30.0,33.0
2025-04,BANK OF INDIA,BANK OF INDIA,Public sector,5322.0,2678.0,18476.0,23196.0,0.0,1264361.0,72649.0,37409291.0,179947.0,799510.0,64225.0,308576.0,0.0,0.0,8096.0,42337.0,2185736.0,5037881.0,394001.0,836677.0,0.0,0.0,14485141.0,63111620.0,3.0,2.0
2025-04,BANK OF MAHARASHTRA,BANK OF MAHARASHTRA,Public sector,2170.0,252.0,68.0,6285.0,355014.0,941058.0,27688.0,13204010.0,41862.0,194661.0,18415.0,96379.0,0.0,0.0,704.0,3396.0,1030536.0,2325662.0,174296.0,449255.0,5439.0,58618.0,5701938.0,28753672.0,0.0,0.0
2025-04,BARCLAYS BANK,BARCLAYS BANK PLC,Foreign,0.0,0.0,0.0,0.0,1.0,0.0,0.0,468.0,0.0,0.0,0.0,0.0,0.0,0.0,0.0,0.0,173.0,474.0,0.0,0.0,0.0,0.0,491.0,4567.0,0.0,0.0
2025-04,CANARA BANK,CANARA BANK,Public sector,7370.0,3658.0,76084.0,8304.0,0.0,3799380.0,969566.0,60242260.0,1033320.0,4170108.0,441085.0,2633649.0,0.0,0.0,82299.0,469437.0,5425395.0,15535750.0,888362.0,3664551.0,4276.0,79206.0,28263281.0,141882963.0,12.0,10.0
2025-04,CAPITAL SMALL FINANCE BANK,CAPITAL SMALL FINANCE BANK LTD,Small finance,194.0,2.0,0.0,0.0,0.0,0.0,0.0,233162.0,0.0,0.0,0.0,0.0,0.0,0.0,0.0,0.0,22104.0,76679.0,2556.0,15205.0,0.0,0.0,103214.0,602158.0,0.0,0.0
2025-04,CENTRAL BANK OF INDIA,CENTRAL BANK OF INDIA,Public sector,2879.0,1188.0,3289.0,2649.0,35673.0,2016531.0,0.0,27953279.0,0.0,0.0,0.0,0.0,0.0,0.0,0.0,0.0,1335544.0,3348015.0,192581.0,654801.0,0.0,0.0,8105883.0,39340782.0,41.0,325.0
2025-04,CITI BANK,CITI BANK,Foreign,0.0,0.0,0.0,0.0,0.0,0.0,237210.0,0.0,159029.0,980336.0,295734.0,4712338.0,0.0,0.0,484.0,4014.0,0.0,0.0,0.0,0.0,0.0,0.0,0.0,0.0,0.0,0.0
2025-04,CITY UNION BANK,CITY UNION BANK LTD.,Private sector,1230.0,516.0,7303.0,89967.0,0.0,78773.0,48119.0,3125993.0,53108.0,223046.0,23523.0,228921.0,0.0,0.0,183.0,982.0,455747.0,1409388.0,43564.0,125607.0,0.0,0.0,2260214.0,13566570.0,0.0,0.0
2025-04,CSB BANK,CSB BANK LTD.,Private sector,756.0,38.0,0.0,0.0,18067.0,0.0,159706.0,925902.0,242802.0,726561.0,1610147.0,1581583.0,0.0,0.0,0.0,0.0,137101.0,338336.0,9989.0,39577.0,0.0,0.0,400566.0,2080123.0,0.0,0.0
2025-04,DBS BANK INDIA,DBS INDIA BANK LTD,Foreign,419.0,336.0,659.0,90.0,0.0,8247.0,459588.0,1639710.0,438134.0,1976353.0,283744.0,2254135.0,0.0,0.0,1930.0,5907.0,169526.0,448793.0,78823.0,246977.0,0.0,0.0,659434.0,3674013.0,0.0,0.0
2025-04,DCB BANK,DCB BANK LTD,Private sector,430.0,5.0,0.0,0.0,0.0,0.0,197.0,940135.0,420.0,1984.0,322.0,1393.0,0.0,0.0,14.0,84.0,72557.0,233608.0,38703.0,168145.0,239.0,7822.0,242006.0,1479513.0,0.0,0.0
2025-04,DEUTSCHE BANK,DEUTSCHE BANK LTD,Foreign,13.0,2.0,0.0,0.0,0.0,309.0,0.0,102198.0,0.0,0.0,0.0,0.0,0.0,0.0,0.0,0.0,22226.0,82114.0,12548.0,54397.0,0.0,0.0,25591.0,162375.0,0.0,0.0
2025-04,DHANALAXMI BANK,DHANALAXMI BANK LTD,Private sector,241.0,39.0,1535.0,0.0,0.0,38035.0,13234.0,589522.0,25915.0,64157.0,7293.0,29080.0,0.0,0.0,279.0,1130.0,125398.0,272497.0,5155.0,15212.0,0.0,0.0,385003.0,1741130.0,0.0,0.0
2025-04,DOHA BANK Q P S C,DOHA BANK Q.P.S.C.,Foreign,2.0,0.0,0.0,0.0,0.0,0.0,0.0,22990.0,0.0,0.0,0.0,0.0,0.0,0.0,0.0,0.0,625.0,2450.0,148.0,597.0,0.0,0.0,1888.0,12066.0,0.0,0.0
2025-04,EQUITAS SMALL FINANCE BANK,EQUITAS SMALL FINANCE BANK LTD,Small finance,371.0,4.0,2952.0,336.0,59839.0,0.0,517.0,1319588.0,2182.0,7528.0,754.0,7952.0,0.0,0.0,21.0,90.0,96735.0,259644.0,23100.0,116396.0,0.0,0.0,1986919.0,5902541.0,0.0,0.0
2025-04,ESAF SMALL FINANCE BANK,ESAF SMALL FINANCE BANK LTD,Small finance,702.0,3.0,0.0,4642.0,0.0,0.0,1306.0,5814383.0,1444.0,2974.0,6966.0,5278.0,0.0,0.0,7.0,21.0,136578.0,284891.0,9128.0,30539.0,0.0,0.0,714941.0,3501013.0,0.0,0.0
2025-04,FEDERAL BANK,FEDERAL BANK LTD,Private sector,1775.0,314.0,22529.0,0.0,0.0,5956952.0,1215370.0,14497075.0,2813005.0,7465444.0,1728636.0,9169846.0,0.0,0.0,5522.0,26548.0,2643443.0,7804215.0,1138275.0,3892549.0,2971.0,39340.0,7080918.0,37936420.0,0.0,0.0
2025-04,FINO PAYMENTS BANK,FINO PAYMENTS BANK,Payments bank,0.0,0.0,0.0,454327.0,0.0,11104.0,0.0,10498755.0,0.0,0.0,0.0,0.0,0.0,0.0,0.0,0.0,123761.0,262660.0,6434.0,12739.0,0.0,0.0,2044394.0,7234240.0,0.0,0.0
2025-04,HDFC BANK,HDFC BANK LTD,Private sector,12737.0,8416.0,1810267.0,2298.0,2372486.0,913084.0,24001417.0,59734517.0,83484109.0,181308611.0,35519761.0,335932409.0,0.0,0.0,165288.0,1117937.0,8874411.0,36667795.0,6433664.0,32060548.0,50056.0,735078.0,31589263.0,222109892.0,26.0,28.0
2025-04,HSBC,HSBC LTD,Foreign,46.0,25.0,0.0,0.0,0.0,0.0,894226.0,801910.0,1064522.0,4149044.0,1746713.0,15117523.0,0.0,0.0,3180.0,23534.0,266578.0,1345904.0,0.0,0.0,0.0,0.0,235613.0,1469942.0,0.0,0.0
2025-04,ICICI BANK,ICICI BANK LTD,Private sector,10127.0,5276.0,2082898.0,6593.0,601341.0,3758897.0,18300074.0,31797792.0,18257444.0,102664158.0,64015460.0,248130611.0,33.0,2008.0,58963.0,306307.0,4974939.0,22874881.0,3123110.0,18052790.0,5169.0,110411.0,13421281.0,103367461.0,2.0,1.0
2025-04,IDBI BANK,IDBI BANK LTD,Private sector,2412.0,700.0,13015.0,1364.0,0.0,414340.0,43090.0,12209447.0,83020.0,368846.0,60837.0,279700.0,0.0,0.0,535.0,3278.0,1018966.0,2629194.0,200073.0,611054.0,0.0,0.0,4563181.0,24664836.0,87.0,25.0
2025-04,IDFC FIRST BANK,IDFC FIRST BANK LTD,Private sector,731.0,306.0,40992.0,7472.0,0.0,157857.0,3633077.0,6582906.0,12249208.0,20699891.0,2474233.0,17196506.0,0.0,0.0,23187.0,116213.0,585145.0,2267522.0,284257.0,3264149.0,0.0,0.0,3147111.0,18347068.0,0.0,0.0
2025-04,INDIA POST PAYMENTS BANK,INDIA POST PAYMENTS BANK,Payments bank,0.0,0.0,0.0,194541.0,0.0,2454227.0,0.0,24875238.0,0.0,0.0,0.0,0.0,0.0,0.0,0.0,0.0,0.0,0.0,252238.0,92293.0,0.0,0.0,0.0,0.0,0.0,0.0
2025-04,INDIAN BANK,INDIAN BANK,Public sector,4688.0,616.0,19845.0,14744.0,0.0,2916477.0,279286.0,33490148.0,207296.0,934105.0,141946.0,1075915.0,0.0,0.0,4177.0,33122.0,2780478.0,7987076.0,477214.0,1138766.0,144.0,513.0,18145585.0,90473666.0,11.0,10.0
2025-04,INDIAN OVERSEAS BANK,INDIAN OVERSEAS BANK,Public sector,2762.0,734.0,0.0,10192.0,0.0,462806.0,73382.0,18539929.0,75056.0,245912.0,27543.0,109568.0,0.0,0.0,2692.0,13583.0,2117163.0,5202584.0,235794.0,664633.0,0.0,0.0,11349312.0,50266967.0,0.0,0.0
2025-04,INDUSIND BANK,INDUSIND BANK LTD,Private sector,2017.0,1019.0,195015.0,0.0,12354.0,7563774.0,3181308.0,11021249.0,4180888.0,29840541.0,9082453.0,59084626.0,0.0,0.0,23615.0,130253.0,620013.0,2000262.0,495590.0,2204164.0,844.0,61973.0,3492515.0,21670392.0,0.0,0.0
2025-04,JAMMU AND KASHMIR BANK,JAMMU AND KASHMIR BANK LTD,Private sector,945.0,635.0,14474.0,1134.0,0.0,624950.0,128553.0,4907082.0,177359.0,1587673.0,107434.0,396917.0,0.0,0.0,10509.0,46433.0,648077.0,1776406.0,877374.0,636427.0,0.0,0.0,4854941.0,27030724.0,0.0,0.0
2025-04,JANA SMALL FINANCE BANK,JANA SMALL FINANCE BANK LTD,Small finance,58.0,3.0,0.0,173.0,0.0,507450.0,0.0,3876707.0,0.0,0.0,0.0,0.0,0.0,0.0,0.0,0.0,39773.0,100769.0,6915.0,29636.0,0.0,0.0,411257.0,1874975.0,0.0,0.0
2025-04,JIO PAYMENTS BANK,JIO PAYMENTS BANK,Payments bank,0.0,0.0,0.0,0.0,0.0,119589.0,0.0,622570.0,0.0,0.0,0.0,0.0,0.0,0.0,0.0,0.0,14166.0,18289.0,21204.0,49127.0,1819.0,914.0,69371.0,313260.0,0.0,0.0
2025-04,KARNATAKA BANK,KARNATAKA BANK LTD,Private sector,950.0,551.0,10910.0,0.0,0.0,127971.0,0.0,5581043.0,0.0,0.0,0.0,0.0,0.0,0.0,0.0,0.0,729698.0,1609991.0,53317.0,176049.0,0.0,0.0,3454691.0,17505465.0,0.0,0.0
2025-04,KARUR VYSYA BANK,KARUR VYSYA BANK LTD,Private sector,1555.0,695.0,1434.0,0.0,0.0,45235.0,10450.0,5342579.0,23754.0,170900.0,8549.0,126437.0,0.0,0.0,465.0,3523.0,845721.0,2357674.0,132115.0,571982.0,0.0,0.0,3729228.0,19352873.0,0.0,0.0
2025-04,KEB HANA BANK,KEB HANA BANK,Foreign,1.0,0.0,0.0,0.0,0.0,0.0,0.0,1697.0,0.0,0.0,0.0,0.0,0.0,0.0,0.0,0.0,1154.0,3973.0,117.0,473.0,0.0,0.0,373.0,2683.0,0.0,0.0
2025-04,KOOKMIN BANK,KOOKMIN BANK,Foreign,0.0,0.0,0.0,0.0,0.0,0.0,0.0,549.0,0.0,0.0,0.0,0.0,0.0,0.0,0.0,0.0,669.0,1665.0,243.0,849.0,0.0,0.0,75.0,574.0,0.0,0.0
2025-04,KOTAK MAHINDRA BANK,KOTAK MAHINDRA BANK LTD,Private sector,1963.0,1216.0,84402.0,0.0,153074.0,720367.0,4839468.0,35239467.0,11354256.0,23767675.0,4166161.0,36685354.0,0.0,0.0,21053.0,105964.0,1795650.0,5029269.0,1572253.0,5113115.0,0.0,0.0,9276090.0,49610407.0,0.0,0.0
2025-04,NAINITAL BANK,NAINITAL BANK LTD,Private sector,0.0,0.0,0.0,0.0,0.0,0.0,0.0,299463.0,0.0,0.0,0.0,0.0,0.0,0.0,0.0,0.0,12353.0,25821.0,3403.0,10188.0,0.0,0.0,60918.0,310283.0,0.0,0.0
2025-04,NORTH EAST SMALL FINANCE BANK,NORTH EAST SMALL FINANCE BANK LTD,Small finance,15.0,1.0,0.0,0.0,0.0,0.0,0.0,919300.0,0.0,0.0,0.0,0.0,0.0,0.0,0.0,0.0,3924.0,6390.0,11609.0,64970.0,0.0,0.0,207672.0,367585.0,310.0,511.0
2025-04,NSDL PAYMENTS BANK,NSDL PAYMENTS BANK,Payments bank,0.0,0.0,0.0,302174.0,0.0,0.0,0.0,736461.0,0.0,0.0,0.0,0.0,0.0,0.0,0.0,0.0,14351.0,14432.0,11008.0,17958.0,0.0,0.0,368334.0,945531.0,0.0,0.0
2025-04,PAYTM PAYMENTS BANK,PAYTM PAYMENTS BANK,Payments bank,0.0,0.0,0.0,0.0,0.0,0.0,0.0,30593306.0,0.0,0.0,0.0,0.0,0.0,0.0,0.0,0.0,122.0,61.0,389.0,76.0,0.0,0.0,49.0,200.0,0.0,0.0
2025-04,PUNJAB AND SIND BANK,PUNJAB AND SIND BANK,Public sector,1024.0,29.0,1004.0,1740.0,1150.0,185031.0,0.0,3542230.0,0.0,0.0,0.0,0.0,0.0,0.0,0.0,0.0,267245.0,732794.0,77999.0,198376.0,0.0,0.0,1257216.0,6428638.0,0.0,0.0
2025-04,PUNJAB NATIONAL BANK,PUNJAB NATIONAL BANK,Public sector,7532.0,4071.0,28580.0,0.0,766788.0,1006384.0,610791.0,41396462.0,354156.0,1617720.0,253026.0,1497868.0,2.0,94.0,5781.0,19175.0,3654916.0,10222563.0,986523.0,2497131.0,0.0,0.0,22708850.0,121739903.0,0.0,0.0
2025-04,RBL BANK,RBL BANK LTD,Private sector,378.0,37.0,2700214.0,0.0,1839.0,50135.0,4776130.0,1666544.0,4857388.0,26092659.0,5275471.0,42098892.0,0.0,0.0,26350.0,117024.0,136437.0,451591.0,77973.0,469470.0,84.0,4242.0,469745.0,2665799.0,0.0,0.0
2025-04,SBM BANK INDIA,SBM BANK INDIA LTD,Foreign,0.0,0.0,0.0,0.0,0.0,6.0,718373.0,839040.0,157783.0,207627.0,329691.0,417801.0,0.0,0.0,1682.0,5117.0,7883.0,22014.0,7547.0,28725.0,0.0,0.0,20166.0,72170.0,0.0,0.0
2025-04,SHIVALIK SMALL FINANCE BANK,SHIVALIK SMALL FINANCE BANK LTD,Small finance,0.0,0.0,0.0,0.0,0.0,0.0,0.0,69110.0,0.0,0.0,0.0,0.0,0.0,0.0,0.0,0.0,2502.0,6224.0,2013.0,7290.0,0.0,0.0,21712.0,115825.0,0.0,0.0
2025-04,SOUTH INDIAN BANK,SOUTH INDIAN BANK,Private sector,910.0,368.0,13977.0,0.0,37178.0,103385.0,374170.0,3952762.0,558013.0,2215699.0,610018.0,3687438.0,0.0,0.0,0.0,0.0,924114.0,2643101.0,159541.0,723376.0,0.0,0.0,2565961.0,13585252.0,0.0,0.0
2025-04,STANDARD CHARTERED BANK,STANDARD CHARTERED BANK LTD,Foreign,101.0,41.0,0.0,0.0,0.0,0.0,842831.0,929370.0,885580.0,3330711.0,1006246.0,5513223.0,0.0,0.0,1700.0,11749.0,263692.0,1036136.0,133440.0,520376.0,26.0,575.0,497178.0,2771396.0,0.0,0.0
2025-04,STATE BANK OF INDIA,STATE BANK OF INDIA,Public sector,27276.0,36373.0,1610352.0,50043.0,1023581.0,5306195.0,20982901.0,241772286.0,25868038.0,113780680.0,53167124.0,180371551.0,0.0,0.0,135795.0,591611.0,29518426.0,78799442.0,6655135.0,20459536.0,715.0,9847.0,151750654.0,842000000.0,13951.0,13177.0
2025-04,SURYODAY SMALL FINANCE BANK,SURYODAY SMALL FINANCE BANK LTD,Small finance,0.0,0.0,0.0,67.0,0.0,0.0,788.0,862049.0,69.0,442.0,1075.0,1065.0,0.0,0.0,1.0,3.0,7223.0,14789.0,977.0,4386.0,0.0,0.0,60245.0,275486.0,0.0,0.0
2025-04,TAMILNAD MERCANTILE BANK,TAMILNAD MERCANTILE BANK LTD,Private sector,504.0,647.0,2355.0,0.0,0.0,184210.0,30270.0,2462409.0,40635.0,189875.0,17207.0,105108.0,0.0,0.0,1893.0,7408.0,295121.0,1042583.0,26681.0,127772.0,82.0,244.0,4434315.0,22020287.0,0.0,0.0
2025-04,UCO BANK,UCO BANK,Public sector,2288.0,226.0,10693.0,3568.0,181.0,1315462.0,0.0,13073450.0,0.0,0.0,0.0,0.0,0.0,0.0,0.0,0.0,850041.0,2387197.0,256707.0,634552.0,843.0,15260.0,6132639.0,30516925.0,51.0,27.0
2025-04,UJJIVAN SMALL FINANCE BANK,UJJIVAN SMALL FINANCE BANK LTD,Small finance,609.0,4.0,0.0,0.0,0.0,557727.0,0.0,7045236.0,0.0,0.0,0.0,0.0,0.0,0.0,0.0,0.0,133828.0,313389.0,31397.0,118077.0,0.0,0.0,2896211.0,12006571.0,2.0,1.0
2025-04,UNION BANK OF INDIA,UNION BANK OF INDIA,Public sector,7706.0,1247.0,48642.0,8024.0,341758.0,288334.0,489745.0,56125507.0,549715.0,2400171.0,1809575.0,3404283.0,0.0,0.0,8982.0,39783.0,4189650.0,10200135.0,1467001.0,3193152.0,2282.0,9289.0,39715247.0,124106968.0,13.0,94.0
2025-04,UNITY SMALL FINANCE BANK,UNITY SMALL FINANCE BANK LTD,Small finance,189.0,0.0,0.0,0.0,0.0,0.0,576.0,83188.0,253.0,2448.0,416.0,6131.0,0.0,0.0,0.0,0.0,7905.0,16361.0,843.0,3193.0,0.0,0.0,31489.0,141961.0,0.0,0.0
2025-04,UTKARSH SMALL FINANCE BANK,UTKARSH SMALL FINANCE BANK LTD,Small finance,362.0,7.0,0.0,772.0,0.0,39809.0,116108.0,1701280.0,9354.0,12810.0,35702.0,34330.0,854223.0,154672.0,305.0,372.0,25215.0,95982.0,8314.0,42417.0,4.0,58.0,209545.0,1243324.0,0.0,0.0
2025-04,WOORI BANK,WOORI BANK,Foreign,0.0,0.0,0.0,0.0,0.0,0.0,0.0,1352.0,0.0,0.0,0.0,0.0,0.0,0.0,0.0,0.0,2142.0,8021.0,877.0,2756.0,0.0,0.0,584.0,4659.0,0.0,0.0
2025-04,YES BANK,YES BANK LTD,Private sector,1173.0,158.0,104383.0,83611.0,195980.0,511299129.0,2504148.0,5146663.0,10469962.0,18301890.0,1120103.0,13926261.0,0.0,0.0,10537.0,52264.0,460068.0,1456766.0,125910.0,873308.0,17.0,171.0,1889448.0,10838589.0,0.0,0.0
2025-05,AIRTEL PAYMENTS BANK,AIRTEL PAYMENTS BANK,Payments bank,0.0,0.0,0.0,150594.0,0.0,1183942.0,0.0,6560119.0,0.0,0.0,0.0,0.0,0.0,0.0,0.0,0.0,93367.0,41414.0,39751.0,64480.0,0.0,0.0,436568.0,1728330.0,0.0,0.0
2025-05,AMERICAN EXPRESS BANKING CORPORATION,AMERICAN EXPRESS BANKING CORPORATION,Foreign,0.0,0.0,14730.0,0.0,0.0,0.0,1417026.0,0.0,1672180.0,13567016.0,4213087.0,40419808.0,0.0,0.0,0.0,0.0,0.0,0.0,0.0,0.0,0.0,0.0,0.0,0.0,0.0,0.0
2025-05,AU SMALL FINANCE BANK,AU SMALL FINANCE BANK LTD,Small finance,671.0,6.0,0.0,851.0,0.0,347319.0,990149.0,8845897.0,893027.0,4623797.0,2219032.0,5089650.0,309.0,145.0,2414.0,12948.0,168350.0,457797.0,158245.0,635500.0,140.0,1714.0,1317850.0,6954572.0,0.0,0.0
2025-05,AXIS BANK,AXIS BANK LTD,Private sector,6343.0,7739.0,2285286.0,369.0,622534.0,104586630.0,15060789.0,40158926.0,40166998.0,99763432.0,27554013.0,124783914.0,0.0,0.0,72042.0,398747.0,4048496.0,13754608.0,1831578.0,10430731.0,10203.0,272050.0,15854688.0,106919677.0,0.0,0.0
2025-05,BANDHAN BANK,BANDHAN BANK LTD,Private sector,433.0,5.0,69209.0,0.0,32209.0,0.0,6.0,6336115.0,2.0,3.0,0.0,0.0,0.0,0.0,0.0,0.0,206987.0,691527.0,52555.0,256773.0,0.0,0.0,2145995.0,11856836.0,3.0,3.0
2025-05,BANK OF AMERICA,BANK OF AMERICA,Foreign,0.0,0.0,0.0,0.0,0.0,0.0,0.0,0.0,0.0,0.0,0.0,0.0,0.0,0.0,0.0,0.0,0.0,0.0,0.0,0.0,0.0,0.0,0.0,0.0,0.0,0.0
2025-05,BANK OF BAHRAIN AND KUWAIT B S C,BANK OF BAHRAIN & KUWAIT B.S.C.,Foreign,0.0,0.0,0.0,0.0,0.0,0.0,0.0,992.0,0.0,0.0,0.0,0.0,0.0,0.0,0.0,0.0,908.0,2466.0,0.0,0.0,0.0,0.0,1325.0,6876.0,0.0,0.0
2025-05,BANK OF BARODA,BANK OF BARODA,Public sector,8699.0,2415.0,52013.0,44469.0,24245.0,2614504.0,3017591.0,88103641.0,7562173.0,14468715.0,3292432.0,17038106.0,0.0,0.0,9161.0,47638.0,3007570.0,7194341.0,215858.0,2064479.0,17.0,47.0,22524300.0,116858929.0,6.0,4.0
2025-05,BANK OF INDIA,BANK OF INDIA,Public sector,5323.0,2677.0,18508.0,23320.0,0.0,1273280.0,72891.0,37532322.0,195619.0,812084.0,67403.0,319567.0,0.0,0.0,8106.0,43441.0,2136006.0,4698274.0,378431.0,816936.0,0.0,0.0,14503499.0,63124080.0,1.0,1.0
2025-05,BANK OF MAHARASHTRA,BANK OF MAHARASHTRA,Public sector,2187.0,250.0,105.0,5605.0,355014.0,943325.0,26535.0,13321331.0,42893.0,201443.0,18093.0,96961.0,0.0,0.0,688.0,3529.0,1002404.0,2206943.0,158328.0,445541.0,5484.0,58660.0,5598502.0,27836305.0,0.0,0.0
2025-05,BARCLAYS BANK,BARCLAYS BANK PLC,Foreign,0.0,245.0,0.0,0.0,1.0,0.0,0.0,472.0,0.0,0.0,0.0,0.0,0.0,0.0,0.0,0.0,156.0,553.0,0.0,0.0,0.0,0.0,513.0,4686.0,0.0,0.0
2025-05,CANARA BANK,CANARA BANK,Public sector,9246.0,3629.0,77302.0,9045.0,0.0,3262838.0,981365.0,60696728.0,1048387.0,4144119.0,463395.0,2801437.0,0.0,0.0,83384.0,479875.0,5416783.0,15849469.0,865537.0,3742037.0,4339.0,80479.0,28340729.0,142947110.0,3.0,2.0
2025-05,CAPITAL SMALL FINANCE BANK,CAPITAL SMALL FINANCE BANK LTD,Small finance,194.0,2.0,0.0,0.0,0.0,0.0,0.0,237355.0,0.0,0.0,0.0,0.0,0.0,0.0,0.0,0.0,23358.0,85420.0,2544.0,16483.0,0.0,0.0,108162.0,652810.0,0.0,0.0
2025-05,CENTRAL BANK OF INDIA,CENTRAL BANK OF INDIA,Public sector,2896.0,1189.0,3333.0,2687.0,36258.0,2022310.0,0.0,28208710.0,0.0,0.0,0.0,0.0,0.0,0.0,0.0,0.0,1309888.0,3309494.0,191848.0,678885.0,0.0,0.0,8055572.0,39060407.0,24.0,470.0
2025-05,CITI BANK,CITI BANK,Foreign,0.0,0.0,0.0,0.0,0.0,0.0,240148.0,0.0,155555.0,923447.0,288624.0,4792260.0,0.0,0.0,430.0,3634.0,0.0,0.0,0.0,0.0,0.0,0.0,0.0,0.0,0.0,0.0
2025-05,CITY UNION BANK,CITY UNION BANK LTD.,Private sector,1234.0,514.0,7289.0,90015.0,0.0,80380.0,47740.0,3165443.0,53622.0,233384.0,24039.0,245638.0,0.0,0.0,192.0,1010.0,457973.0,1370427.0,43698.0,118856.0,0.0,0.0,2312261.0,14075087.0,0.0,0.0
2025-05,CSB BANK,CSB BANK LTD.,Private sector,760.0,38.0,0.0,0.0,18243.0,0.0,159835.0,925866.0,250587.0,718776.0,1641018.0,1620079.0,0.0,0.0,0.0,0.0,123891.0,310191.0,8050.0,30683.0,0.0,0.0,371127.0,1948168.0,0.0,0.0
2025-05,DBS BANK INDIA,DBS INDIA BANK LTD,Foreign,416.0,332.0,663.0,90.0,0.0,8444.0,444996.0,1653926.0,443556.0,2058890.0,296333.0,2494036.0,0.0,0.0,1661.0,5212.0,171630.0,453393.0,72972.0,245123.0,0.0,0.0,672313.0,3857313.0,0.0,0.0
2025-05,DCB BANK,DCB BANK LTD,Private sector,433.0,5.0,0.0,0.0,0.0,0.0,354.0,971448.0,807.0,4786.0,457.0,3008.0,0.0,0.0,16.0,89.0,75126.0,231808.0,40449.0,181979.0,190.0,6407.0,225827.0,1465558.0,0.0,0.0
2025-05,DEUTSCHE BANK,DEUTSCHE BANK LTD,Foreign,13.0,2.0,0.0,0.0,0.0,306.0,0.0,102940.0,0.0,0.0,0.0,0.0,0.0,0.0,0.0,0.0,22646.0,75559.0,13789.0,51498.0,0.0,0.0,25187.0,162964.0,0.0,0.0
2025-05,DHANALAXMI BANK,DHANALAXMI BANK LTD,Private sector,243.0,39.0,1535.0,0.0,0.0,38353.0,13222.0,592978.0,25845.0,66158.0,7214.0,31173.0,0.0,0.0,254.0,965.0,126257.0,276988.0,5026.0,11465.0,0.0,0.0,386286.0,1767633.0,0.0,0.0
2025-05,DOHA BANK Q P S C,DOHA BANK Q.P.S.C.,Foreign,2.0,0.0,0.0,0.0,0.0,0.0,0.0,23054.0,0.0,0.0,0.0,0.0,0.0,0.0,0.0,0.0,571.0,1979.0,153.0,522.0,0.0,0.0,1541.0,8873.0,0.0,0.0
2025-05,EQUITAS SMALL FINANCE BANK,EQUITAS SMALL FINANCE BANK LTD,Small finance,372.0,4.0,2511.0,336.0,60099.0,0.0,808.0,1329407.0,2999.0,14607.0,1135.0,9200.0,0.0,0.0,42.0,225.0,96045.0,238244.0,22482.0,111506.0,0.0,0.0,2010302.0,5923993.0,0.0,0.0
2025-05,ESAF SMALL FINANCE BANK,ESAF SMALL FINANCE BANK LTD,Small finance,712.0,3.0,0.0,4802.0,0.0,0.0,1814.0,5838026.0,1772.0,4771.0,8743.0,4389.0,0.0,0.0,1.0,3.0,133190.0,279719.0,9546.0,33899.0,0.0,0.0,724499.0,3596256.0,0.0,0.0
2025-05,FEDERAL BANK,FEDERAL BANK LTD,Private sector,1778.0,314.0,22779.0,0.0,0.0,5994434.0,1262333.0,14282752.0,2964472.0,7834917.0,1762058.0,10062124.0,0.0,0.0,5383.0,26484.0,2616884.0,7508867.0,1145970.0,4094319.0,3031.0,39835.0,7115568.0,38869634.0,0.0,0.0
2025-05,FINO PAYMENTS BANK,FINO PAYMENTS BANK,Payments bank,0.0,0.0,0.0,455998.0,0.0,11088.0,0.0,10572119.0,0.0,0.0,0.0,0.0,0.0,0.0,0.0,0.0,129994.0,336204.0,3442.0,7633.0,0.0,0.0,2148568.0,7544248.0,1.0,1.0
2025-05,HDFC BANK,HDFC BANK LTD,Private sector,12798.0,8603.0,1811639.0,2150.0,2346798.0,926453.0,24276236.0,60295192.0,86801025.0,189614639.0,37724554.0,327857380.0,0.0,0.0,161317.0,1099575.0,8877198.0,34749485.0,6398706.0,33521768.0,48753.0,765012.0,32375071.0,230415033.0,33.0,42.0
2025-05,HSBC,HSBC LTD,Foreign,46.0,25.0,0.0,0.0,0.0,0.0,915980.0,805504.0,1107630.0,4120547.0,1861112.0,15730088.0,0.0,0.0,2923.0,22242.0,275782.0,1319520.0,0.0,0.0,0.0,0.0,245393.0,1547355.0,0.0,0.0
2025-05,ICICI BANK,ICICI BANK LTD,Private sector,11371.0,3751.0,2117869.0,6246.0,602303.0,3780316.0,18268429.0,31869091.0,18504004.0,99239440.0,65795922.0,245910279.0,41.0,3054.0,55083.0,290967.0,4829798.0,21121759.0,3079041.0,19245219.0,5474.0,117031.0,13499490.0,105275358.0,0.0,0.0
2025-05,IDBI BANK,IDBI BANK LTD,Private sector,2368.0,687.0,13946.0,1407.0,0.0,425754.0,43577.0,12197939.0,79491.0,366015.0,64042.0,295831.0,0.0,0.0,532.0,3145.0,1006644.0,2481501.0,193923.0,568132.0,0.0,0.0,4542869.0,24575681.0,87.0,30.0
2025-05,IDFC FIRST BANK,IDFC FIRST BANK LTD,Private sector,734.0,305.0,40617.0,7294.0,0.0,166061.0,3704375.0,6606865.0,12875859.0,22038808.0,2573138.0,17905998.0,0.0,0.0,22336.0,114709.0,588571.0,2323514.0,298356.0,3544779.0,0.0,0.0,3096836.0,18210601.0,0.0,0.0
2025-05,INDIA POST PAYMENTS BANK,INDIA POST PAYMENTS BANK,Payments bank,0.0,0.0,0.0,194607.0,0.0,2537439.0,0.0,25067886.0,0.0,0.0,0.0,0.0,0.0,0.0,0.0,0.0,0.0,0.0,214070.0,105356.0,0.0,0.0,0.0,0.0,0.0,0.0
2025-05,INDIAN BANK,INDIAN BANK,Public sector,4777.0,628.0,19898.0,15002.0,0.0,2849743.0,278858.0,33604279.0,206379.0,934195.0,140497.0,1128392.0,0.0,0.0,4051.0,33935.0,2717781.0,6828125.0,486580.0,1078017.0,118.0,408.0,17905107.0,89595031.0,8.0,5.0
2025-05,INDIAN OVERSEAS BANK,INDIAN OVERSEAS BANK,Public sector,2766.0,734.0,0.0,10579.0,0.0,469577.0,74106.0,18796495.0,74576.0,250085.0,26614.0,104010.0,0.0,0.0,2344.0,12203.0,2161990.0,5179723.0,235390.0,666548.0,0.0,0.0,11658191.0,52182364.0,0.0,0.0
2025-05,INDUSIND BANK,INDUSIND BANK LTD,Private sector,2028.0,1017.0,197311.0,0.0,12338.0,7671286.0,3189282.0,11123782.0,4233910.0,29990571.0,9300065.0,60835849.0,0.0,0.0,22763.0,125412.0,610196.0,1904183.0,472629.0,2275583.0,935.0,84706.0,3541817.0,21706868.0,0.0,0.0
2025-05,JAMMU AND KASHMIR BANK,JAMMU AND KASHMIR BANK LTD,Private sector,946.0,636.0,14475.0,1245.0,0.0,628000.0,130115.0,4974263.0,181841.0,1680126.0,103672.0,397548.0,0.0,0.0,10344.0,47715.0,623964.0,1574565.0,729190.0,489680.0,0.0,0.0,4696300.0,27716920.0,0.0,0.0
2025-05,JANA SMALL FINANCE BANK,JANA SMALL FINANCE BANK LTD,Small finance,58.0,3.0,0.0,173.0,0.0,508539.0,0.0,3922347.0,0.0,0.0,0.0,0.0,0.0,0.0,0.0,0.0,38156.0,90060.0,6411.0,25846.0,0.0,0.0,422128.0,1796105.0,0.0,0.0
2025-05,JIO PAYMENTS BANK,JIO PAYMENTS BANK,Payments bank,0.0,0.0,0.0,0.0,0.0,124003.0,0.0,781310.0,0.0,0.0,0.0,0.0,0.0,0.0,0.0,0.0,14409.0,20413.0,25398.0,86747.0,1911.0,1047.0,79736.0,384903.0,0.0,0.0
2025-05,KARNATAKA BANK,KARNATAKA BANK LTD,Private sector,950.0,545.0,11217.0,0.0,0.0,131489.0,0.0,5602206.0,0.0,0.0,0.0,0.0,0.0,0.0,0.0,0.0,694682.0,1488595.0,48313.0,156932.0,0.0,0.0,3440838.0,17505907.0,0.0,0.0
2025-05,KARUR VYSYA BANK,KARUR VYSYA BANK LTD,Private sector,1545.0,689.0,1395.0,0.0,0.0,45411.0,10368.0,5382607.0,23693.0,168945.0,7978.0,122062.0,0.0,0.0,390.0,3073.0,849433.0,2397019.0,130042.0,583340.0,0.0,0.0,3786335.0,19955580.0,0.0,0.0
2025-05,KEB HANA BANK,KEB HANA BANK,Foreign,1.0,0.0,0.0,0.0,0.0,0.0,0.0,1706.0,0.0,0.0,0.0,0.0,0.0,0.0,0.0,0.0,1464.0,4541.0,204.0,458.0,0.0,0.0,269.0,1737.0,0.0,0.0
2025-05,KOOKMIN BANK,KOOKMIN BANK,Foreign,0.0,0.0,0.0,0.0,0.0,0.0,0.0,561.0,0.0,0.0,0.0,0.0,0.0,0.0,0.0,0.0,550.0,1678.0,202.0,528.0,0.0,0.0,98.0,631.0,0.0,0.0
2025-05,KOTAK MAHINDRA BANK,KOTAK MAHINDRA BANK LTD,Private sector,1972.0,1217.0,75074.0,0.0,156854.0,726428.0,4866190.0,35491965.0,11836448.0,25191344.0,4305846.0,37888242.0,0.0,0.0,21828.0,112006.0,1728166.0,4566951.0,1509017.0,4865245.0,0.0,0.0,9322496.0,50159878.0,0.0,0.0
2025-05,NAINITAL BANK,NAINITAL BANK LTD,Private sector,0.0,0.0,0.0,0.0,0.0,0.0,0.0,303243.0,0.0,0.0,0.0,0.0,0.0,0.0,0.0,0.0,12868.0,26309.0,4104.0,11151.0,0.0,0.0,60523.0,301192.0,0.0,0.0
2025-05,NSDL PAYMENTS BANK,NSDL PAYMENTS BANK,Payments bank,0.0,0.0,0.0,301781.0,0.0,0.0,0.0,736461.0,0.0,0.0,0.0,0.0,0.0,0.0,0.0,0.0,14795.0,18234.0,11245.0,21619.0,0.0,0.0,393780.0,1028528.0,0.0,0.0
2025-05,PAYTM PAYMENTS BANK,PAYTM PAYMENTS BANK,Payments bank,0.0,0.0,0.0,0.0,0.0,0.0,0.0,30591221.0,0.0,0.0,0.0,0.0,0.0,0.0,0.0,0.0,84.0,28.0,356.0,45.0,0.0,0.0,59.0,113.0,0.0,0.0
2025-05,PUNJAB AND SIND BANK,PUNJAB AND SIND BANK,Public sector,1023.0,29.0,1025.0,1760.0,1171.0,188059.0,0.0,3569939.0,0.0,0.0,0.0,0.0,0.0,0.0,0.0,0.0,171614.0,467469.0,48854.0,124286.0,0.0,0.0,802421.0,4178581.0,0.0,0.0
2025-05,PUNJAB NATIONAL BANK,PUNJAB NATIONAL BANK,Public sector,7390.0,3949.0,26142.0,0.0,768214.0,1078844.0,615359.0,41372091.0,352528.0,1636895.0,297881.0,1666788.0,2.0,102.0,6084.0,19944.0,3759712.0,9951572.0,986995.0,2468551.0,0.0,0.0,23451369.0,125700870.0,0.0,0.0
2025-05,RBL BANK,RBL BANK LTD,Private sector,378.0,37.0,2893565.0,0.0,1596.0,50448.0,4735288.0,1634861.0,4970659.0,27525748.0,5631609.0,46788122.0,0.0,0.0,24913.0,113671.0,118567.0,405072.0,67511.0,398086.0,57.0,1996.0,426672.0,2384596.0,0.0,0.0
2025-05,SBM BANK INDIA,SBM BANK INDIA LTD,Foreign,0.0,0.0,0.0,0.0,0.0,6.0,714708.0,845542.0,155096.0,209157.0,322592.0,429695.0,0.0,0.0,1450.0,4092.0,8062.0,22184.0,8223.0,30142.0,0.0,0.0,24911.0,84303.0,0.0,0.0
2025-05,SHIVALIK SMALL FINANCE BANK,SHIVALIK SMALL FINANCE BANK LTD,Small finance,0.0,0.0,0.0,0.0,0.0,0.0,0.0,43097.0,0.0,0.0,0.0,0.0,0.0,0.0,0.0,0.0,2568.0,7003.0,1956.0,9105.0,0.0,0.0,22658.0,120542.0,0.0,0.0
2025-05,SLICE SMALL FINANCE BANK,SLICE SMALL FINANCE BANK LTD,Small finance,15.0,1.0,0.0,0.0,0.0,0.0,0.0,1160984.0,0.0,0.0,0.0,0.0,0.0,0.0,0.0,0.0,3978.0,7521.0,13553.0,65837.0,0.0,0.0,183015.0,364521.0,108.0,263.0
2025-05,SOUTH INDIAN BANK,SOUTH INDIAN BANK,Private sector,910.0,366.0,13873.0,0.0,36823.0,104237.0,372063.0,3974122.0,556716.0,2258908.0,605852.0,3982376.0,0.0,0.0,0.0,0.0,915112.0,2598563.0,161968.0,793194.0,0.0,0.0,2563971.0,13809960.0,0.0,0.0
2025-05,STANDARD CHARTERED BANK,STANDARD CHARTERED BANK LTD,Foreign,106.0,41.0,0.0,0.0,0.0,0.0,823827.0,905486.0,877685.0,3338738.0,1029314.0,5590309.0,0.0,0.0,1575.0,11270.0,259747.0,948001.0,127677.0,488379.0,21.0,346.0,507516.0,2925273.0,0.0,0.0
2025-05,STATE BANK OF INDIA,STATE BANK OF INDIA,Public sector,27458.0,36105.0,1617832.0,50762.0,1024363.0,5373349.0,21109673.0,242521838.0,26147540.0,116044417.0,56138701.0,207847997.0,0.0,0.0,128994.0,571704.0,28719288.0,73018461.0,6530128.0,20752174.0,699.0,10266.0,149701646.0,837615331.0,12461.0,11668.0
2025-05,SURYODAY SMALL FINANCE BANK,SURYODAY SMALL FINANCE BANK LTD,Small finance,0.0,0.0,0.0,67.0,0.0,0.0,1207.0,874126.0,320.0,826.0,2072.0,2063.0,0.0,0.0,0.0,0.0,7398.0,14220.0,1267.0,8823.0,0.0,0.0,65183.0,298917.0,0.0,0.0
2025-05,TAMILNAD MERCANTILE BANK,TAMILNAD MERCANTILE BANK LTD,Private sector,785.0,745.0,2350.0,0.0,0.0,185214.0,28607.0,2483796.0,42062.0,189025.0,18328.0,109982.0,0.0,0.0,1897.0,8056.0,292089.0,1061486.0,27914.0,148970.0,76.0,234.0,4435782.0,22572292.0,0.0,0.0
2025-05,UCO BANK,UCO BANK,Public sector,2390.0,225.0,10766.0,3568.0,179.0,1334721.0,0.0,13075865.0,0.0,0.0,0.0,0.0,0.0,0.0,0.0,0.0,832993.0,2200055.0,245359.0,603551.0,846.0,15330.0,6194659.0,30620775.0,49.0,34.0
2025-05,UJJIVAN SMALL FINANCE BANK,UJJIVAN SMALL FINANCE BANK LTD,Small finance,609.0,4.0,0.0,0.0,0.0,554535.0,0.0,7003918.0,0.0,0.0,0.0,0.0,0.0,0.0,0.0,0.0,135144.0,296704.0,33181.0,121708.0,0.0,0.0,2929177.0,12128679.0,4.0,5.0
2025-05,UNION BANK OF INDIA,UNION BANK OF INDIA,Public sector,7706.0,1247.0,50642.0,8055.0,347069.0,288973.0,484857.0,56337605.0,509258.0,2251341.0,1725600.0,3170376.0,0.0,0.0,8087.0,36096.0,4043741.0,9444703.0,1313320.0,2844530.0,2360.0,9492.0,40713461.0,125499393.0,12.0,94.0
2025-05,UNITY SMALL FINANCE BANK,UNITY SMALL FINANCE BANK LTD,Small finance,192.0,0.0,0.0,0.0,0.0,0.0,2042.0,90356.0,680.0,5198.0,1185.0,12525.0,0.0,0.0,0.0,9.0,8326.0,17534.0,1061.0,5011.0,0.0,0.0,34421.0,156864.0,0.0,0.0
2025-05,UTKARSH SMALL FINANCE BANK,UTKARSH SMALL FINANCE BANK LTD,Small finance,361.0,7.0,0.0,772.0,0.0,40159.0,127276.0,1711820.0,10548.0,13694.0,44410.0,40432.0,1033321.0,186231.0,348.0,443.0,14344.0,43446.0,5008.0,22892.0,0.0,0.0,125988.0,719135.0,0.0,0.0
2025-05,WOORI BANK,WOORI BANK,Foreign,0.0,0.0,0.0,0.0,0.0,0.0,0.0,1373.0,0.0,0.0,0.0,0.0,0.0,0.0,0.0,0.0,1577.0,5994.0,704.0,1630.0,0.0,0.0,600.0,4970.0,0.0,0.0
2025-05,YES BANK,YES BANK LTD,Private sector,1171.0,158.0,106262.0,84394.0,195764.0,517173709.0,2539528.0,5147508.0,10885712.0,19565155.0,1167604.0,14425040.0,0.0,0.0,9096.0,47194.0,447358.0,1372508.0,127416.0,791458.0,20.0,236.0,1855598.0,10733951.0,0.0,0.0
2025-06,AIRTEL PAYMENTS BANK,AIRTEL PAYMENTS BANK,Payments bank,0.0,0.0,0.0,152213.0,0.0,1175054.0,0.0,6868035.0,0.0,0.0,0.0,0.0,0.0,0.0,0.0,0.0,208860.0,43626.0,40215.0,65798.0,0.0,0.0,453004.0,1782263.0,0.0,0.0
2025-06,AMERICAN EXPRESS BANKING CORPORATION,AMERICAN EXPRESS BANKING CORPORATION,Foreign,0.0,0.0,14723.0,0.0,0.0,0.0,1405989.0,0.0,1629209.0,13512507.0,4026638.0,37476837.0,0.0,0.0,0.0,0.0,0.0,0.0,0.0,0.0,0.0,0.0,0.0,0.0,0.0,0.0
2025-06,AU SMALL FINANCE BANK,AU SMALL FINANCE BANK LTD,Small finance,672.0,6.0,0.0,852.0,0.0,348587.0,982540.0,8843774.0,858263.0,4176003.0,2190145.0,5178342.0,231.0,142.0,2357.0,12795.0,163792.0,442377.0,147707.0,659015.0,142.0,2080.0,1362143.0,7047789.0,0.0,0.0
2025-06,AXIS BANK,AXIS BANK LTD,Private sector,6490.0,7642.0,2373873.0,369.0,712870.0,106153584.0,15054518.0,40587495.0,40100437.0,99065833.0,26600092.0,119614904.0,0.0,0.0,69327.0,387638.0,3806865.0,13069209.0,1716824.0,10869440.0,9774.0,259404.0,14721627.0,97388440.0,0.0,0.0
2025-06,BANDHAN BANK,BANDHAN BANK LTD,Private sector,433.0,5.0,69657.0,0.0,33526.0,0.0,6.0,6321760.0,0.0,0.0,0.0,0.0,0.0,0.0,0.0,0.0,190297.0,633650.0,46639.0,233692.0,0.0,0.0,1996237.0,10745519.0,7.0,5.0
2025-06,BANK OF AMERICA,BANK OF AMERICA,Foreign,0.0,0.0,0.0,0.0,0.0,0.0,0.0,0.0,0.0,0.0,0.0,0.0,0.0,0.0,0.0,0.0,0.0,0.0,0.0,0.0,0.0,0.0,0.0,0.0,0.0,0.0
2025-06,BANK OF BAHRAIN AND KUWAIT B S C,BANK OF BAHRAIN & KUWAIT B.S.C.,Foreign,0.0,0.0,0.0,0.0,0.0,0.0,0.0,1027.0,0.0,0.0,0.0,0.0,0.0,0.0,0.0,0.0,1092.0,3302.0,0.0,0.0,0.0,0.0,1297.0,6823.0,0.0,0.0
2025-06,BANK OF BARODA,BANK OF BARODA,Public sector,8710.0,2420.0,52130.0,44362.0,24248.0,2658077.0,3028877.0,87776511.0,7374472.0,13892652.0,3256646.0,16800430.0,0.0,0.0,9003.0,46580.0,2809540.0,6606462.0,195902.0,2077041.0,15.0,37.0,21197051.0,107766070.0,4.0,2.0
2025-06,BANK OF INDIA,BANK OF INDIA,Public sector,5339.0,2647.0,18450.0,23603.0,0.0,1292420.0,74463.0,37225651.0,238702.0,820458.0,64775.0,311793.0,0.0,0.0,6948.0,36756.0,2016826.0,4335662.0,349219.0,821598.0,0.0,0.0,13805735.0,59003198.0,4.0,3.0
2025-06,BANK OF MAHARASHTRA,BANK OF MAHARASHTRA,Public sector,2214.0,250.0,115.0,5762.0,355014.0,945478.0,25810.0,13241997.0,40934.0,188533.0,17193.0,93108.0,0.0,0.0,722.0,3554.0,943508.0,2074966.0,148480.0,490709.0,6112.0,66109.0,5381322.0,26336019.0,0.0,0.0
2025-06,BARCLAYS BANK,BARCLAYS BANK PLC,Foreign,0.0,0.0,0.0,0.0,1.0,0.0,0.0,472.0,0.0,0.0,0.0,0.0,0.0,0.0,0.0,0.0,164.0,303.0,2.0,22.0,0.0,0.0,496.0,4501.0,0.0,0.0
2025-06,CANARA BANK,CANARA BANK,Public sector,7274.0,3572.0,77793.0,9640.0,0.0,3361623.0,1029315.0,60970376.0,1011354.0,4010726.0,450410.0,2734406.0,0.0,0.0,80038.0,462133.0,5115503.0,14033589.0,782476.0,3847221.0,4391.0,80912.0,27493561.0,136817544.0,2.0,1.0
2025-06,CAPITAL SMALL FINANCE BANK,CAPITAL SMALL FINANCE BANK LTD,Small finance,194.0,2.0,0.0,0.0,0.0,0.0,0.0,240938.0,0.0,0.0,0.0,0.0,0.0,0.0,0.0,0.0,22198.0,63763.0,1486.0,8532.0,0.0,0.0,103175.0,596152.0,0.0,0.0
2025-06,CENTRAL BANK OF INDIA,CENTRAL BANK OF INDIA,Public sector,2899.0,1189.0,3371.0,2712.0,37068.0,2071523.0,0.0,28545314.0,0.0,0.0,0.0,0.0,0.0,0.0,0.0,0.0,1332570.0,2952845.0,173917.0,657355.0,0.0,0.0,7471216.0,35814628.0,16.0,145.0
2025-06,CITI BANK,CITI BANK,Foreign,0.0,0.0,0.0,0.0,0.0,0.0,242440.0,0.0,160114.0,1046541.0,290615.0,4704252.0,0.0,0.0,475.0,3984.0,0.0,0.0,0.0,0.0,0.0,0.0,0.0,0.0,0.0,0.0
2025-06,CITY UNION BANK,CITY UNION BANK LTD.,Private sector,1261.0,515.0,7333.0,79935.0,0.0,70257.0,47456.0,3168749.0,49171.0,212987.0,22282.0,230960.0,0.0,0.0,188.0,1063.0,529687.0,1445896.0,39252.0,139872.0,0.0,0.0,2570649.0,14444389.0,0.0,0.0
2025-06,CSB BANK,CSB BANK LTD.,Private sector,762.0,38.0,0.0,0.0,18296.0,0.0,160502.0,932618.0,246342.0,676737.0,1623949.0,1603059.0,0.0,0.0,0.0,0.0,114631.0,285208.0,7975.0,36076.0,0.0,0.0,356861.0,1869475.0,0.0,0.0
2025-06,DBS BANK INDIA,DBS INDIA BANK LTD,Foreign,417.0,331.0,666.0,90.0,0.0,8551.0,438113.0,1659279.0,417034.0,1852304.0,272428.0,2268781.0,0.0,0.0,1648.0,5086.0,159502.0,409512.0,66209.0,226716.0,0.0,0.0,642462.0,3694632.0,0.0,0.0
2025-06,DCB BANK,DCB BANK LTD,Private sector,434.0,5.0,0.0,0.0,0.0,0.0,513.0,1001353.0,1064.0,5190.0,577.0,3135.0,0.0,0.0,12.0,71.0,71869.0,219140.0,43378.0,189084.0,165.0,5154.0,209166.0,1360611.0,0.0,0.0
2025-06,DEUTSCHE BANK,DEUTSCHE BANK LTD,Foreign,13.0,2.0,0.0,0.0,0.0,306.0,0.0,101385.0,0.0,0.0,0.0,0.0,0.0,0.0,0.0,0.0,18259.0,64898.0,12892.0,50129.0,0.0,0.0,22062.0,141241.0,0.0,0.0
2025-06,DHANALAXMI BANK,DHANALAXMI BANK LTD,Private sector,241.0,39.0,1514.0,0.0,0.0,39384.0,13581.0,594610.0,25245.0,62718.0,6703.0,28127.0,0.0,0.0,260.0,961.0,113822.0,246053.0,4571.0,11605.0,0.0,0.0,371453.0,1662190.0,0.0,0.0
2025-06,DOHA BANK Q P S C,DOHA BANK Q.P.S.C.,Foreign,2.0,0.0,0.0,0.0,0.0,0.0,0.0,23085.0,0.0,0.0,0.0,0.0,0.0,0.0,0.0,0.0,749.0,2760.0,109.0,338.0,0.0,0.0,1661.0,10421.0,0.0,0.0
2025-06,EQUITAS SMALL FINANCE BANK,EQUITAS SMALL FINANCE BANK LTD,Small finance,372.0,4.0,2593.0,336.0,60338.0,0.0,1152.0,1339683.0,3980.0,19782.0,1570.0,15837.0,0.0,0.0,65.0,328.0,88496.0,224339.0,19822.0,116358.0,0.0,0.0,1857559.0,5381379.0,0.0,0.0
2025-06,ESAF SMALL FINANCE BANK,ESAF SMALL FINANCE BANK LTD,Small finance,711.0,2.0,0.0,4948.0,0.0,0.0,1993.0,5860563.0,1717.0,2865.0,11740.0,8757.0,0.0,0.0,8.0,10.0,123635.0,254891.0,8372.0,28679.0,0.0,0.0,681790.0,3324910.0,0.0,0.0
2025-06,FEDERAL BANK,FEDERAL BANK LTD,Private sector,1782.0,311.0,22245.0,0.0,0.0,6040146.0,1354866.0,14375241.0,2963912.0,7439515.0,1743412.0,9637330.0,0.0,0.0,5517.0,27142.0,2383211.0,6784153.0,1062306.0,4278583.0,3002.0,40874.0,6737495.0,36119209.0,0.0,0.0
2025-06,FINO PAYMENTS BANK,FINO PAYMENTS BANK,Payments bank,0.0,0.0,0.0,457859.0,0.0,11294.0,0.0,10611222.0,0.0,0.0,0.0,0.0,0.0,0.0,0.0,0.0,120565.0,236799.0,2751.0,5841.0,0.0,0.0,2092812.0,7120259.0,0.0,0.0
2025-06,HDFC BANK,HDFC BANK LTD,Private sector,12810.0,8441.0,1799897.0,2013.0,2314708.0,939523.0,24489022.0,60574082.0,86696258.0,187429401.0,36199971.0,324147793.0,0.0,0.0,154566.0,1036554.0,8345388.0,32758464.0,6004247.0,33662415.0,36513.0,631903.0,29981100.0,209316712.0,18.0,17.0
2025-06,HSBC,HSBC LTD,Foreign,46.0,25.0,0.0,0.0,0.0,0.0,946606.0,809458.0,1094316.0,4144169.0,1801799.0,14993387.0,0.0,0.0,2903.0,20755.0,258222.0,1282828.0,0.0,0.0,0.0,0.0,221833.0,1379098.0,0.0,0.0
2025-06,ICICI BANK,ICICI BANK LTD,Private sector,9789.0,3583.0,2149340.0,6279.0,603081.0,3799445.0,17980990.0,31892291.0,17746195.0,94636819.0,64266330.0,238877546.0,40.0,3602.0,52452.0,272187.0,4580745.0,20427074.0,2984758.0,19608250.0,5056.0,105244.0,12478782.0,95188748.0,0.0,0.0
2025-06,IDBI BANK,IDBI BANK LTD,Private sector,2366.0,679.0,14204.0,1238.0,0.0,433301.0,44359.0,12160517.0,78431.0,349830.0,64689.0,289760.0,0.0,0.0,561.0,3235.0,938144.0,2304984.0,181190.0,560523.0,0.0,0.0,4289043.0,22888214.0,113.0,33.0
2025-06,IDFC FIRST BANK,IDFC FIRST BANK LTD,Private sector,738.0,305.0,39906.0,7292.0,0.0,175515.0,3775083.0,6740478.0,13033034.0,21814178.0,2485412.0,17197192.0,0.0,0.0,20958.0,105053.0,558521.0,2276578.0,281378.0,3773674.0,0.0,0.0,2896116.0,16814144.0,0.0,0.0
2025-06,INDIA POST PAYMENTS BANK,INDIA POST PAYMENTS BANK,Payments bank,0.0,0.0,0.0,195771.0,0.0,2624837.0,0.0,26409242.0,0.0,0.0,0.0,0.0,0.0,0.0,0.0,0.0,0.0,0.0,167461.0,88725.0,0.0,0.0,0.0,0.0,0.0,0.0
2025-06,INDIAN BANK,INDIAN BANK,Public sector,4829.0,637.0,19910.0,15080.0,0.0,2738620.0,278922.0,33747801.0,195501.0,851122.0,135150.0,1095108.0,0.0,0.0,4026.0,32260.0,2615659.0,6433737.0,462859.0,1193377.0,104.0,273.0,17547054.0,87502452.0,6.0,6.0
2025-06,INDIAN OVERSEAS BANK,INDIAN OVERSEAS BANK,Public sector,2728.0,732.0,0.0,10872.0,0.0,477768.0,79870.0,19066347.0,77661.0,263802.0,28248.0,121014.0,0.0,0.0,2730.0,14298.0,2044362.0,4779084.0,224095.0,701445.0,0.0,0.0,11051694.0,49793154.0,0.0,0.0
2025-06,INDUSIND BANK,INDUSIND BANK LTD,Private sector,2042.0,1010.0,199138.0,0.0,12326.0,7673677.0,3188821.0,11276263.0,4059132.0,28818281.0,8579670.0,54397327.0,0.0,0.0,21456.0,117405.0,572398.0,1774184.0,425747.0,2236293.0,755.0,64378.0,3344853.0,19670542.0,0.0,0.0
2025-06,JAMMU AND KASHMIR BANK,JAMMU AND KASHMIR BANK LTD,Private sector,946.0,635.0,14159.0,1268.0,0.0,630839.0,130572.0,5003684.0,180541.0,1574242.0,96081.0,370844.0,0.0,0.0,10203.0,47100.0,630403.0,1524809.0,625307.0,501146.0,0.0,0.0,4630426.0,25471985.0,0.0,0.0
2025-06,JANA SMALL FINANCE BANK,JANA SMALL FINANCE BANK LTD,Small finance,58.0,3.0,0.0,173.0,0.0,509397.0,0.0,3966549.0,0.0,0.0,0.0,0.0,0.0,0.0,0.0,0.0,40944.0,94805.0,7265.0,30457.0,0.0,0.0,408939.0,1658870.0,0.0,0.0
2025-06,JIO PAYMENTS BANK,JIO PAYMENTS BANK,Payments bank,0.0,0.0,0.0,0.0,0.0,128636.0,0.0,912093.0,0.0,0.0,0.0,0.0,0.0,0.0,0.0,0.0,14038.0,21641.0,27600.0,103027.0,2005.0,1393.0,86004.0,424591.0,0.0,0.0
2025-06,KARNATAKA BANK,KARNATAKA BANK LTD,Private sector,952.0,542.0,9833.0,0.0,0.0,132590.0,0.0,5627754.0,0.0,0.0,0.0,0.0,0.0,0.0,0.0,0.0,647942.0,1339688.0,45508.0,147967.0,0.0,0.0,3331993.0,16761432.0,0.0,0.0
2025-06,KARUR VYSYA BANK,KARUR VYSYA BANK LTD,Private sector,1544.0,682.0,1367.0,0.0,0.0,45675.0,10264.0,5430016.0,23188.0,162472.0,8466.0,126891.0,0.0,0.0,457.0,3584.0,802958.0,2226065.0,114738.0,550938.0,0.0,0.0,3653018.0,19217740.0,0.0,0.0
2025-06,KEB HANA BANK,KEB HANA BANK,Foreign,1.0,0.0,0.0,0.0,0.0,0.0,0.0,1734.0,0.0,0.0,0.0,0.0,0.0,0.0,0.0,0.0,1132.0,3677.0,98.0,420.0,0.0,0.0,190.0,1324.0,0.0,0.0
2025-06,KOOKMIN BANK,KOOKMIN BANK,Foreign,0.0,0.0,0.0,0.0,0.0,0.0,0.0,564.0,0.0,0.0,0.0,0.0,0.0,0.0,0.0,0.0,558.0,1744.0,178.0,616.0,0.0,0.0,76.0,612.0,0.0,0.0
2025-06,KOTAK MAHINDRA BANK,KOTAK MAHINDRA BANK LTD,Private sector,1977.0,950.0,75696.0,0.0,146334.0,728103.0,4579966.0,35822892.0,11948334.0,23843696.0,4123439.0,36118617.0,0.0,0.0,21507.0,107558.0,1631131.0,4408947.0,1451712.0,4977492.0,0.0,0.0,8840293.0,46948280.0,0.0,0.0
2025-06,NAINITAL BANK,NAINITAL BANK LTD,Private sector,0.0,0.0,0.0,0.0,0.0,0.0,0.0,306770.0,0.0,0.0,0.0,0.0,0.0,0.0,0.0,0.0,11952.0,25106.0,2993.0,10780.0,0.0,0.0,57158.0,282139.0,0.0,0.0
2025-06,NSDL PAYMENTS BANK,NSDL PAYMENTS BANK,Payments bank,0.0,0.0,0.0,294632.0,0.0,0.0,0.0,853896.0,0.0,0.0,0.0,0.0,0.0,0.0,0.0,0.0,14666.0,17897.0,10613.0,22063.0,0.0,0.0,407851.0,1061425.0,0.0,0.0
2025-06,PAYTM PAYMENTS BANK,PAYTM PAYMENTS BANK,Payments bank,0.0,0.0,0.0,0.0,0.0,0.0,0.0,30589109.0,0.0,0.0,0.0,0.0,0.0,0.0,0.0,0.0,71.0,103.0,387.0,166.0,0.0,0.0,32.0,46.0,0.0,0.0
2025-06,PUNJAB AND SIND BANK,PUNJAB AND SIND BANK,Public sector,1027.0,29.0,1052.0,1776.0,1198.0,193073.0,0.0,3569468.0,0.0,0.0,0.0,0.0,0.0,0.0,0.0,0.0,91323.0,258952.0,115313.0,288011.0,0.0,0.0,790089.0,3818834.0,0.0,0.0
2025-06,PUNJAB NATIONAL BANK,PUNJAB NATIONAL BANK,Public sector,7341.0,3899.0,25616.0,0.0,769536.0,1156023.0,625473.0,41661728.0,345830.0,1569169.0,274493.0,1582350.0,3.0,186.0,5565.0,18698.0,3543231.0,9093019.0,930298.0,2432789.0,0.0,0.0,22081280.0,114858742.0,0.0,0.0
2025-06,RBL BANK,RBL BANK LTD,Private sector,378.0,37.0,2975778.0,0.0,1596.0,51034.0,4687959.0,1640158.0,4736670.0,25094648.0,5460284.0,43434775.0,0.0,0.0,9564.0,47133.0,114401.0,367343.0,65852.0,411116.0,56.0,2479.0,409929.0,2277097.0,0.0,0.0
2025-06,SBM BANK INDIA,SBM BANK INDIA LTD,Foreign,0.0,0.0,0.0,0.0,0.0,26.0,703942.0,851727.0,147531.0,195408.0,309688.0,417960.0,0.0,0.0,1411.0,4029.0,8058.0,25693.0,8190.0,33027.0,0.0,0.0,24623.0,82235.0,0.0,0.0
2025-06,SHIVALIK SMALL FINANCE BANK,SHIVALIK SMALL FINANCE BANK LTD,Small finance,0.0,0.0,0.0,0.0,0.0,0.0,0.0,34899.0,0.0,0.0,0.0,0.0,0.0,0.0,0.0,0.0,2561.0,6886.0,1743.0,8344.0,0.0,0.0,22109.0,106483.0,0.0,0.0
2025-06,SLICE SMALL FINANCE BANK,SLICE SMALL FINANCE BANK LTD,Small finance,17.0,1.0,0.0,0.0,0.0,0.0,0.0,1415470.0,0.0,0.0,0.0,0.0,0.0,0.0,0.0,0.0,4813.0,10864.0,12199.0,42585.0,0.0,0.0,91992.0,331590.0,112.0,508.0
2025-06,SOUTH INDIAN BANK,SOUTH INDIAN BANK,Private sector,910.0,364.0,13918.0,0.0,38353.0,105222.0,369514.0,4001300.0,528332.0,2058628.0,597991.0,3786282.0,0.0,0.0,0.0,0.0,831088.0,2313175.0,151217.0,835170.0,0.0,0.0,2441348.0,12845336.0,0.0,0.0
2025-06,STANDARD CHARTERED BANK,STANDARD CHARTERED BANK LTD,Foreign,101.0,41.0,0.0,0.0,0.0,0.0,808765.0,886608.0,847700.0,3139913.0,984816.0,5285005.0,0.0,0.0,1480.0,10205.0,227035.0,851939.0,116130.0,499511.0,23.0,283.0,432665.0,2448446.0,0.0,0.0
2025-06,STATE BANK OF INDIA,STATE BANK OF INDIA,Public sector,27478.0,34997.0,1636331.0,51217.0,1022316.0,5438480.0,21192954.0,242735835.0,25432136.0,110415424.0,54523759.0,195307825.0,0.0,0.0,122642.0,532423.0,26973350.0,68118962.0,6298032.0,20553031.0,652.0,9250.0,142167802.0,779182500.0,11150.0,10083.0
2025-06,SURYODAY SMALL FINANCE BANK,SURYODAY SMALL FINANCE BANK LTD,Small finance,0.0,0.0,0.0,67.0,0.0,0.0,2075.0,883356.0,545.0,1887.0,5549.0,4095.0,0.0,0.0,0.0,0.0,7222.0,13783.0,1571.0,8373.0,0.0,0.0,66921.0,306685.0,0.0,0.0
2025-06,TAMILNAD MERCANTILE BANK,TAMILNAD MERCANTILE BANK LTD,Private sector,505.0,647.0,2281.0,0.0,0.0,189380.0,27417.0,2498990.0,39156.0,184665.0,16563.0,108837.0,0.0,0.0,1720.0,7597.0,270150.0,976030.0,25861.0,173993.0,72.0,223.0,4278074.0,21524161.0,0.0,0.0
2025-06,UCO BANK,UCO BANK,Public sector,2336.0,220.0,10813.0,3568.0,168.0,1351843.0,0.0,12878642.0,0.0,0.0,0.0,0.0,0.0,0.0,0.0,0.0,780008.0,2012118.0,225221.0,607441.0,760.0,14040.0,5885170.0,28524413.0,39.0,26.0
2025-06,UJJIVAN SMALL FINANCE BANK,UJJIVAN SMALL FINANCE BANK LTD,Small finance,609.0,4.0,0.0,0.0,0.0,557891.0,0.0,6865926.0,0.0,0.0,0.0,0.0,0.0,0.0,0.0,0.0,128462.0,275926.0,28273.0,110446.0,0.0,0.0,2901122.0,11796468.0,1.0,0.0
2025-06,UNION BANK OF INDIA,UNION BANK OF INDIA,Public sector,7701.0,1194.0,50803.0,8042.0,352011.0,289409.0,480428.0,56624526.0,531548.0,2292718.0,1843781.0,3288950.0,0.0,0.0,8485.0,37545.0,3812931.0,8933908.0,1212494.0,2786943.0,2358.0,9615.0,39594183.0,125529817.0,3.0,4.0
2025-06,UNITY SMALL FINANCE BANK,UNITY SMALL FINANCE BANK LTD,Small finance,193.0,0.0,0.0,0.0,0.0,0.0,6283.0,95632.0,3221.0,13420.0,11597.0,38025.0,0.0,0.0,29.0,62.0,7940.0,17937.0,1015.0,4845.0,0.0,0.0,34856.0,161437.0,0.0,0.0
2025-06,UTKARSH SMALL FINANCE BANK,UTKARSH SMALL FINANCE BANK LTD,Small finance,355.0,7.0,0.0,777.0,0.0,40433.0,142182.0,1724691.0,10548.0,13263.0,45613.0,43821.0,1234112.0,222564.0,372.0,374.0,19759.0,65189.0,6749.0,32115.0,0.0,0.0,163456.0,909979.0,0.0,0.0
2025-06,WOORI BANK,WOORI BANK,Foreign,0.0,0.0,0.0,0.0,0.0,0.0,0.0,1404.0,0.0,0.0,0.0,0.0,0.0,0.0,0.0,0.0,1355.0,5108.0,636.0,1611.0,0.0,0.0,497.0,3686.0,0.0,0.0
2025-06,YES BANK,YES BANK LTD,Private sector,1172.0,157.0,98449.0,76472.0,196060.0,523573787.0,2555892.0,5327245.0,10991807.0,18825379.0,1163618.0,14233515.0,0.0,0.0,8411.0,42389.0,421062.0,1310725.0,121033.0,734939.0,27.0,325.0,1714734.0,9819619.0,0.0,0.0
2025-07,AIRTEL PAYMENTS BANK,AIRTEL PAYMENTS BANK,Payments bank,0.0,0.0,0.0,153733.0,0.0,1169690.0,0.0,7223535.0,0.0,0.0,0.0,0.0,0.0,0.0,0.0,0.0,355973.0,43789.0,41984.0,69706.0,0.0,0.0,483179.0,1850322.0,0.0,0.0
2025-07,AMERICAN EXPRESS BANKING CORPORATION,AMERICAN EXPRESS BANKING CORPORATION,Foreign,0.0,0.0,14721.0,0.0,0.0,0.0,1390801.0,0.0,1643773.0,14139365.0,4213197.0,38308374.0,0.0,0.0,0.0,0.0,0.0,0.0,0.0,0.0,0.0,0.0,0.0,0.0,0.0,0.0
2025-07,AU SMALL FINANCE BANK,AU SMALL FINANCE BANK LTD,Small finance,671.0,6.0,0.0,852.0,0.0,351128.0,976635.0,8880980.0,846023.0,4381969.0,2315207.0,5629211.0,314.0,246.0,2247.0,12115.0,161721.0,444919.0,168058.0,745276.0,139.0,2070.0,1337197.0,7018503.0,0.0,0.0
2025-07,AXIS BANK,AXIS BANK LTD,Private sector,6404.0,6778.0,2449894.0,369.0,713647.0,108001427.0,15177034.0,40912067.0,42491052.0,98044163.0,28759985.0,129721308.0,0.0,0.0,70252.0,380922.0,3838189.0,13695343.0,1871215.0,12499192.0,10813.0,275479.0,14975834.0,99218568.0,0.0,0.0
2025-07,BANDHAN BANK,BANDHAN BANK LTD,Private sector,425.0,5.0,70050.0,0.0,34877.0,0.0,6.0,6362771.0,0.0,0.0,0.0,0.0,0.0,0.0,0.0,0.0,197179.0,652423.0,46913.0,245392.0,0.0,0.0,2051399.0,11007997.0,6.0,3.0
2025-07,BANK OF AMERICA,BANK OF AMERICA,Foreign,0.0,0.0,0.0,0.0,0.0,0.0,0.0,0.0,0.0,0.0,0.0,0.0,0.0,0.0,0.0,0.0,0.0,0.0,0.0,0.0,0.0,0.0,0.0,0.0,0.0,0.0
2025-07,BANK OF BAHRAIN AND KUWAIT B S C,BANK OF BAHRAIN & KUWAIT B.S.C.,Foreign,0.0,0.0,0.0,0.0,0.0,0.0,0.0,1074.0,0.0,0.0,0.0,0.0,0.0,0.0,0.0,0.0,1279.0,4139.0,0.0,0.0,0.0,0.0,1463.0,7815.0,0.0,0.0
2025-07,BANK OF BARODA,BANK OF BARODA,Public sector,8861.0,2407.0,55091.0,43579.0,24361.0,2718439.0,3045813.0,88282720.0,7679532.0,14548668.0,3430891.0,18262064.0,0.0,0.0,9552.0,49243.0,2839388.0,6632110.0,218825.0,2359269.0,21.0,52.0,21631501.0,108811780.0,3.0,2.0
2025-07,BANK OF INDIA,BANK OF INDIA,Public sector,5311.0,2510.0,18457.0,23779.0,0.0,1309127.0,82825.0,37409807.0,263969.0,855106.0,67318.0,330243.0,0.0,0.0,7375.0,38116.0,2058545.0,4394048.0,356095.0,915352.0,0.0,0.0,14144823.0,59929468.0,0.0,0.0
2025-07,BANK OF MAHARASHTRA,BANK OF MAHARASHTRA,Public sector,2274.0,247.0,146.0,5862.0,355014.0,948288.0,24564.0,13434125.0,39653.0,182397.0,17921.0,93540.0,0.0,0.0,658.0,3220.0,953287.0,2076984.0,155565.0,544562.0,6305.0,66212.0,5603411.0,27241672.0,0.0,0.0
2025-07,BARCLAYS BANK,BARCLAYS BANK PLC,Foreign,0.0,0.0,0.0,0.0,1.0,0.0,0.0,486.0,0.0,0.0,0.0,0.0,0.0,0.0,0.0,0.0,185.0,514.0,0.0,0.0,0.0,0.0,583.0,5393.0,0.0,0.0
2025-07,CANARA BANK,CANARA BANK,Public sector,7226.0,3555.0,78582.0,10333.0,0.0,3521610.0,1080246.0,60835984.0,1073065.0,4251507.0,496340.0,3054026.0,0.0,0.0,88360.0,510430.0,5214987.0,14507021.0,842060.0,4750194.0,4678.0,85464.0,28102781.0,139743356.0,3.0,1.0
2025-07,CAPITAL SMALL FINANCE BANK,CAPITAL SMALL FINANCE BANK LTD,Small finance,194.0,2.0,0.0,0.0,0.0,0.0,0.0,237901.0,0.0,0.0,0.0,0.0,0.0,0.0,0.0,0.0,22528.0,63405.0,2049.0,15737.0,0.0,0.0,108488.0,626022.0,0.0,0.0
2025-07,CENTRAL BANK OF INDIA,CENTRAL BANK OF INDIA,Public sector,2905.0,1196.0,3442.0,2776.0,37885.0,2032118.0,0.0,29110269.0,0.0,0.0,0.0,0.0,0.0,0.0,0.0,0.0,1157348.0,2873648.0,180993.0,736347.0,0.0,0.0,7572185.0,35959082.0,12.0,111.0
2025-07,CITI BANK,CITI BANK,Foreign,0.0,0.0,0.0,0.0,0.0,0.0,245457.0,0.0,172134.0,1093316.0,334662.0,4373808.0,0.0,0.0,452.0,3791.0,0.0,0.0,0.0,0.0,0.0,0.0,0.0,0.0,0.0,0.0
2025-07,CITY UNION BANK,CITY UNION BANK LTD.,Private sector,1250.0,516.0,7365.0,77740.0,0.0,67651.0,47284.0,3226609.0,49977.0,215992.0,23492.0,247516.0,0.0,0.0,166.0,829.0,443662.0,1276368.0,40953.0,125568.0,0.0,0.0,2275865.0,13918552.0,0.0,0.0
2025-07,CSB BANK,CSB BANK LTD.,Private sector,769.0,38.0,0.0,0.0,18628.0,0.0,163454.0,943700.0,247592.0,666021.0,1756754.0,1657317.0,0.0,0.0,0.0,0.0,120627.0,307820.0,8448.0,35175.0,0.0,0.0,366804.0,1951067.0,0.0,0.0
2025-07,DBS BANK INDIA,DBS INDIA BANK LTD,Foreign,413.0,330.0,658.0,90.0,0.0,8636.0,428198.0,1653045.0,414561.0,1927406.0,290596.0,2496841.0,0.0,0.0,1676.0,5043.0,159415.0,414001.0,76909.0,261472.0,0.0,0.0,649368.0,3747541.0,0.0,0.0
2025-07,DCB BANK,DCB BANK LTD,Private sector,434.0,5.0,0.0,0.0,0.0,0.0,685.0,1102299.0,1201.0,4469.0,802.0,5878.0,0.0,0.0,28.0,191.0,73709.0,223066.0,48582.0,214611.0,191.0,5861.0,218238.0,1424925.0,0.0,0.0
2025-07,DEUTSCHE BANK,DEUTSCHE BANK LTD,Foreign,12.0,3.0,0.0,0.0,0.0,298.0,0.0,102689.0,0.0,0.0,0.0,0.0,0.0,0.0,0.0,0.0,19878.0,73414.0,13734.0,50620.0,0.0,0.0,22779.0,144062.0,0.0,0.0
2025-07,DHANALAXMI BANK,DHANALAXMI BANK LTD,Private sector,242.0,38.0,1557.0,0.0,0.0,39998.0,13971.0,598895.0,26936.0,66932.0,7424.0,34722.0,0.0,0.0,295.0,975.0,118806.0,254713.0,5225.0,13270.0,0.0,0.0,384453.0,1731009.0,0.0,0.0
2025-07,DOHA BANK Q P S C,DOHA BANK Q.P.S.C.,Foreign,2.0,0.0,0.0,0.0,0.0,0.0,0.0,23130.0,0.0,0.0,0.0,0.0,0.0,0.0,0.0,0.0,1312.0,5033.0,228.0,797.0,0.0,0.0,2138.0,13958.0,0.0,0.0
2025-07,EQUITAS SMALL FINANCE BANK,EQUITAS SMALL FINANCE BANK LTD,Small finance,375.0,4.0,2573.0,336.0,60679.0,0.0,1527.0,1252795.0,5604.0,27819.0,1857.0,18767.0,0.0,0.0,49.0,337.0,90361.0,228692.0,20553.0,129049.0,0.0,0.0,1880783.0,5360895.0,0.0,0.0
2025-07,ESAF SMALL FINANCE BANK,ESAF SMALL FINANCE BANK LTD,Small finance,714.0,2.0,0.0,4990.0,0.0,0.0,2231.0,5886414.0,1951.0,3214.0,15628.0,10730.0,0.0,0.0,8.0,10.0,127982.0,275580.0,9007.0,35961.0,0.0,0.0,701101.0,3452086.0,0.0,0.0
2025-07,FEDERAL BANK,FEDERAL BANK LTD,Private sector,1784.0,311.0,21492.0,0.0,0.0,6049484.0,1439404.0,14476438.0,3169926.0,8064350.0,1863152.0,10864063.0,0.0,0.0,5587.0,26339.0,2561836.0,7609743.0,1148746.0,4870980.0,3134.0,46802.0,6913225.0,37445141.0,0.0,0.0
2025-07,FINO PAYMENTS BANK,FINO PAYMENTS BANK,Payments bank,0.0,0.0,0.0,459843.0,0.0,11202.0,0.0,10778619.0,0.0,0.0,0.0,0.0,0.0,0.0,0.0,0.0,121824.0,291276.0,2590.0,6340.0,0.0,0.0,2109571.0,7034902.0,2.0,2.0
2025-07,HDFC BANK,HDFC BANK LTD,Private sector,12841.0,8475.0,1720841.0,2017.0,2233940.0,930795.0,24804437.0,60826016.0,91077374.0,200451063.0,38835761.0,337525113.0,0.0,0.0,158217.0,1063724.0,8448616.0,33573724.0,6313524.0,38762244.0,40159.0,787873.0,30629848.0,214392492.0,32.0,31.0
2025-07,HSBC,HSBC LTD,Foreign,46.0,25.0,0.0,0.0,0.0,0.0,956811.0,828992.0,1121501.0,4283386.0,1963251.0,12598435.0,0.0,0.0,2679.0,18808.0,275731.0,1460545.0,0.0,0.0,0.0,0.0,228994.0,1431891.0,0.0,0.0
2025-07,ICICI BANK,ICICI BANK LTD,Private sector,9778.0,3474.0,2177401.0,6251.0,603741.0,3820161.0,18048654.0,31437987.0,17718823.0,97890204.0,68627394.0,263812518.0,48.0,3678.0,51551.0,266368.0,4752702.0,21828755.0,3122558.0,22424555.0,4983.0,130188.0,12548940.0,96667749.0,1.0,0.0
2025-07,IDBI BANK,IDBI BANK LTD,Private sector,2368.0,673.0,13784.0,1251.0,0.0,389298.0,44737.0,12223675.0,78164.0,360513.0,70391.0,330328.0,0.0,0.0,580.0,3673.0,946176.0,2323046.0,194860.0,640849.0,0.0,0.0,4371893.0,23285000.0,126.0,40.0
2025-07,IDFC FIRST BANK,IDFC FIRST BANK LTD,Private sector,750.0,230.0,39951.0,7262.0,0.0,183394.0,3861524.0,6821034.0,13888461.0,23318377.0,2805322.0,20002518.0,0.0,0.0,21815.0,113354.0,570219.0,2683838.0,317782.0,4396550.0,0.0,0.0,2957056.0,17160878.0,0.0,0.0
2025-07,INDIA POST PAYMENTS BANK,INDIA POST PAYMENTS BANK,Payments bank,0.0,0.0,0.0,197371.0,0.0,2716325.0,0.0,27229649.0,0.0,0.0,0.0,0.0,0.0,0.0,0.0,0.0,0.0,0.0,175853.0,127958.0,0.0,0.0,0.0,0.0,0.0,0.0
2025-07,INDIAN BANK,INDIAN BANK,Public sector,4880.0,635.0,20000.0,15260.0,0.0,2631750.0,278926.0,33883402.0,202125.0,927233.0,139725.0,1169896.0,0.0,0.0,3902.0,32126.0,2708677.0,6602295.0,442142.0,1257708.0,156.0,514.0,18053010.0,90189361.0,4.0,3.0
2025-07,INDIAN OVERSEAS BANK,INDIAN OVERSEAS BANK,Public sector,2770.0,722.0,0.0,11082.0,0.0,485940.0,84552.0,19407344.0,171058.0,382439.0,55111.0,175996.0,0.0,0.0,3615.0,18755.0,2134186.0,4903477.0,245310.0,795975.0,0.0,0.0,11328008.0,51068889.0,0.0,0.0
2025-07,INDUSIND BANK,INDUSIND BANK LTD,Private sector,2046.0,1010.0,199741.0,0.0,12312.0,7950663.0,3192572.0,11263143.0,3958139.0,31193533.0,9257713.0,57994156.0,0.0,0.0,20972.0,114133.0,583292.0,1809269.0,448204.0,2466342.0,779.0,64443.0,3471087.0,20014271.0,0.0,0.0
2025-07,JAMMU AND KASHMIR BANK,JAMMU AND KASHMIR BANK LTD,Private sector,948.0,635.0,14150.0,1319.0,0.0,636047.0,132739.0,5006593.0,186150.0,1693959.0,106750.0,435943.0,0.0,0.0,10938.0,50142.0,683288.0,1667613.0,680647.0,652754.0,0.0,0.0,4796831.0,25846790.0,0.0,0.0
2025-07,JANA SMALL FINANCE BANK,JANA SMALL FINANCE BANK LTD,Small finance,58.0,3.0,0.0,173.0,0.0,510416.0,0.0,4013681.0,0.0,0.0,0.0,0.0,0.0,0.0,0.0,0.0,41975.0,98067.0,7054.0,30125.0,0.0,0.0,461940.0,1813361.0,0.0,0.0
2025-07,JIO PAYMENTS BANK,JIO PAYMENTS BANK,Payments bank,0.0,0.0,0.0,0.0,0.0,132761.0,0.0,1048576.0,0.0,0.0,0.0,0.0,0.0,0.0,0.0,0.0,14547.0,27330.0,26843.0,112349.0,2114.0,1261.0,101368.0,517861.0,0.0,0.0
2025-07,KARNATAKA BANK,KARNATAKA BANK LTD,Private sector,954.0,542.0,9657.0,0.0,0.0,134013.0,0.0,5638398.0,0.0,0.0,0.0,0.0,0.0,0.0,0.0,0.0,656365.0,1363311.0,48362.0,158707.0,0.0,0.0,3389118.0,17124891.0,0.0,0.0
2025-07,KARUR VYSYA BANK,KARUR VYSYA BANK LTD,Private sector,1535.0,673.0,1074.0,0.0,0.0,45954.0,10177.0,5479691.0,23064.0,163258.0,8657.0,128276.0,0.0,0.0,518.0,4135.0,823995.0,2192928.0,121718.0,581556.0,0.0,0.0,3710325.0,19471120.0,0.0,0.0
2025-07,KEB HANA BANK,KEB HANA BANK,Foreign,1.0,0.0,0.0,0.0,0.0,0.0,0.0,1746.0,0.0,0.0,0.0,0.0,0.0,0.0,0.0,0.0,1027.0,3479.0,103.0,275.0,0.0,0.0,210.0,1231.0,0.0,0.0
2025-07,KOOKMIN BANK,KOOKMIN BANK,Foreign,0.0,0.0,0.0,0.0,0.0,0.0,0.0,568.0,0.0,0.0,0.0,0.0,0.0,0.0,0.0,0.0,438.0,1258.0,156.0,275.0,0.0,0.0,68.0,510.0,0.0,0.0
2025-07,KOTAK MAHINDRA BANK,KOTAK MAHINDRA BANK LTD,Private sector,1985.0,944.0,77944.0,0.0,153113.0,728314.0,4581725.0,36089071.0,12730282.0,25583416.0,4133904.0,36094526.0,0.0,0.0,22316.0,112772.0,1652635.0,4510487.0,1570478.0,5608634.0,0.0,0.0,8918216.0,47594378.0,0.0,0.0
2025-07,NAINITAL BANK,NAINITAL BANK LTD,Private sector,0.0,0.0,0.0,0.0,0.0,0.0,0.0,310629.0,0.0,0.0,0.0,0.0,0.0,0.0,0.0,0.0,11832.0,23593.0,3391.0,11697.0,0.0,0.0,57615.0,283352.0,0.0,0.0
2025-07,NSDL PAYMENTS BANK,NSDL PAYMENTS BANK,Payments bank,0.0,0.0,0.0,298328.0,0.0,0.0,0.0,919103.0,0.0,0.0,0.0,0.0,0.0,0.0,0.0,0.0,16525.0,22822.0,13013.0,32137.0,0.0,0.0,449682.0,1197911.0,0.0,0.0
2025-07,PAYTM PAYMENTS BANK,PAYTM PAYMENTS BANK,Payments bank,0.0,0.0,0.0,0.0,0.0,0.0,0.0,30586682.0,0.0,0.0,0.0,0.0,0.0,0.0,0.0,0.0,73.0,44.0,432.0,34.0,0.0,0.0,40.0,111.0,0.0,0.0
2025-07,PUNJAB AND SIND BANK,PUNJAB AND SIND BANK,Public sector,1027.0,29.0,1076.0,1846.0,1227.0,195835.0,0.0,3631531.0,0.0,0.0,0.0,0.0,0.0,0.0,0.0,0.0,53422.0,195767.0,121018.0,303306.0,0.0,0.0,886503.0,4348031.0,0.0,0.0
2025-07,PUNJAB NATIONAL BANK,PUNJAB NATIONAL BANK,Public sector,7351.0,3887.0,24241.0,0.0,774229.0,1227644.0,636907.0,41846616.0,354859.0,1608151.0,254416.0,1648433.0,6.0,357.0,5313.0,17344.0,3557981.0,9182088.0,929160.0,2900156.0,0.0,0.0,22147603.0,113779246.0,0.0,0.0
2025-07,RBL BANK,RBL BANK LTD,Private sector,378.0,37.0,3079094.0,0.0,1596.0,51699.0,4646898.0,1653167.0,4716311.0,25892264.0,5818291.0,46326135.0,0.0,0.0,30454.0,146455.0,119298.0,394760.0,69648.0,434789.0,63.0,2322.0,420024.0,2364920.0,0.0,0.0
2025-07,SBM BANK INDIA,SBM BANK INDIA LTD,Foreign,0.0,0.0,0.0,0.0,0.0,40.0,717500.0,834380.0,148609.0,198539.0,324995.0,436216.0,0.0,0.0,1352.0,3741.0,8474.0,25580.0,8648.0,36752.0,0.0,0.0,25849.0,88897.0,0.0,0.0
2025-07,SHIVALIK SMALL FINANCE BANK,SHIVALIK SMALL FINANCE BANK LTD,Small finance,0.0,0.0,0.0,0.0,0.0,0.0,0.0,33356.0,0.0,0.0,0.0,0.0,0.0,0.0,0.0,0.0,2543.0,6315.0,1551.0,8540.0,0.0,0.0,21292.0,112350.0,0.0,0.0
2025-07,SLICE SMALL FINANCE BANK,SLICE SMALL FINANCE BANK LTD,Small finance,17.0,1.0,0.0,0.0,0.0,0.0,0.0,1804955.0,0.0,0.0,0.0,0.0,0.0,0.0,0.0,0.0,5874.0,10651.0,15703.0,66501.0,0.0,0.0,104129.0,348408.0,209.0,741.0
2025-07,SOUTH INDIAN BANK,SOUTH INDIAN BANK,Private sector,909.0,364.0,13747.0,0.0,37994.0,106289.0,366696.0,4018696.0,522355.0,2154585.0,609953.0,4054809.0,0.0,0.0,0.0,0.0,893015.0,2568351.0,166879.0,921956.0,0.0,0.0,2494833.0,13171870.0,0.0,0.0
2025-07,STANDARD CHARTERED BANK,STANDARD CHARTERED BANK LTD,Foreign,101.0,39.0,0.0,0.0,0.0,0.0,796269.0,855683.0,820738.0,3141177.0,1019093.0,5690499.0,0.0,0.0,1239.0,8251.0,224336.0,853616.0,119937.0,544575.0,26.0,370.0,416853.0,2386720.0,0.0,0.0
2025-07,STATE BANK OF INDIA,STATE BANK OF INDIA,Public sector,27575.0,34285.0,1632842.0,51562.0,1025230.0,5511973.0,21259594.0,244835303.0,25368113.0,113929702.0,60549735.0,211632411.0,0.0,0.0,121695.0,524329.0,27853801.0,70707467.0,6684519.0,23618243.0,668.0,9173.0,144879298.0,789695589.0,10166.0,9415.0
2025-07,SURYODAY SMALL FINANCE BANK,SURYODAY SMALL FINANCE BANK LTD,Small finance,0.0,0.0,0.0,67.0,0.0,0.0,3070.0,890429.0,929.0,2356.0,4627.0,6524.0,0.0,0.0,0.0,0.0,7626.0,15997.0,2245.0,8052.0,0.0,0.0,72070.0,331284.0,0.0,0.0
2025-07,TAMILNAD MERCANTILE BANK,TAMILNAD MERCANTILE BANK LTD,Private sector,505.0,647.0,2152.0,0.0,0.0,192225.0,26662.0,2518214.0,41280.0,189342.0,17867.0,112505.0,0.0,0.0,1980.0,8285.0,281032.0,946413.0,27181.0,196330.0,77.0,219.0,4316609.0,21777820.0,0.0,0.0
2025-07,UCO BANK,UCO BANK,Public sector,2358.0,210.0,10743.0,3568.0,159.0,1373600.0,0.0,13072401.0,0.0,0.0,0.0,0.0,0.0,0.0,0.0,0.0,781594.0,2006964.0,231840.0,708420.0,739.0,12633.0,5986444.0,28884896.0,26.0,20.0
2025-07,UJJIVAN SMALL FINANCE BANK,UJJIVAN SMALL FINANCE BANK LTD,Small finance,609.0,4.0,0.0,0.0,0.0,564319.0,0.0,6826828.0,0.0,0.0,0.0,0.0,0.0,0.0,0.0,0.0,137267.0,293463.0,29134.0,125609.0,0.0,0.0,3116092.0,12515964.0,1.0,2.0
2025-07,UNION BANK OF INDIA,UNION BANK OF INDIA,Public sector,7699.0,1196.0,52122.0,8051.0,358573.0,290031.0,478440.0,56966242.0,493928.0,2168341.0,1796367.0,3259053.0,0.0,0.0,7874.0,34155.0,3874864.0,9139304.0,1229893.0,3272264.0,2303.0,9539.0,40944796.0,120648069.0,4.0,4.0
2025-07,UNITY SMALL FINANCE BANK,UNITY SMALL FINANCE BANK LTD,Small finance,194.0,0.0,0.0,0.0,0.0,0.0,11203.0,99437.0,6684.0,24770.0,15939.0,40864.0,0.0,0.0,36.0,120.0,8124.0,19818.0,1067.0,5156.0,0.0,0.0,37790.0,176467.0,0.0,0.0
2025-07,UTKARSH SMALL FINANCE BANK,UTKARSH SMALL FINANCE BANK LTD,Small finance,98.0,1.0,0.0,778.0,0.0,40723.0,163294.0,1738325.0,12416.0,15908.0,50681.0,49590.0,1583107.0,282920.0,481.0,433.0,19271.0,64510.0,3439.0,18927.0,0.0,0.0,151500.0,821805.0,0.0,0.0
2025-07,WOORI BANK,WOORI BANK,Foreign,0.0,0.0,0.0,0.0,0.0,0.0,0.0,1410.0,0.0,0.0,0.0,0.0,0.0,0.0,0.0,0.0,1581.0,6456.0,670.0,2183.0,0.0,0.0,627.0,4710.0,0.0,0.0
2025-07,YES BANK,YES BANK LTD,Private sector,1176.0,146.0,98492.0,76200.0,194145.0,530951634.0,2584450.0,5348032.0,11506979.0,19757904.0,1261186.0,15770693.0,0.0,0.0,8741.0,43511.0,426752.0,1330453.0,130711.0,804869.0,42.0,473.0,1731790.0,10061078.0,0.0,0.0
2025-08,AIRTEL PAYMENTS BANK,AIRTEL PAYMENTS BANK,Payments bank,0.0,0.0,0.0,154883.0,0.0,1173594.0,0.0,7622032.0,0.0,0.0,0.0,0.0,0.0,0.0,0.0,0.0,535119.0,35650.0,37715.0,54881.0,0.0,0.0,527053.0,1957213.0,0.0,0.0
2025-08,AMERICAN EXPRESS BANKING CORPORATION,AMERICAN EXPRESS BANKING CORPORATION,Foreign,0.0,0.0,14735.0,0.0,0.0,0.0,1365954.0,0.0,1633251.0,14352584.0,4118607.0,37626956.0,0.0,0.0,0.0,0.0,0.0,0.0,0.0,0.0,0.0,0.0,0.0,0.0,0.0,0.0
2025-08,AU SMALL FINANCE BANK,AU SMALL FINANCE BANK LTD,Small finance,695.0,6.0,0.0,857.0,0.0,353897.0,968886.0,8784455.0,840147.0,4229143.0,2377541.0,5776839.0,177.0,146.0,2192.0,11569.0,165858.0,448379.0,166415.0,678389.0,137.0,1674.0,1363253.0,7025323.0,0.0,0.0
2025-08,AXIS BANK,AXIS BANK LTD,Private sector,6489.0,6786.0,2465861.0,369.0,715788.0,110520315.0,15317835.0,41342554.0,43922360.0,101737448.0,27810044.0,115874349.0,0.0,0.0,71332.0,379882.0,3916025.0,14234875.0,1745494.0,10829054.0,10267.0,268015.0,15941311.0,106533478.0,0.0,0.0
2025-08,BANDHAN BANK,BANDHAN BANK LTD,Private sector,417.0,5.0,70470.0,0.0,36047.0,0.0,6.0,6490790.0,0.0,0.0,0.0,0.0,0.0,0.0,0.0,0.0,194792.0,660854.0,45401.0,224959.0,0.0,0.0,2072633.0,11240460.0,4.0,3.0
2025-08,BANK OF AMERICA,BANK OF AMERICA,Foreign,0.0,0.0,0.0,0.0,0.0,0.0,0.0,0.0,0.0,0.0,0.0,0.0,0.0,0.0,0.0,0.0,0.0,0.0,0.0,0.0,0.0,0.0,0.0,0.0,0.0,0.0
2025-08,BANK OF BAHRAIN AND KUWAIT B S C,BANK OF BAHRAIN & KUWAIT B.S.C.,Foreign,0.0,0.0,0.0,0.0,0.0,0.0,0.0,1101.0,0.0,0.0,0.0,0.0,0.0,0.0,0.0,0.0,1003.0,3332.0,0.0,0.0,0.0,0.0,1376.0,7436.0,0.0,0.0
2025-08,BANK OF BARODA,BANK OF BARODA,Public sector,8929.0,2460.0,55323.0,41494.0,24725.0,2782894.0,3065047.0,88702717.0,8125641.0,14854750.0,3558398.0,18777123.0,0.0,0.0,9861.0,51136.0,2838776.0,6625698.0,281390.0,2078816.0,9.0,20.0,22439381.0,111812546.0,10.0,11.0
2025-08,BANK OF INDIA,BANK OF INDIA,Public sector,5298.0,2505.0,18471.0,24330.0,0.0,1322455.0,85677.0,37382264.0,345713.0,966657.0,72967.0,336320.0,0.0,0.0,7459.0,39167.0,2219664.0,4717811.0,347293.0,828394.0,0.0,0.0,15107622.0,63366444.0,2.0,1.0
2025-08,BANK OF MAHARASHTRA,BANK OF MAHARASHTRA,Public sector,2304.0,247.0,159.0,6002.0,355014.0,950883.0,6184.0,13613866.0,12222.0,47665.0,6354.0,27667.0,0.0,0.0,135.0,585.0,975459.0,2204377.0,159536.0,455572.0,6235.0,65475.0,5903029.0,28853271.0,0.0,0.0
2025-08,BARCLAYS BANK,BARCLAYS BANK PLC,Foreign,0.0,0.0,0.0,0.0,1.0,0.0,0.0,496.0,0.0,0.0,0.0,0.0,0.0,0.0,0.0,0.0,130.0,213.0,0.0,0.0,0.0,0.0,501.0,4654.0,0.0,0.0
2025-08,CANARA BANK,CANARA BANK,Public sector,7276.0,3549.0,84600.0,10711.0,0.0,3671498.0,1082876.0,60944142.0,1112800.0,4380640.0,525371.0,3097694.0,0.0,0.0,86714.0,500715.0,5284669.0,15266455.0,793750.0,4227453.0,4615.0,87267.0,28819330.0,142212768.0,4.0,3.0
2025-08,CAPITAL SMALL FINANCE BANK,CAPITAL SMALL FINANCE BANK LTD,Small finance,194.0,2.0,0.0,0.0,0.0,0.0,0.0,244497.0,0.0,0.0,0.0,0.0,0.0,0.0,0.0,0.0,22442.0,60619.0,2062.0,14468.0,0.0,0.0,106543.0,601491.0,0.0,0.0
2025-08,CENTRAL BANK OF INDIA,CENTRAL BANK OF INDIA,Public sector,2930.0,1205.0,3283.0,2666.0,38138.0,2033444.0,0.0,29448349.0,0.0,0.0,0.0,0.0,0.0,0.0,0.0,0.0,1118826.0,2978636.0,171929.0,661407.0,0.0,0.0,7785914.0,36717266.0,9.0,84.0
2025-08,CITI BANK,CITI BANK,Foreign,0.0,0.0,0.0,0.0,0.0,0.0,249131.0,0.0,157689.0,1019530.0,301177.0,3575869.0,0.0,0.0,396.0,3256.0,0.0,0.0,0.0,0.0,0.0,0.0,0.0,0.0,0.0,0.0
2025-08,CITY UNION BANK,CITY UNION BANK LTD.,Private sector,1255.0,516.0,7346.0,69387.0,0.0,66207.0,44326.0,3264836.0,49415.0,210133.0,23095.0,231375.0,0.0,0.0,184.0,955.0,449333.0,1336040.0,41131.0,116130.0,0.0,0.0,2254889.0,13630761.0,0.0,0.0
2025-08,CSB BANK,CSB BANK LTD.,Private sector,772.0,38.0,0.0,0.0,18956.0,0.0,168506.0,950728.0,249717.0,655378.0,1847842.0,1693100.0,0.0,0.0,0.0,0.0,124314.0,337134.0,8186.0,34222.0,0.0,0.0,375455.0,2028404.0,0.0,0.0
2025-08,DBS BANK INDIA,DBS INDIA BANK LTD,Foreign,413.0,330.0,661.0,87.0,0.0,8688.0,419327.0,1645943.0,404574.0,1821848.0,279663.0,2438667.0,0.0,0.0,1523.0,4780.0,164037.0,443286.0,80384.0,238441.0,0.0,0.0,646989.0,3743323.0,0.0,0.0
2025-08,DCB BANK,DCB BANK LTD,Private sector,436.0,5.0,0.0,0.0,0.0,0.0,813.0,1080348.0,1463.0,7454.0,1012.0,5930.0,0.0,0.0,35.0,244.0,75131.0,226799.0,49954.0,199825.0,181.0,6162.0,221305.0,1445432.0,0.0,0.0
2025-08,DEUTSCHE BANK,DEUTSCHE BANK LTD,Foreign,12.0,3.0,0.0,0.0,0.0,297.0,0.0,101829.0,0.0,0.0,0.0,0.0,0.0,0.0,0.0,0.0,20290.0,78523.0,14530.0,52127.0,0.0,0.0,24778.0,156977.0,0.0,0.0
2025-08,DHANALAXMI BANK,DHANALAXMI BANK LTD,Private sector,242.0,38.0,1556.0,0.0,0.0,40423.0,14205.0,604978.0,28502.0,74149.0,7645.0,33768.0,0.0,0.0,316.0,1026.0,124332.0,282286.0,4439.0,11898.0,0.0,0.0,404583.0,1849876.0,0.0,0.0
2025-08,DOHA BANK Q P S C,DOHA BANK Q.P.S.C.,Foreign,2.0,0.0,0.0,0.0,0.0,0.0,0.0,23158.0,0.0,0.0,0.0,0.0,0.0,0.0,0.0,0.0,1217.0,4221.0,299.0,1044.0,0.0,0.0,2057.0,13235.0,0.0,0.0
2025-08,EQUITAS SMALL FINANCE BANK,EQUITAS SMALL FINANCE BANK LTD,Small finance,377.0,4.0,2536.0,336.0,60955.0,0.0,2734.0,1251581.0,12311.0,42125.0,3029.0,36429.0,0.0,0.0,124.0,832.0,87692.0,217578.0,19419.0,110340.0,0.0,0.0,1992398.0,5518494.0,0.0,0.0
2025-08,ESAF SMALL FINANCE BANK,ESAF SMALL FINANCE BANK LTD,Small finance,716.0,2.0,0.0,5034.0,0.0,0.0,3502.0,5666580.0,2624.0,5568.0,20875.0,16359.0,0.0,0.0,13.0,23.0,129354.0,288774.0,7682.0,30396.0,0.0,0.0,728893.0,3662892.0,1.0,0.0
2025-08,FEDERAL BANK,FEDERAL BANK LTD,Private sector,1791.0,294.0,22434.0,0.0,0.0,6120641.0,1505570.0,14569675.0,3386520.0,8508295.0,1935032.0,10872652.0,0.0,0.0,5601.0,27135.0,2725116.0,8547716.0,1100165.0,4496190.0,3113.0,43538.0,7150468.0,38990966.0,0.0,0.0
2025-08,FINO PAYMENTS BANK,FINO PAYMENTS BANK,Payments bank,0.0,0.0,0.0,461599.0,0.0,11052.0,0.0,10786644.0,0.0,0.0,0.0,0.0,0.0,0.0,0.0,0.0,125637.0,260744.0,2218.0,5920.0,0.0,0.0,2235674.0,7389157.0,0.0,0.0
2025-08,HDFC BANK,HDFC BANK LTD,Private sector,12878.0,8517.0,1695572.0,2026.0,2231704.0,945987.0,25026293.0,61135406.0,93489590.0,215721467.0,38971855.0,323009012.0,0.0,0.0,158775.0,1069607.0,8536880.0,34907802.0,6043921.0,34282738.0,43368.0,782204.0,31838734.0,221614970.0,21.0,17.0
2025-08,HSBC,HSBC LTD,Foreign,46.0,25.0,0.0,0.0,0.0,0.0,964227.0,845034.0,1167950.0,4514069.0,2088292.0,10198341.0,0.0,0.0,2695.0,19366.0,290132.0,1491580.0,0.0,0.0,0.0,0.0,252451.0,1574206.0,0.0,0.0
2025-08,ICICI BANK,ICICI BANK LTD,Private sector,8953.0,2892.0,2212426.0,6235.0,604512.0,3838389.0,18179261.0,31489809.0,18341341.0,100997902.0,68446324.0,243926495.0,41.0,2586.0,54104.0,280296.0,4795610.0,22293210.0,3056417.0,20230196.0,3735.0,84315.0,13233821.0,100316469.0,0.0,0.0
2025-08,IDBI BANK,IDBI BANK LTD,Private sector,2327.0,653.0,13733.0,1377.0,0.0,397226.0,45055.0,12017339.0,78769.0,351889.0,72074.0,312244.0,0.0,0.0,528.0,3268.0,962905.0,2332989.0,185102.0,566735.0,0.0,0.0,4505419.0,23598996.0,115.0,38.0
2025-08,IDFC FIRST BANK,IDFC FIRST BANK LTD,Private sector,751.0,226.0,39265.0,7276.0,0.0,192118.0,3957195.0,6859090.0,14359217.0,23488395.0,2758101.0,19177477.0,0.0,0.0,22250.0,115001.0,614835.0,2400332.0,325309.0,4110803.0,0.0,0.0,3047757.0,17559699.0,0.0,0.0
2025-08,INDIA POST PAYMENTS BANK,INDIA POST PAYMENTS BANK,Payments bank,0.0,0.0,0.0,196757.0,0.0,2772468.0,0.0,28026190.0,0.0,0.0,0.0,0.0,0.0,0.0,0.0,0.0,0.0,0.0,225881.0,348684.0,0.0,0.0,0.0,0.0,0.0,0.0
2025-08,INDIAN BANK,INDIAN BANK,Public sector,4911.0,639.0,20199.0,15396.0,0.0,2618589.0,275996.0,34028772.0,192867.0,866241.0,137212.0,1005010.0,0.0,0.0,3857.0,31290.0,2756636.0,6922973.0,431453.0,1117932.0,131.0,406.0,18473179.0,91875956.0,6.0,4.0
2025-08,INDIAN OVERSEAS BANK,INDIAN OVERSEAS BANK,Public sector,2818.0,724.0,0.0,11318.0,0.0,496027.0,90752.0,19738512.0,243801.0,508240.0,51266.0,160870.0,0.0,0.0,4493.0,22459.0,2176059.0,5174284.0,229669.0,667448.0,0.0,0.0,11631696.0,52549692.0,0.0,0.0
2025-08,INDUSIND BANK,INDUSIND BANK LTD,Private sector,2050.0,1006.0,198055.0,0.0,12242.0,7857211.0,3186869.0,11269018.0,4003192.0,31721807.0,9320709.0,62010299.0,0.0,0.0,20692.0,112744.0,576702.0,1787085.0,455640.0,2272993.0,854.0,63608.0,3626807.0,20565647.0,0.0,0.0
2025-08,JAMMU AND KASHMIR BANK,JAMMU AND KASHMIR BANK LTD,Private sector,951.0,635.0,14137.0,1336.0,0.0,639532.0,135877.0,5034937.0,181497.0,1640634.0,100284.0,429858.0,0.0,0.0,11281.0,49983.0,635656.0,1535390.0,570451.0,545709.0,0.0,0.0,4641231.0,24710625.0,0.0,0.0
2025-08,JANA SMALL FINANCE BANK,JANA SMALL FINANCE BANK LTD,Small finance,58.0,3.0,0.0,173.0,0.0,511590.0,0.0,4066277.0,0.0,0.0,0.0,0.0,0.0,0.0,0.0,0.0,42394.0,96997.0,6597.0,26628.0,0.0,0.0,501956.0,1874252.0,0.0,0.0
2025-08,JIO PAYMENTS BANK,JIO PAYMENTS BANK,Payments bank,0.0,0.0,0.0,0.0,0.0,140658.0,0.0,1262817.0,0.0,0.0,0.0,0.0,0.0,0.0,0.0,0.0,15711.0,29135.0,23142.0,112285.0,2324.0,1424.0,115466.0,597186.0,0.0,0.0
2025-08,KARNATAKA BANK,KARNATAKA BANK LTD,Private sector,955.0,538.0,9622.0,0.0,0.0,135257.0,0.0,5655829.0,0.0,0.0,0.0,0.0,0.0,0.0,0.0,0.0,633520.0,1322330.0,44415.0,147804.0,0.0,0.0,3393727.0,16825629.0,0.0,0.0
2025-08,KARUR VYSYA BANK,KARUR VYSYA BANK LTD,Private sector,1546.0,669.0,979.0,0.0,0.0,46192.0,10084.0,5533197.0,23328.0,164285.0,8546.0,130144.0,0.0,0.0,373.0,2842.0,823729.0,2212379.0,122868.0,532801.0,0.0,0.0,3736358.0,19596372.0,0.0,0.0
2025-08,KEB HANA BANK,KEB HANA BANK,Foreign,1.0,0.0,0.0,0.0,0.0,0.0,0.0,1768.0,0.0,0.0,0.0,0.0,0.0,0.0,0.0,0.0,1089.0,3598.0,100.0,545.0,0.0,0.0,187.0,1168.0,0.0,0.0
2025-08,KOOKMIN BANK,KOOKMIN BANK,Foreign,0.0,0.0,0.0,0.0,0.0,0.0,0.0,575.0,0.0,0.0,0.0,0.0,0.0,0.0,0.0,0.0,481.0,1532.0,153.0,342.0,0.0,0.0,75.0,565.0,0.0,0.0
2025-08,KOTAK MAHINDRA BANK,KOTAK MAHINDRA BANK LTD,Private sector,1986.0,804.0,78269.0,0.0,158977.0,728611.0,4588479.0,36523624.0,12843404.0,24413025.0,4105661.0,31902095.0,0.0,0.0,23439.0,119184.0,1695960.0,4604691.0,1559755.0,5193225.0,0.0,0.0,9159619.0,48675749.0,0.0,0.0
2025-08,NAINITAL BANK,NAINITAL BANK LTD,Private sector,0.0,0.0,0.0,0.0,0.0,0.0,0.0,314617.0,0.0,0.0,0.0,0.0,0.0,0.0,0.0,0.0,11850.0,24028.0,3184.0,10484.0,0.0,0.0,60453.0,296552.0,0.0,0.0
2025-08,NSDL PAYMENTS BANK,NSDL PAYMENTS BANK,Payments bank,0.0,0.0,0.0,309517.0,0.0,0.0,0.0,977733.0,0.0,0.0,0.0,0.0,0.0,0.0,0.0,0.0,17496.0,25684.0,14094.0,34691.0,0.0,0.0,495026.0,1346366.0,0.0,0.0
2025-08,PAYTM PAYMENTS BANK,PAYTM PAYMENTS BANK,Payments bank,0.0,0.0,0.0,0.0,0.0,0.0,0.0,30584604.0,0.0,0.0,0.0,0.0,0.0,0.0,0.0,0.0,60.0,14.0,268.0,14.0,0.0,0.0,44.0,71.0,0.0,0.0
2025-08,PUNJAB AND SIND BANK,PUNJAB AND SIND BANK,Public sector,1042.0,35.0,1098.0,1900.0,1248.0,199295.0,0.0,3681695.0,0.0,0.0,0.0,0.0,0.0,0.0,0.0,0.0,62940.0,208595.0,160268.0,401570.0,0.0,0.0,1138898.0,5520430.0,0.0,0.0
2025-08,PUNJAB NATIONAL BANK,PUNJAB NATIONAL BANK,Public sector,7318.0,3883.0,24424.0,0.0,776798.0,1300487.0,647793.0,41766735.0,355319.0,1588795.0,285615.0,1697630.0,3.0,155.0,6229.0,19851.0,3521003.0,9007461.0,888473.0,2476009.0,0.0,0.0,22863974.0,115733899.0,0.0,0.0
2025-08,RBL BANK,RBL BANK LTD,Private sector,378.0,37.0,3128462.0,0.0,1596.0,52020.0,4541171.0,1638324.0,4712034.0,25214793.0,5813341.0,45595049.0,0.0,0.0,31708.0,158284.0,119222.0,394180.0,69066.0,422623.0,60.0,3477.0,420852.0,2356205.0,0.0,0.0
2025-08,SBM BANK INDIA,SBM BANK INDIA LTD,Foreign,0.0,0.0,0.0,0.0,0.0,58.0,732720.0,838926.0,147319.0,198954.0,327896.0,434562.0,0.0,0.0,1421.0,3880.0,8841.0,25554.0,8487.0,37117.0,0.0,0.0,28330.0,97386.0,0.0,0.0
2025-08,SHIVALIK SMALL FINANCE BANK,SHIVALIK SMALL FINANCE BANK LTD,Small finance,0.0,0.0,0.0,0.0,0.0,0.0,0.0,33828.0,0.0,0.0,0.0,0.0,0.0,0.0,0.0,0.0,2593.0,7065.0,1594.0,8509.0,0.0,0.0,21803.0,115888.0,0.0,0.0
2025-08,SLICE SMALL FINANCE BANK,SLICE SMALL FINANCE BANK LTD,Small finance,18.0,1.0,0.0,0.0,0.0,0.0,1764.0,2086500.0,110793.0,63445.0,24386.0,49613.0,0.0,0.0,0.0,0.0,6770.0,13219.0,16609.0,89232.0,0.0,0.0,106603.0,379618.0,358.0,1587.0
2025-08,SOUTH INDIAN BANK,SOUTH INDIAN BANK,Private sector,910.0,362.0,13506.0,0.0,34996.0,107478.0,364606.0,4050100.0,516886.0,2084055.0,604352.0,3909542.0,0.0,0.0,0.0,0.0,950664.0,2865401.0,158950.0,842839.0,0.0,0.0,2600060.0,13831581.0,0.0,0.0
2025-08,STANDARD CHARTERED BANK,STANDARD CHARTERED BANK LTD,Foreign,101.0,38.0,0.0,0.0,0.0,0.0,786737.0,848080.0,822416.0,3094061.0,997623.0,5472918.0,0.0,0.0,1371.0,9500.0,230556.0,914171.0,118788.0,495015.0,25.0,777.0,435562.0,2518381.0,0.0,0.0
2025-08,STATE BANK OF INDIA,STATE BANK OF INDIA,Public sector,27590.0,34240.0,1604537.0,52081.0,1020401.0,5576576.0,21329125.0,245707805.0,25791742.0,115697825.0,61343533.0,214934744.0,0.0,0.0,122110.0,525460.0,27997635.0,72769425.0,6409813.0,21302913.0,698.0,9724.0,150444517.0,817558266.0,9567.0,8387.0
2025-08,SURYODAY SMALL FINANCE BANK,SURYODAY SMALL FINANCE BANK LTD,Small finance,0.0,0.0,0.0,67.0,0.0,0.0,3962.0,897804.0,1624.0,6586.0,3023.0,12333.0,0.0,0.0,0.0,0.0,7389.0,14621.0,1761.0,10522.0,0.0,0.0,72987.0,325755.0,0.0,0.0
2025-08,TAMILNAD MERCANTILE BANK,TAMILNAD MERCANTILE BANK LTD,Private sector,505.0,647.0,2131.0,0.0,0.0,193400.0,26035.0,2535151.0,42326.0,197565.0,17880.0,106385.0,0.0,0.0,1807.0,7522.0,290616.0,1066814.0,26287.0,150944.0,82.0,232.0,4340232.0,22058362.0,0.0,0.0
2025-08,UCO BANK,UCO BANK,Public sector,2380.0,216.0,10707.0,3568.0,151.0,1393401.0,0.0,13250348.0,0.0,0.0,0.0,0.0,0.0,0.0,0.0,0.0,796190.0,2066695.0,215080.0,612598.0,878.0,14727.0,6243411.0,29867497.0,26.0,19.0
2025-08,UJJIVAN SMALL FINANCE BANK,UJJIVAN SMALL FINANCE BANK LTD,Small finance,609.0,4.0,0.0,0.0,0.0,563378.0,0.0,6622751.0,0.0,0.0,0.0,0.0,0.0,0.0,0.0,0.0,134807.0,292188.0,26987.0,110851.0,0.0,0.0,2986073.0,12050517.0,0.0,0.0
2025-08,UNION BANK OF INDIA,UNION BANK OF INDIA,Public sector,7699.0,1196.0,52215.0,8095.0,364365.0,290864.0,476297.0,56997043.0,516303.0,2243224.0,1865614.0,3276363.0,0.0,0.0,8731.0,38403.0,3887709.0,9142562.0,1031720.0,2685757.0,2145.0,8678.0,41658559.0,122782493.0,14.0,4.0
2025-08,UNITY SMALL FINANCE BANK,UNITY SMALL FINANCE BANK LTD,Small finance,193.0,0.0,0.0,0.0,0.0,0.0,29227.0,103229.0,12504.0,42512.0,20460.0,95221.0,0.0,0.0,164.0,400.0,8309.0,23077.0,1233.0,5924.0,0.0,0.0,38378.0,183415.0,0.0,0.0
2025-08,UTKARSH SMALL FINANCE BANK,UTKARSH SMALL FINANCE BANK LTD,Small finance,195.0,1.0,0.0,778.0,0.0,41001.0,185701.0,1743494.0,13877.0,15415.0,53771.0,53993.0,1795752.0,351901.0,520.0,612.0,19952.0,63158.0,3781.0,28617.0,0.0,0.0,155575.0,874335.0,0.0,0.0
2025-08,WOORI BANK,WOORI BANK,Foreign,0.0,0.0,0.0,0.0,0.0,0.0,0.0,1427.0,0.0,0.0,0.0,0.0,0.0,0.0,0.0,0.0,1824.0,6321.0,747.0,1785.0,0.0,0.0,556.0,4157.0,0.0,0.0
2025-08,YES BANK,YES BANK LTD,Private sector,1180.0,136.0,97841.0,75767.0,116468.0,537653130.0,2609787.0,5350499.0,11909494.0,19784678.0,1312191.0,15489679.0,0.0,0.0,8730.0,45122.0,425537.0,1321639.0,124467.0,758222.0,15.0,179.0,1760898.0,10231290.0,0.0,0.0
2025-09,AIRTEL PAYMENTS BANK,AIRTEL PAYMENTS BANK,Payments bank,0.0,0.0,0.0,155988.0,0.0,1175114.0,0.0,8029234.0,0.0,0.0,0.0,0.0,0.0,0.0,0.0,0.0,931859.0,50465.0,36441.0,52294.0,0.0,0.0,509341.0,1885194.0,0.0,0.0
2025-09,AMERICAN EXPRESS BANKING CORPORATION,AMERICAN EXPRESS BANKING CORPORATION,Foreign,0.0,0.0,14732.0,0.0,0.0,0.0,1350152.0,0.0,1505933.0,14323762.0,4165277.0,42002544.0,0.0,0.0,0.0,0.0,0.0,0.0,0.0,0.0,0.0,0.0,0.0,0.0,0.0,0.0
2025-09,AU SMALL FINANCE BANK,AU SMALL FINANCE BANK LTD,Small finance,701.0,6.0,0.0,858.0,0.0,357758.0,956080.0,8826049.0,771861.0,4083599.0,2386525.0,6575557.0,100.0,70.0,2090.0,11210.0,149819.0,435086.0,154466.0,733881.0,107.0,1271.0,1205705.0,6266669.0,0.0,0.0
2025-09,AXIS BANK,AXIS BANK LTD,Private sector,6534.0,6643.0,2404312.0,0.0,606263.0,112658201.0,15424177.0,41480021.0,42530527.0,104193499.0,32133750.0,156237540.0,0.0,0.0,69702.0,387888.0,3487687.0,12970073.0,1665849.0,11019162.0,10494.0,274107.0,14780875.0,100127687.0,0.0,0.0
2025-09,BANDHAN BANK,BANDHAN BANK LTD,Private sector,417.0,5.0,70913.0,0.0,37510.0,0.0,6.0,6565193.0,0.0,0.0,0.0,0.0,0.0,0.0,0.0,0.0,195726.0,678589.0,53662.0,248140.0,0.0,0.0,2016344.0,11513330.0,6.0,5.0
2025-09,BANK OF AMERICA,BANK OF AMERICA,Foreign,0.0,0.0,0.0,0.0,0.0,0.0,0.0,0.0,0.0,0.0,0.0,0.0,0.0,0.0,0.0,0.0,0.0,0.0,0.0,0.0,0.0,0.0,0.0,0.0,0.0,0.0
2025-09,BANK OF BAHRAIN AND KUWAIT B S C,BANK OF BAHRAIN & KUWAIT B.S.C.,Foreign,0.0,0.0,0.0,0.0,0.0,0.0,0.0,1105.0,0.0,0.0,0.0,0.0,0.0,0.0,0.0,0.0,786.0,2137.0,0.0,0.0,0.0,0.0,1273.0,6545.0,0.0,0.0
2025-09,BANK OF BARODA,BANK OF BARODA,Public sector,8976.0,2481.0,55231.0,42235.0,24709.0,2847996.0,3072859.0,88807897.0,8047742.0,14797981.0,3575819.0,18603138.0,0.0,0.0,10326.0,54728.0,2633885.0,6123670.0,298595.0,2065524.0,5.0,9.0,21365652.0,107863257.0,1.0,1.0
2025-09,BANK OF INDIA,BANK OF INDIA,Public sector,5196.0,2500.0,18750.0,24886.0,0.0,1337146.0,88400.0,37149066.0,351843.0,1006102.0,73063.0,364811.0,0.0,0.0,7018.0,37425.0,1877149.0,4152661.0,324206.0,789123.0,0.0,0.0,13834045.0,59415231.0,0.0,0.0
2025-09,BANK OF MAHARASHTRA,BANK OF MAHARASHTRA,Public sector,2321.0,250.0,159.0,5997.0,355014.0,952740.0,2444.0,13803502.0,15.0,37.0,0.0,0.0,0.0,0.0,0.0,0.0,899657.0,2004018.0,124767.0,421211.0,5708.0,58633.0,5489038.0,26656670.0,0.0,0.0
2025-09,BARCLAYS BANK,BARCLAYS BANK PLC,Foreign,0.0,0.0,0.0,0.0,1.0,0.0,0.0,498.0,0.0,0.0,0.0,0.0,0.0,0.0,0.0,0.0,65.0,153.0,0.0,0.0,0.0,0.0,603.0,5580.0,0.0,0.0
2025-09,CANARA BANK,CANARA BANK,Public sector,7332.0,3532.0,86392.0,11076.0,0.0,3855241.0,1055201.0,61566295.0,1036904.0,4197357.0,526140.0,3151906.0,0.0,0.0,85330.0,501301.0,4887605.0,14049490.0,780337.0,4116827.0,4401.0,88995.0,27414380.0,137580891.0,0.0,0.0
2025-09,CAPITAL SMALL FINANCE BANK,CAPITAL SMALL FINANCE BANK LTD,Small finance,199.0,2.0,0.0,0.0,0.0,0.0,0.0,229732.0,0.0,0.0,0.0,0.0,0.0,0.0,0.0,0.0,21321.0,60234.0,1854.0,12252.0,0.0,0.0,107738.0,601280.0,0.0,0.0
2025-09,CENTRAL BANK OF INDIA,CENTRAL BANK OF INDIA,Public sector,2948.0,1218.0,3370.0,2741.0,38138.0,2074385.0,0.0,29370830.0,0.0,0.0,0.0,0.0,0.0,0.0,0.0,0.0,874091.0,2978789.0,164804.0,619964.0,0.0,0.0,7280973.0,34912852.0,18.0,332.0
2025-09,CITI BANK,CITI BANK,Foreign,0.0,0.0,0.0,0.0,0.0,0.0,252574.0,0.0,178680.0,1257571.0,339164.0,3980103.0,0.0,0.0,488.0,3981.0,0.0,0.0,0.0,0.0,0.0,0.0,0.0,0.0,0.0,0.0
2025-09,CITY UNION BANK,CITY UNION BANK LTD.,Private sector,1252.0,457.0,7127.0,63051.0,0.0,67258.0,54116.0,3265196.0,57387.0,329828.0,23911.0,235618.0,0.0,0.0,288.0,1747.0,413054.0,1255793.0,38705.0,108675.0,0.0,0.0,2147892.0,13151036.0,0.0,0.0
2025-09,CSB BANK,CSB BANK LTD.,Private sector,773.0,37.0,0.0,0.0,19379.0,0.0,173670.0,956515.0,233145.0,636063.0,1878742.0,1777664.0,0.0,0.0,0.0,0.0,110235.0,288046.0,7449.0,32879.0,0.0,0.0,354014.0,1920908.0,0.0,0.0
2025-09,DBS BANK INDIA,DBS INDIA BANK LTD,Foreign,413.0,331.0,662.0,87.0,0.0,8789.0,412418.0,1632933.0,374889.0,1716974.0,270063.0,2346839.0,0.0,0.0,1423.0,4281.0,144606.0,392534.0,62399.0,214250.0,0.0,0.0,613381.0,3655194.0,0.0,0.0
2025-09,DCB BANK,DCB BANK LTD,Private sector,436.0,5.0,0.0,0.0,0.0,0.0,957.0,1125151.0,1431.0,6808.0,1129.0,8825.0,0.0,0.0,16.0,93.0,72363.0,228749.0,57620.0,227424.0,173.0,5142.0,216698.0,1430321.0,0.0,0.0
2025-09,DEUTSCHE BANK,DEUTSCHE BANK LTD,Foreign,12.0,3.0,0.0,0.0,0.0,294.0,0.0,99790.0,0.0,0.0,0.0,0.0,0.0,0.0,0.0,0.0,18145.0,67871.0,14030.0,51634.0,0.0,0.0,21914.0,140106.0,0.0,0.0
2025-09,DHANALAXMI BANK,DHANALAXMI BANK LTD,Private sector,243.0,38.0,1549.0,0.0,0.0,40811.0,14361.0,602492.0,26358.0,70960.0,7610.0,32620.0,0.0,0.0,290.0,899.0,112771.0,252752.0,3872.0,11524.0,0.0,0.0,375744.0,1755953.0,0.0,0.0
2025-09,DOHA BANK Q P S C,DOHA BANK Q.P.S.C.,Foreign,2.0,0.0,0.0,0.0,0.0,0.0,0.0,23220.0,0.0,0.0,0.0,0.0,0.0,0.0,0.0,0.0,679.0,2641.0,127.0,323.0,0.0,0.0,1535.0,9456.0,0.0,0.0
2025-09,EQUITAS SMALL FINANCE BANK,EQUITAS SMALL FINANCE BANK LTD,Small finance,378.0,4.0,2548.0,337.0,61293.0,0.0,3848.0,1246990.0,17101.0,55660.0,3603.0,41534.0,0.0,0.0,108.0,641.0,78931.0,204746.0,17952.0,104980.0,0.0,0.0,1776608.0,5116215.0,0.0,0.0
2025-09,ESAF SMALL FINANCE BANK,ESAF SMALL FINANCE BANK LTD,Small finance,716.0,2.0,0.0,5041.0,0.0,0.0,3843.0,5651363.0,3094.0,6844.0,25783.0,21433.0,0.0,0.0,17.0,92.0,118201.0,262516.0,7767.0,32475.0,0.0,0.0,706320.0,3611512.0,0.0,0.0
2025-09,FEDERAL BANK,FEDERAL BANK LTD,Private sector,1793.0,289.0,23206.0,0.0,0.0,6097934.0,1610622.0,14641298.0,3279474.0,8290631.0,1970542.0,11391494.0,0.0,0.0,5484.0,27486.0,2387469.0,7439113.0,1032889.0,4269669.0,3027.0,42387.0,6706232.0,36640797.0,1.0,1.0
2025-09,FINO PAYMENTS BANK,FINO PAYMENTS BANK,Payments bank,0.0,0.0,0.0,463307.0,0.0,10993.0,0.0,10682723.0,0.0,0.0,0.0,0.0,0.0,0.0,0.0,0.0,115890.0,229970.0,1768.0,4598.0,0.0,0.0,2014146.0,6794167.0,0.0,0.0
2025-09,HDFC BANK,HDFC BANK LTD,Private sector,12918.0,8499.0,1716995.0,1981.0,2253065.0,966706.0,25285047.0,61534639.0,91371979.0,221192952.0,39890352.0,384630924.0,0.0,0.0,157119.0,1063894.0,7611813.0,32261544.0,5834853.0,35772032.0,44547.0,836422.0,29592195.0,209826917.0,19.0,22.0
2025-09,HSBC,HSBC LTD,Foreign,46.0,25.0,0.0,0.0,0.0,0.0,974071.0,859010.0,1046460.0,4251531.0,2229832.0,10495893.0,0.0,0.0,2826.0,18031.0,253054.0,1475480.0,0.0,0.0,0.0,0.0,218855.0,1382950.0,0.0,0.0
2025-09,ICICI BANK,ICICI BANK LTD,Private sector,7981.0,2628.0,2239561.0,6252.0,605152.0,3857032.0,18372151.0,31563890.0,16571896.0,97645502.0,71224564.0,321563562.0,96.0,7504.0,53079.0,279978.0,4067093.0,19795114.0,2929191.0,23084188.0,3844.0,84913.0,11940307.0,93466838.0,0.0,0.0
2025-09,IDBI BANK,IDBI BANK LTD,Private sector,2344.0,642.0,13836.0,1572.0,0.0,400612.0,45272.0,11888472.0,77639.0,361310.0,76262.0,335944.0,0.0,0.0,512.0,3163.0,868673.0,2124796.0,167071.0,539100.0,0.0,0.0,4201432.0,22472007.0,154.0,59.0
2025-09,IDFC FIRST BANK,IDFC FIRST BANK LTD,Private sector,754.0,211.0,39145.0,7226.0,0.0,200972.0,4049878.0,6713487.0,14064682.0,22975605.0,2757016.0,19898848.0,0.0,0.0,21889.0,113707.0,533878.0,2040871.0,285698.0,3378560.0,0.0,0.0,2883260.0,16900519.0,0.0,0.0
2025-09,INDIA POST PAYMENTS BANK,INDIA POST PAYMENTS BANK,Payments bank,0.0,0.0,0.0,200096.0,0.0,2842670.0,0.0,29140680.0,0.0,0.0,0.0,0.0,0.0,0.0,0.0,0.0,0.0,0.0,91898.0,76502.0,0.0,0.0,0.0,0.0,0.0,0.0
2025-09,INDIAN BANK,INDIAN BANK,Public sector,4925.0,640.0,20277.0,15597.0,0.0,2590962.0,274482.0,34260118.0,176716.0,824993.0,141327.0,1068398.0,0.0,0.0,3800.0,30707.0,2899973.0,6473838.0,408860.0,1061851.0,143.0,412.0,17748259.0,89909508.0,6.0,4.0
2025-09,INDIAN OVERSEAS BANK,INDIAN OVERSEAS BANK,Public sector,2841.0,726.0,0.0,11467.0,0.0,504075.0,99731.0,20103033.0,263890.0,555365.0,53792.0,171014.0,0.0,0.0,5026.0,26261.0,1977153.0,4695821.0,218732.0,629944.0,0.0,0.0,11102423.0,50906168.0,0.0,0.0
2025-09,INDUSIND BANK,INDUSIND BANK LTD,Private sector,2052.0,1002.0,129013.0,0.0,12222.0,7950893.0,3180135.0,11497612.0,3792721.0,29316676.0,9272142.0,51725972.0,0.0,0.0,19696.0,106203.0,525424.0,1656431.0,413105.0,2253383.0,811.0,58934.0,3548701.0,19997410.0,0.0,0.0
2025-09,JAMMU AND KASHMIR BANK,JAMMU AND KASHMIR BANK LTD,Private sector,954.0,636.0,14106.0,1307.0,0.0,642719.0,138355.0,5106456.0,167961.0,1587558.0,94729.0,430082.0,0.0,0.0,10754.0,50268.0,587496.0,1484510.0,457578.0,465485.0,0.0,0.0,4393899.0,24613879.0,0.0,0.0
2025-09,JANA SMALL FINANCE BANK,JANA SMALL FINANCE BANK LTD,Small finance,57.0,4.0,0.0,173.0,0.0,512616.0,0.0,4119059.0,0.0,0.0,0.0,0.0,0.0,0.0,0.0,0.0,43307.0,96951.0,8179.0,28414.0,0.0,0.0,510632.0,1883009.0,0.0,0.0
2025-09,JIO PAYMENTS BANK,JIO PAYMENTS BANK,Payments bank,0.0,0.0,0.0,0.0,0.0,142411.0,0.0,1257080.0,0.0,0.0,0.0,0.0,0.0,0.0,0.0,0.0,14489.0,33082.0,33958.0,202582.0,2056.0,1252.0,125111.0,682747.0,0.0,0.0
2025-09,KARNATAKA BANK,KARNATAKA BANK LTD,Private sector,954.0,534.0,8705.0,0.0,0.0,136574.0,0.0,5658883.0,0.0,0.0,0.0,0.0,0.0,0.0,0.0,0.0,598063.0,1253478.0,42721.0,154257.0,0.0,0.0,3210061.0,16293094.0,0.0,0.0
2025-09,KARUR VYSYA BANK,KARUR VYSYA BANK LTD,Private sector,1569.0,656.0,753.0,0.0,0.0,46448.0,9969.0,5579441.0,22007.0,158917.0,8140.0,120913.0,0.0,0.0,410.0,3159.0,766622.0,2041513.0,114341.0,510376.0,0.0,0.0,3610575.0,19221746.0,0.0,0.0
2025-09,KEB HANA BANK,KEB HANA BANK,Foreign,1.0,0.0,0.0,0.0,0.0,0.0,0.0,1787.0,0.0,0.0,0.0,0.0,0.0,0.0,0.0,0.0,1073.0,3415.0,100.0,262.0,0.0,0.0,261.0,1885.0,0.0,0.0
2025-09,KOOKMIN BANK,KOOKMIN BANK,Foreign,0.0,0.0,0.0,0.0,0.0,0.0,0.0,580.0,0.0,0.0,0.0,0.0,0.0,0.0,0.0,0.0,372.0,803.0,145.0,476.0,0.0,0.0,87.0,559.0,0.0,0.0
2025-09,KOTAK MAHINDRA BANK,KOTAK MAHINDRA BANK LTD,Private sector,1995.0,763.0,79234.0,0.0,160627.0,728858.0,4553703.0,36280138.0,12687478.0,24649818.0,4063847.0,36592326.0,0.0,0.0,24487.0,124631.0,1583658.0,4297459.0,1544720.0,5419728.0,0.0,0.0,8655488.0,47009259.0,0.0,0.0
2025-09,NAINITAL BANK,NAINITAL BANK LTD,Private sector,0.0,0.0,0.0,0.0,0.0,0.0,0.0,318438.0,0.0,0.0,0.0,0.0,0.0,0.0,0.0,0.0,10720.0,20428.0,3110.0,10120.0,0.0,0.0,60064.0,294061.0,0.0,0.0
2025-09,NSDL PAYMENTS BANK,NSDL PAYMENTS BANK,Payments bank,0.0,0.0,0.0,293451.0,0.0,0.0,0.0,2234796.0,0.0,0.0,0.0,0.0,0.0,0.0,0.0,0.0,17316.0,29436.0,13566.0,36922.0,0.0,0.0,485784.0,1410868.0,0.0,0.0
2025-09,PAYTM PAYMENTS BANK,PAYTM PAYMENTS BANK,Payments bank,0.0,0.0,0.0,0.0,0.0,0.0,0.0,30582984.0,0.0,0.0,0.0,0.0,0.0,0.0,0.0,0.0,71.0,20.0,283.0,29.0,0.0,0.0,38.0,73.0,0.0,0.0
2025-09,PUNJAB AND SIND BANK,PUNJAB AND SIND BANK,Public sector,1053.0,37.0,1107.0,1919.0,1253.0,205466.0,0.0,3727634.0,0.0,0.0,0.0,0.0,0.0,0.0,0.0,0.0,54253.0,187921.0,165946.0,411856.0,0.0,0.0,1155533.0,5652057.0,0.0,0.0
2025-09,PUNJAB NATIONAL BANK,PUNJAB NATIONAL BANK,Public sector,7304.0,3883.0,23815.0,0.0,351363.0,1351586.0,655841.0,42219130.0,339172.0,1558621.0,303879.0,1778194.0,5.0,171.0,6471.0,21238.0,3353339.0,8754621.0,829818.0,2216381.0,0.0,0.0,22087977.0,113849676.0,0.0,0.0
2025-09,RBL BANK,RBL BANK LTD,Private sector,378.0,37.0,3314358.0,0.0,1596.0,52326.0,4585190.0,1645368.0,4407117.0,24174305.0,5806548.0,44575367.0,0.0,0.0,32380.0,162924.0,110534.0,372107.0,69602.0,445334.0,39.0,1884.0,394126.0,2230477.0,0.0,0.0
2025-09,SBM BANK INDIA,SBM BANK INDIA LTD,Foreign,0.0,0.0,0.0,0.0,0.0,98.0,754897.0,842915.0,141120.0,188631.0,333911.0,433228.0,0.0,0.0,1403.0,3859.0,8049.0,23540.0,8595.0,37456.0,0.0,0.0,28174.0,91044.0,0.0,0.0
2025-09,SHIVALIK SMALL FINANCE BANK,SHIVALIK SMALL FINANCE BANK LTD,Small finance,0.0,0.0,0.0,0.0,0.0,0.0,0.0,35516.0,0.0,0.0,0.0,0.0,0.0,0.0,0.0,0.0,1528.0,4435.0,481.0,4018.0,0.0,0.0,15447.0,88502.0,0.0,0.0
2025-09,SLICE SMALL FINANCE BANK,SLICE SMALL FINANCE BANK LTD,Small finance,3.0,0.0,0.0,0.0,0.0,0.0,11565.0,2405238.0,110793.0,63445.0,24386.0,49613.0,0.0,0.0,0.0,0.0,7111.0,16160.0,17172.0,104824.0,0.0,0.0,105443.0,376565.0,943.0,3829.0
2025-09,SOUTH INDIAN BANK,SOUTH INDIAN BANK,Private sector,910.0,359.0,13477.0,0.0,34884.0,108626.0,361348.0,4067714.0,474791.0,1947457.0,603606.0,3850453.0,0.0,0.0,0.0,0.0,831740.0,2483435.0,146972.0,820932.0,0.0,0.0,2445011.0,13080251.0,0.0,0.0
2025-09,STANDARD CHARTERED BANK,STANDARD CHARTERED BANK LTD,Foreign,100.0,37.0,0.0,0.0,0.0,0.0,763773.0,851169.0,743408.0,2794982.0,940384.0,5126323.0,0.0,0.0,1283.0,8908.0,195391.0,799909.0,108916.0,491079.0,19.0,532.0,376452.0,2191171.0,0.0,0.0
2025-09,STATE BANK OF INDIA,STATE BANK OF INDIA,Public sector,28848.0,33728.0,1645821.0,52719.0,1023057.0,5640748.0,21502248.0,246888722.0,24357365.0,113941510.0,63234574.0,292286146.0,0.0,0.0,125082.0,546350.0,26144295.0,68013827.0,6841761.0,31143042.0,609.0,7988.0,143954696.0,789492847.0,8548.0,7925.0
2025-09,SURYODAY SMALL FINANCE BANK,SURYODAY SMALL FINANCE BANK LTD,Small finance,0.0,0.0,0.0,67.0,0.0,0.0,5066.0,905376.0,1611.0,4725.0,4893.0,13968.0,0.0,0.0,18.0,101.0,7067.0,14090.0,1661.0,10702.0,0.0,0.0,71786.0,329543.0,0.0,0.0
2025-09,TAMILNAD MERCANTILE BANK,TAMILNAD MERCANTILE BANK LTD,Private sector,505.0,648.0,2143.0,0.0,0.0,194532.0,22418.0,2549110.0,38147.0,184375.0,16360.0,107047.0,0.0,0.0,1583.0,6921.0,248766.0,929545.0,25074.0,143645.0,87.0,259.0,3987462.0,20631672.0,0.0,0.0
2025-09,UCO BANK,UCO BANK,Public sector,2377.0,216.0,10709.0,3568.0,151.0,1410260.0,0.0,13435025.0,0.0,0.0,0.0,0.0,0.0,0.0,0.0,0.0,779158.0,2097796.0,216505.0,590565.0,788.0,15367.0,6074865.0,29886204.0,32.0,21.0
2025-09,UJJIVAN SMALL FINANCE BANK,UJJIVAN SMALL FINANCE BANK LTD,Small finance,609.0,4.0,0.0,0.0,0.0,563427.0,0.0,6516027.0,0.0,0.0,0.0,0.0,0.0,0.0,0.0,0.0,123516.0,290433.0,23687.0,106988.0,0.0,0.0,2922270.0,12013801.0,1.0,2.0
2025-09,UNION BANK OF INDIA,UNION BANK OF INDIA,Public sector,7866.0,1196.0,53428.0,8059.0,369473.0,291785.0,475427.0,57201215.0,480574.0,2101138.0,1799229.0,3210082.0,0.0,0.0,8731.0,37969.0,3588891.0,8505984.0,908024.0,2442385.0,2150.0,8723.0,40386186.0,118809305.0,11.0,2.0
2025-09,UNITY SMALL FINANCE BANK,UNITY SMALL FINANCE BANK LTD,Small finance,189.0,0.0,0.0,0.0,0.0,0.0,51267.0,107119.0,16948.0,55789.0,47423.0,181149.0,0.0,0.0,374.0,1020.0,7717.0,23758.0,1070.0,5768.0,0.0,0.0,38324.0,188181.0,0.0,0.0
2025-09,UTKARSH SMALL FINANCE BANK,UTKARSH SMALL FINANCE BANK LTD,Small finance,301.0,5.0,0.0,778.0,0.0,41236.0,207618.0,1579417.0,13752.0,17842.0,65494.0,71040.0,1907537.0,445352.0,499.0,593.0,18070.0,62343.0,3982.0,27134.0,1.0,1.0,154064.0,918044.0,0.0,0.0
2025-09,WOORI BANK,WOORI BANK,Foreign,0.0,0.0,0.0,0.0,0.0,0.0,0.0,1448.0,0.0,0.0,0.0,0.0,0.0,0.0,0.0,0.0,1752.0,6635.0,684.0,1922.0,0.0,0.0,575.0,4817.0,0.0,0.0
2025-09,YES BANK,YES BANK LTD,Private sector,1188.0,128.0,100668.0,78109.0,115378.0,546106442.0,2652060.0,5372971.0,11830004.0,19912278.0,1344484.0,15689701.0,0.0,0.0,8887.0,46486.0,382411.0,1225137.0,116553.0,777697.0,21.0,257.0,1663845.0,9965342.0,0.0,0.0
2025-10,AIRTEL PAYMENTS BANK,AIRTEL PAYMENTS BANK,Payments bank,0.0,0.0,0.0,156986.0,0.0,1182090.0,0.0,8424873.0,0.0,0.0,0.0,0.0,0.0,0.0,0.0,0.0,996740.0,52369.0,29916.0,39053.0,0.0,0.0,559835.0,2109482.0,0.0,0.0
2025-10,AMERICAN EXPRESS BANKING CORPORATION,AMERICAN EXPRESS BANKING CORPORATION,Foreign,0.0,0.0,11239.0,0.0,0.0,0.0,1347687.0,0.0,1655235.0,18591319.0,4148806.0,42342927.0,0.0,0.0,0.0,0.0,0.0,0.0,0.0,0.0,0.0,0.0,0.0,0.0,0.0,0.0
2025-10,AU SMALL FINANCE BANK,AU SMALL FINANCE BANK LTD,Small finance,721.0,6.0,0.0,858.0,0.0,361903.0,950337.0,8930468.0,845872.0,5066098.0,2512572.0,6431201.0,77.0,47.0,2913.0,18255.0,163537.0,563663.0,150002.0,688358.0,159.0,2388.0,1330148.0,7237417.0,0.0,0.0
2025-10,AXIS BANK,AXIS BANK LTD,Private sector,6550.0,6233.0,2373258.0,0.0,530417.0,114639236.0,15504019.0,41717408.0,45161580.0,120983098.0,31056642.0,123086050.0,0.0,0.0,73799.0,427244.0,3778929.0,17683050.0,1676575.0,10463234.0,10388.0,271700.0,16218316.0,111916848.0,0.0,0.0
2025-10,BANDHAN BANK,BANDHAN BANK LTD,Private sector,416.0,5.0,71275.0,0.0,38701.0,0.0,6.0,6587003.0,2.0,0.0,9.0,2.0,0.0,0.0,0.0,0.0,183351.0,783801.0,54808.0,245797.0,0.0,0.0,1971716.0,11349739.0,11.0,7.0
2025-10,BANK OF AMERICA,BANK OF AMERICA,Foreign,0.0,0.0,0.0,0.0,0.0,0.0,0.0,0.0,0.0,0.0,0.0,0.0,0.0,0.0,0.0,0.0,0.0,0.0,0.0,0.0,0.0,0.0,0.0,0.0,0.0,0.0
2025-10,BANK OF BAHRAIN AND KUWAIT B S C,BANK OF BAHRAIN & KUWAIT B.S.C.,Foreign,0.0,0.0,0.0,0.0,0.0,0.0,0.0,1105.0,0.0,0.0,0.0,0.0,0.0,0.0,0.0,0.0,919.0,2673.0,7.0,5.0,0.0,0.0,1471.0,7481.0,0.0,0.0
2025-10,BANK OF BARODA,BANK OF BARODA,Public sector,8994.0,2485.0,55816.0,42317.0,25909.0,2896596.0,2992464.0,88587123.0,8661335.0,17861050.0,3580262.0,18436627.0,0.0,0.0,11372.0,61750.0,2819405.0,7703961.0,289522.0,2140504.0,14.0,35.0,22953575.0,120543772.0,2.0,1.0
2025-10,BANK OF INDIA,BANK OF INDIA,Public sector,5199.0,2497.0,18827.0,25038.0,0.0,1353550.0,89273.0,37693197.0,116818.0,568808.0,275126.0,558362.0,0.0,0.0,6905.0,37147.0,2006379.0,5220250.0,311329.0,843497.0,0.0,0.0,14595109.0,64661750.0,0.0,0.0
2025-10,BANK OF MAHARASHTRA,BANK OF MAHARASHTRA,Public sector,2334.0,249.0,193.0,5955.0,355014.0,954511.0,0.0,13981651.0,0.0,0.0,0.0,0.0,0.0,0.0,0.0,0.0,1044458.0,2930353.0,125097.0,388161.0,6211.0,65243.0,6142141.0,31722473.0,0.0,0.0
2025-10,BARCLAYS BANK,BARCLAYS BANK PLC,Foreign,0.0,0.0,0.0,0.0,1.0,0.0,0.0,505.0,0.0,0.0,0.0,0.0,0.0,0.0,0.0,0.0,35.0,290.0,0.0,0.0,0.0,0.0,580.0,5416.0,0.0,0.0
2025-10,CANARA BANK,CANARA BANK,Public sector,7400.0,3502.0,87955.0,11363.0,0.0,3996958.0,1065198.0,60760235.0,1131162.0,4859719.0,527584.0,3018595.0,0.0,0.0,87205.0,515939.0,5233829.0,17695492.0,775497.0,3730295.0,4676.0,91938.0,28731555.0,146925967.0,2.0,1.0
2025-10,CAPITAL SMALL FINANCE BANK,CAPITAL SMALL FINANCE BANK LTD,Small finance,200.0,2.0,0.0,0.0,0.0,0.0,0.0,231404.0,0.0,0.0,0.0,0.0,0.0,0.0,0.0,0.0,24256.0,85863.0,1789.0,11669.0,0.0,0.0,115615.0,686105.0,0.0,0.0
2025-10,CENTRAL BANK OF INDIA,CENTRAL BANK OF INDIA,Public sector,2950.0,1218.0,3237.0,2614.0,38138.0,2031740.0,0.0,29656837.0,0.0,0.0,0.0,0.0,0.0,0.0,0.0,0.0,1024361.0,3292403.0,199582.0,837092.0,0.0,0.0,7683485.0,38026641.0,23.0,425.0
2025-10,CITI BANK,CITI BANK,Foreign,0.0,0.0,0.0,0.0,0.0,0.0,256388.0,0.0,136799.0,929526.0,292139.0,3944912.0,0.0,0.0,489.0,3965.0,0.0,0.0,0.0,0.0,0.0,0.0,0.0,0.0,0.0,0.0
2025-10,CITY UNION BANK,CITY UNION BANK LTD.,Private sector,1251.0,448.0,7008.0,59438.0,0.0,68710.0,55517.0,3287944.0,61702.0,320657.0,24674.0,258286.0,0.0,0.0,338.0,1275.0,460592.0,1582120.0,35135.0,106953.0,0.0,0.0,2142118.0,13480849.0,0.0,0.0
2025-10,CSB BANK,CSB BANK LTD.,Private sector,776.0,37.0,0.0,0.0,19579.0,0.0,176011.0,959970.0,254952.0,729774.0,1968380.0,1854707.0,0.0,0.0,0.0,0.0,110054.0,293025.0,7453.0,40226.0,0.0,0.0,372158.0,2031618.0,0.0,0.0
2025-10,DBS BANK INDIA,DBS INDIA BANK LTD,Foreign,413.0,330.0,669.0,87.0,0.0,8828.0,408530.0,1625314.0,398694.0,1920130.0,269983.0,2291936.0,0.0,0.0,1552.0,5174.0,154050.0,478956.0,58897.0,217459.0,0.0,0.0,627168.0,3831615.0,0.0,0.0
2025-10,DCB BANK,DCB BANK LTD,Private sector,436.0,5.0,0.0,0.0,0.0,0.0,1176.0,1161005.0,1612.0,8909.0,1408.0,10546.0,0.0,0.0,56.0,361.0,78020.0,284539.0,54607.0,214473.0,176.0,5061.0,229504.0,1539240.0,0.0,0.0
2025-10,DEUTSCHE BANK,DEUTSCHE BANK LTD,Foreign,12.0,3.0,0.0,0.0,0.0,292.0,0.0,99705.0,0.0,0.0,0.0,0.0,0.0,0.0,0.0,0.0,21142.0,88403.0,14855.0,54317.0,0.0,0.0,25649.0,166726.0,0.0,0.0
2025-10,DHANALAXMI BANK,DHANALAXMI BANK LTD,Private sector,243.0,38.0,1594.0,0.0,0.0,41551.0,14539.0,608848.0,27917.0,73097.0,7912.0,34178.0,0.0,0.0,327.0,1119.0,111027.0,249276.0,3557.0,10474.0,0.0,0.0,382392.0,1756816.0,0.0,0.0
2025-10,DOHA BANK Q P S C,DOHA BANK Q.P.S.C.,Foreign,2.0,0.0,0.0,0.0,0.0,0.0,0.0,23279.0,0.0,0.0,0.0,0.0,0.0,0.0,0.0,0.0,581.0,2162.0,148.0,646.0,0.0,0.0,1637.0,10503.0,0.0,0.0
2025-10,EQUITAS SMALL FINANCE BANK,EQUITAS SMALL FINANCE BANK LTD,Small finance,382.0,4.0,2601.0,340.0,61439.0,0.0,5090.0,1251261.0,29863.0,84502.0,3976.0,42641.0,0.0,0.0,174.0,1166.0,86058.0,271269.0,15255.0,82089.0,0.0,0.0,1906227.0,5525664.0,0.0,0.0
2025-10,ESAF SMALL FINANCE BANK,ESAF SMALL FINANCE BANK LTD,Small finance,717.0,2.0,0.0,5110.0,0.0,0.0,4270.0,5765549.0,3379.0,8419.0,30139.0,24751.0,0.0,0.0,22.0,59.0,116946.0,266325.0,8504.0,34973.0,0.0,0.0,729088.0,3773208.0,0.0,0.0
2025-10,FEDERAL BANK,FEDERAL BANK LTD,Private sector,1798.0,289.0,24074.0,0.0,0.0,6153509.0,1713834.0,14687490.0,3546734.0,9751232.0,2000792.0,11287807.0,0.0,0.0,5718.0,27446.0,2194167.0,6909834.0,996621.0,4170253.0,3176.0,45214.0,6861047.0,37485873.0,0.0,0.0
2025-10,FINO PAYMENTS BANK,FINO PAYMENTS BANK,Payments bank,0.0,0.0,0.0,465034.0,0.0,10832.0,0.0,10620584.0,0.0,0.0,0.0,0.0,0.0,0.0,0.0,0.0,117196.0,207541.0,1484.0,3692.0,0.0,0.0,2171807.0,7481209.0,0.0,0.0
2025-10,HDFC BANK,HDFC BANK LTD,Private sector,12954.0,8475.0,1779617.0,1995.0,2276262.0,1026115.0,25429466.0,61808647.0,97990981.0,271985609.0,40754562.0,347568504.0,0.0,0.0,170910.0,1192618.0,8387407.0,45239403.0,5843086.0,34693433.0,43118.0,837959.0,32612269.0,237116796.0,27.0,29.0
2025-10,HSBC,HSBC LTD,Foreign,46.0,25.0,0.0,0.0,0.0,0.0,954431.0,869930.0,1187231.0,5623506.0,2398269.0,11057601.0,0.0,0.0,3006.0,21407.0,293328.0,1831817.0,0.0,0.0,0.0,0.0,258473.0,1668479.0,0.0,0.0
2025-10,ICICI BANK,ICICI BANK LTD,Private sector,8628.0,2607.0,2254141.0,6225.0,605424.0,3872028.0,18476537.0,31688980.0,18695338.0,129011187.0,70952596.0,266526452.0,114.0,10275.0,58895.0,324220.0,4582474.0,28638506.0,2839131.0,18767723.0,4046.0,86231.0,13058400.0,105219190.0,0.0,0.0
2025-10,IDBI BANK,IDBI BANK LTD,Private sector,2352.0,639.0,13830.0,1687.0,0.0,407303.0,45542.0,11812198.0,86385.0,458808.0,75963.0,339175.0,0.0,0.0,493.0,3074.0,923988.0,2688320.0,159807.0,558869.0,0.0,0.0,4464883.0,24579867.0,165.0,48.0
2025-10,IDFC FIRST BANK,IDFC FIRST BANK LTD,Private sector,762.0,209.0,38801.0,7281.0,0.0,207503.0,4141804.0,6793406.0,15115613.0,28584376.0,2883464.0,21182684.0,0.0,0.0,22833.0,118887.0,581690.0,2855409.0,334965.0,2738980.0,0.0,0.0,3084162.0,18627843.0,0.0,0.0
2025-10,INDIA POST PAYMENTS BANK,INDIA POST PAYMENTS BANK,Payments bank,0.0,0.0,0.0,194270.0,0.0,2941846.0,0.0,29582151.0,0.0,0.0,0.0,0.0,0.0,0.0,0.0,0.0,0.0,0.0,70874.0,57310.0,0.0,0.0,0.0,0.0,0.0,0.0
2025-10,INDIAN BANK,INDIAN BANK,Public sector,4936.0,642.0,21796.0,15742.0,0.0,2604386.0,271950.0,34706717.0,191841.0,976943.0,137379.0,1034054.0,0.0,0.0,3787.0,30899.0,2802691.0,8172446.0,378301.0,1060644.0,137.0,438.0,18542762.0,96787092.0,5.0,4.0
2025-10,INDIAN OVERSEAS BANK,INDIAN OVERSEAS BANK,Public sector,2865.0,729.0,0.0,11527.0,0.0,510676.0,105681.0,20396874.0,307883.0,662747.0,54402.0,180767.0,0.0,0.0,5079.0,26630.0,2167013.0,5744448.0,214924.0,641372.0,0.0,0.0,11510620.0,54407710.0,0.0,0.0
2025-10,INDUSIND BANK,INDUSIND BANK LTD,Private sector,2059.0,1003.0,127876.0,0.0,12214.0,6700485.0,3178907.0,11518072.0,4180216.0,26891561.0,9350976.0,26980281.0,0.0,0.0,20710.0,114719.0,561821.0,2110778.0,463809.0,2637844.0,827.0,69506.0,3860718.0,21488015.0,0.0,0.0
2025-10,JAMMU AND KASHMIR BANK,JAMMU AND KASHMIR BANK LTD,Private sector,955.0,638.0,14072.0,1319.0,0.0,645682.0,139778.0,5172912.0,185724.0,1827657.0,98694.0,421904.0,0.0,0.0,11048.0,54584.0,638016.0,1845115.0,450350.0,483918.0,0.0,0.0,4872397.0,28488760.0,0.0,0.0
2025-10,JANA SMALL FINANCE BANK,JANA SMALL FINANCE BANK LTD,Small finance,57.0,5.0,0.0,173.0,0.0,513882.0,0.0,4162511.0,0.0,0.0,0.0,0.0,0.0,0.0,0.0,0.0,41625.0,109538.0,6644.0,25884.0,0.0,0.0,512566.0,1778661.0,0.0,0.0
2025-10,JIO PAYMENTS BANK,JIO PAYMENTS BANK,Payments bank,0.0,0.0,0.0,0.0,0.0,146881.0,0.0,1364364.0,0.0,0.0,0.0,0.0,0.0,0.0,0.0,0.0,15491.0,38311.0,32863.0,246729.0,2318.0,1446.0,152695.0,896988.0,0.0,0.0
2025-10,KARNATAKA BANK,KARNATAKA BANK LTD,Private sector,958.0,515.0,8711.0,0.0,0.0,138019.0,0.0,5657194.0,0.0,0.0,0.0,0.0,0.0,0.0,0.0,0.0,616983.0,1467963.0,45004.0,148822.0,0.0,0.0,3321449.0,16959787.0,0.0,0.0
2025-10,KARUR VYSYA BANK,KARUR VYSYA BANK LTD,Private sector,1573.0,643.0,60.0,0.0,0.0,46635.0,9900.0,5524689.0,23885.0,173436.0,8105.0,121904.0,0.0,0.0,380.0,2930.0,837820.0,2403520.0,111086.0,527293.0,0.0,0.0,3684142.0,20052809.0,0.0,0.0
2025-10,KEB HANA BANK,KEB HANA BANK,Foreign,1.0,0.0,0.0,0.0,0.0,0.0,0.0,1799.0,0.0,0.0,0.0,0.0,0.0,0.0,0.0,0.0,1038.0,3701.0,70.0,312.0,0.0,0.0,188.0,1260.0,0.0,0.0
2025-10,KOOKMIN BANK,KOOKMIN BANK,Foreign,0.0,0.0,0.0,0.0,0.0,0.0,0.0,584.0,0.0,0.0,0.0,0.0,0.0,0.0,0.0,0.0,302.0,948.0,105.0,237.0,0.0,0.0,53.0,323.0,0.0,0.0
2025-10,KOTAK MAHINDRA BANK,KOTAK MAHINDRA BANK LTD,Private sector,1996.0,757.0,80970.0,0.0,167867.0,721514.0,4554468.0,35464466.0,13746666.0,29499278.0,4064205.0,35660301.0,0.0,0.0,26546.0,137973.0,1723926.0,6000051.0,1604300.0,5616999.0,0.0,0.0,9356974.0,52341768.0,0.0,0.0
2025-10,NAINITAL BANK,NAINITAL BANK LTD,Private sector,0.0,0.0,0.0,0.0,0.0,0.0,0.0,321669.0,0.0,0.0,0.0,0.0,0.0,0.0,0.0,0.0,11453.0,27966.0,3041.0,11543.0,0.0,0.0,64067.0,333901.0,0.0,0.0
2025-10,NSDL PAYMENTS BANK,NSDL PAYMENTS BANK,Payments bank,0.0,0.0,0.0,304718.0,0.0,0.0,0.0,2386959.0,0.0,0.0,0.0,0.0,0.0,0.0,0.0,0.0,19012.0,34262.0,13392.0,35944.0,0.0,0.0,524824.0,1511070.0,0.0,0.0
2025-10,PAYTM PAYMENTS BANK,PAYTM PAYMENTS BANK,Payments bank,0.0,0.0,0.0,0.0,0.0,0.0,0.0,30581720.0,0.0,0.0,0.0,0.0,0.0,0.0,0.0,0.0,45.0,9.0,159.0,10.0,0.0,0.0,27.0,96.0,0.0,0.0
2025-10,PUNJAB AND SIND BANK,PUNJAB AND SIND BANK,Public sector,1049.0,35.0,1136.0,1885.0,1296.0,206998.0,0.0,3457250.0,0.0,0.0,0.0,0.0,0.0,0.0,0.0,0.0,48646.0,167895.0,195103.0,564747.0,0.0,0.0,1285569.0,6561345.0,0.0,0.0
2025-10,PUNJAB NATIONAL BANK,PUNJAB NATIONAL BANK,Public sector,7285.0,3864.0,24323.0,0.0,352303.0,1375107.0,667506.0,41548379.0,372139.0,1863478.0,304179.0,1728415.0,3.0,261.0,6110.0,20979.0,3544635.0,10949664.0,776763.0,2188789.0,0.0,0.0,23117753.0,122100213.0,0.0,0.0
2025-10,RBL BANK,RBL BANK LTD,Private sector,379.0,37.0,3415924.0,0.0,1595.0,52709.0,4565378.0,1654240.0,4783520.0,28347596.0,6179738.0,46366536.0,0.0,0.0,34340.0,181435.0,114724.0,447210.0,67024.0,448771.0,57.0,1383.0,412794.0,2381334.0,0.0,0.0
2025-10,SBM BANK INDIA,SBM BANK INDIA LTD,Foreign,0.0,0.0,0.0,0.0,0.0,104.0,774149.0,846393.0,146492.0,210400.0,338302.0,431531.0,0.0,0.0,1431.0,3879.0,8418.0,31550.0,8821.0,40428.0,0.0,0.0,29108.0,95089.0,0.0,0.0
2025-10,SHIVALIK SMALL FINANCE BANK,SHIVALIK SMALL FINANCE BANK LTD,Small finance,0.0,0.0,0.0,0.0,0.0,0.0,0.0,36766.0,0.0,0.0,0.0,0.0,0.0,0.0,0.0,0.0,1967.0,6790.0,465.0,1813.0,0.0,0.0,16763.0,95159.0,0.0,0.0
2025-10,SLICE SMALL FINANCE BANK,SLICE SMALL FINANCE BANK LTD,Small finance,3.0,0.0,0.0,0.0,0.0,0.0,26257.0,2775729.0,297157.0,202339.0,66244.0,166432.0,0.0,0.0,0.0,0.0,6738.0,16085.0,18155.0,88144.0,0.0,0.0,58442.0,291904.0,3161.0,11263.0
2025-10,SOUTH INDIAN BANK,SOUTH INDIAN BANK,Private sector,910.0,359.0,13616.0,0.0,34823.0,109685.0,358922.0,4088777.0,506890.0,2304477.0,596957.0,3786480.0,0.0,0.0,0.0,0.0,775180.0,2433542.0,146089.0,834959.0,0.0,0.0,2471434.0,13263727.0,0.0,0.0
2025-10,STANDARD CHARTERED BANK,STANDARD CHARTERED BANK LTD,Foreign,100.0,37.0,0.0,0.0,0.0,0.0,737801.0,851298.0,818330.0,3485237.0,943290.0,5074861.0,0.0,0.0,1467.0,10013.0,215991.0,1062972.0,112658.0,495186.0,21.0,318.0,424217.0,2558019.0,0.0,0.0
2025-10,STATE BANK OF INDIA,STATE BANK OF INDIA,Public sector,28709.0,34150.0,1688214.0,52534.0,1027992.0,5698385.0,21629678.0,247475023.0,26852945.0,143837532.0,66029871.0,256151391.0,0.0,0.0,133423.0,596903.0,27731738.0,83476471.0,6641421.0,27328114.0,632.0,9316.0,153285375.0,855373067.0,9115.0,8146.0
2025-10,SURYODAY SMALL FINANCE BANK,SURYODAY SMALL FINANCE BANK LTD,Small finance,0.0,0.0,0.0,67.0,0.0,0.0,11057.0,913377.0,2437.0,9959.0,7479.0,20201.0,0.0,0.0,19.0,111.0,7388.0,16430.0,1351.0,8089.0,0.0,0.0,71897.0,331455.0,0.0,0.0
2025-10,TAMILNAD MERCANTILE BANK,TAMILNAD MERCANTILE BANK LTD,Private sector,505.0,648.0,2081.0,0.0,0.0,195378.0,18927.0,2556579.0,41070.0,197745.0,14649.0,96370.0,0.0,0.0,1870.0,7158.0,297705.0,1268879.0,23598.0,136213.0,70.0,232.0,4172150.0,22335505.0,0.0,0.0
2025-10,UCO BANK,UCO BANK,Public sector,2381.0,216.0,10700.0,3568.0,148.0,1422575.0,0.0,13576636.0,0.0,0.0,0.0,0.0,0.0,0.0,0.0,0.0,797828.0,2643938.0,219455.0,608480.0,737.0,15745.0,6274468.0,31246392.0,46.0,27.0
2025-10,UJJIVAN SMALL FINANCE BANK,UJJIVAN SMALL FINANCE BANK LTD,Small finance,609.0,4.0,0.0,0.0,0.0,557798.0,0.0,6404201.0,0.0,0.0,0.0,0.0,0.0,0.0,0.0,0.0,123553.0,321973.0,20761.0,102348.0,0.0,0.0,2810315.0,11284357.0,0.0,0.0
2025-10,UNION BANK OF INDIA,UNION BANK OF INDIA,Public sector,7864.0,1198.0,54224.0,8087.0,382947.0,292376.0,469972.0,57420267.0,508263.0,2411251.0,1824307.0,3301742.0,0.0,0.0,7853.0,36458.0,3826596.0,10577539.0,933949.0,2657714.0,2126.0,8775.0,41559292.0,128388927.0,20.0,4.0
2025-10,UNITY SMALL FINANCE BANK,UNITY SMALL FINANCE BANK LTD,Small finance,182.0,0.0,0.0,0.0,0.0,0.0,75801.0,110422.0,22052.0,75135.0,58877.0,191180.0,0.0,0.0,522.0,1757.0,8778.0,26770.0,1038.0,6037.0,0.0,0.0,39769.0,200692.0,0.0,0.0
2025-10,UTKARSH SMALL FINANCE BANK,UTKARSH SMALL FINANCE BANK LTD,Small finance,345.0,7.0,0.0,783.0,0.0,41277.0,219546.0,1589431.0,15101.0,23449.0,62614.0,65763.0,2075227.0,526386.0,510.0,575.0,18210.0,70616.0,3696.0,26799.0,0.0,0.0,155720.0,987052.0,0.0,0.0
2025-10,WOORI BANK,WOORI BANK,Foreign,0.0,0.0,0.0,0.0,0.0,0.0,0.0,1448.0,0.0,0.0,0.0,0.0,0.0,0.0,0.0,0.0,1510.0,6308.0,762.0,2437.0,0.0,0.0,59.0,459.0,0.0,0.0
2025-10,YES BANK,YES BANK LTD,Private sector,1197.0,128.0,100403.0,77565.0,115638.0,553298215.0,2685768.0,5365409.0,12829722.0,23149916.0,1367065.0,16118024.0,0.0,0.0,9543.0,50681.0,417067.0,1650530.0,113131.0,765192.0,68.0,558.0,1814409.0,11183024.0,0.0,0.0
2025-11,AIRTEL PAYMENTS BANK,AIRTEL PAYMENTS BANK,Payments bank,0.0,0.0,0.0,157941.0,0.0,1200890.0,0.0,8852715.0,0.0,0.0,0.0,0.0,0.0,0.0,0.0,0.0,1187250.0,58298.0,25581.0,30699.0,0.0,0.0,565000.0,2117735.0,0.0,0.0
2025-11,AMERICAN EXPRESS BANKING CORPORATION,AMERICAN EXPRESS BANKING CORPORATION,Foreign,0.0,0.0,11239.0,0.0,0.0,0.0,1343121.0,0.0,1718626.0,16824353.0,4247939.0,39690426.0,0.0,0.0,0.0,0.0,0.0,0.0,0.0,0.0,0.0,0.0,0.0,0.0,0.0,0.0
2025-11,AU SMALL FINANCE BANK,AU SMALL FINANCE BANK LTD,Small finance,727.0,6.0,0.0,859.0,0.0,366613.0,947078.0,9049785.0,768898.0,4153162.0,2520079.0,5740695.0,28.0,16.0,2888.0,18411.0,151985.0,458568.0,135457.0,635682.0,151.0,2272.0,1233983.0,6688327.0,0.0,0.0
2025-11,AXIS BANK,AXIS BANK LTD,Private sector,6609.0,6172.0,2398407.0,0.0,515307.0,116758715.0,15570286.0,41738703.0,44513421.0,99313065.0,26590432.0,105950881.0,0.0,0.0,69533.0,395257.0,3451494.0,13203752.0,1542276.0,9837026.0,9849.0,256660.0,15031457.0,104192026.0,0.0,0.0
2025-11,BANDHAN BANK,BANDHAN BANK LTD,Private sector,416.0,5.0,71630.0,0.0,40348.0,0.0,6.0,6615246.0,1.0,4.0,7.0,7.0,43.0,12.0,0.0,0.0,175492.0,624953.0,42308.0,211168.0,0.0,0.0,1955927.0,11244614.0,11.0,8.0
2025-11,BANK OF AMERICA,BANK OF AMERICA,Foreign,0.0,0.0,0.0,0.0,0.0,0.0,0.0,0.0,0.0,0.0,0.0,0.0,0.0,0.0,0.0,0.0,0.0,0.0,0.0,0.0,0.0,0.0,0.0,0.0,0.0,0.0
2025-11,BANK OF BAHRAIN AND KUWAIT B S C,BANK OF BAHRAIN & KUWAIT B.S.C.,Foreign,0.0,0.0,0.0,0.0,0.0,0.0,0.0,1123.0,0.0,0.0,0.0,0.0,0.0,0.0,0.0,0.0,678.0,2434.0,24.0,18.0,0.0,0.0,1090.0,5715.0,0.0,0.0
2025-11,BANK OF BARODA,BANK OF BARODA,Public sector,9040.0,2498.0,54887.0,42137.0,26224.0,2983462.0,3017590.0,88552687.0,8625511.0,16207345.0,3520747.0,17174117.0,0.0,0.0,10707.0,58572.0,2594375.0,6356496.0,287268.0,1965863.0,16.0,36.0,21474513.0,110674731.0,1.0,1.0
2025-11,BANK OF INDIA,BANK OF INDIA,Public sector,5201.0,2495.0,18883.0,25091.0,0.0,1374841.0,91099.0,37628970.0,106631.0,568808.0,294039.0,550946.0,0.0,0.0,7197.0,39092.0,1846063.0,4223741.0,293701.0,785719.0,0.0,0.0,13817627.0,60236399.0,0.0,0.0
2025-11,BANK OF MAHARASHTRA,BANK OF MAHARASHTRA,Public sector,2342.0,248.0,290.0,6009.0,355014.0,957020.0,0.0,14022809.0,0.0,0.0,0.0,0.0,0.0,0.0,0.0,0.0,921705.0,2115045.0,117247.0,406078.0,5900.0,62158.0,5664492.0,28729737.0,0.0,0.0
2025-11,BARCLAYS BANK,BARCLAYS BANK PLC,Foreign,0.0,0.0,0.0,0.0,1.0,0.0,0.0,516.0,0.0,0.0,0.0,0.0,0.0,0.0,0.0,0.0,57.0,394.0,0.0,0.0,0.0,0.0,486.0,4480.0,0.0,0.0
2025-11,CANARA BANK,CANARA BANK,Public sector,7454.0,3406.0,87785.0,11667.0,0.0,3648379.0,1079664.0,60710315.0,1051271.0,4356023.0,502582.0,2953496.0,0.0,0.0,83995.0,494105.0,4788659.0,13695079.0,741272.0,3467690.0,4333.0,83314.0,27536106.0,138943861.0,3.0,1.0
2025-11,CAPITAL SMALL FINANCE BANK,CAPITAL SMALL FINANCE BANK LTD,Small finance,200.0,2.0,0.0,0.0,0.0,0.0,0.0,231243.0,0.0,0.0,0.0,0.0,0.0,0.0,0.0,0.0,23416.0,81764.0,1775.0,11915.0,0.0,0.0,110652.0,680935.0,0.0,0.0
2025-11,CENTRAL BANK OF INDIA,CENTRAL BANK OF INDIA,Public sector,2953.0,1223.0,3314.0,2676.0,38138.0,1922298.0,0.0,29851001.0,0.0,0.0,0.0,0.0,0.0,0.0,0.0,0.0,974376.0,2751559.0,157322.0,597026.0,0.0,0.0,7218659.0,35291597.0,29.0,415.0
2025-11,CITI BANK,CITI BANK,Foreign,0.0,0.0,0.0,0.0,0.0,0.0,261063.0,0.0,175037.0,1337208.0,339598.0,3947896.0,0.0,0.0,494.0,4025.0,0.0,0.0,0.0,0.0,0.0,0.0,0.0,0.0,0.0,0.0
2025-11,CITY UNION BANK,CITY UNION BANK LTD.,Private sector,1255.0,429.0,6992.0,44774.0,0.0,70247.0,54961.0,3310843.0,51460.0,262689.0,24485.0,278946.0,0.0,0.0,223.0,1327.0,380303.0,1122524.0,34131.0,99885.0,0.0,0.0,2017619.0,12307408.0,0.0,0.0
2025-11,CSB BANK,CSB BANK LTD.,Private sector,778.0,37.0,0.0,0.0,19872.0,0.0,180705.0,966016.0,245171.0,660394.0,1985226.0,1774593.0,0.0,0.0,0.0,0.0,102437.0,270216.0,6938.0,43124.0,0.0,0.0,361465.0,1949597.0,0.0,0.0
2025-11,DBS BANK INDIA,DBS INDIA BANK LTD,Foreign,413.0,325.0,674.0,87.0,0.0,8910.0,399961.0,1626470.0,358528.0,1654611.0,255778.0,2171773.0,0.0,0.0,1352.0,4088.0,133241.0,373850.0,57917.0,215892.0,0.0,0.0,591680.0,3551572.0,0.0,0.0
2025-11,DCB BANK,DCB BANK LTD,Private sector,437.0,5.0,0.0,0.0,0.0,0.0,4135.0,1200055.0,2273.0,9062.0,2697.0,12694.0,0.0,0.0,58.0,395.0,72180.0,237055.0,51217.0,203236.0,176.0,4911.0,220669.0,1479733.0,0.0,0.0
2025-11,DEUTSCHE BANK,DEUTSCHE BANK LTD,Foreign,12.0,3.0,0.0,0.0,0.0,291.0,0.0,99466.0,0.0,0.0,0.0,0.0,0.0,0.0,0.0,0.0,18565.0,69838.0,14803.0,52908.0,0.0,0.0,22335.0,144018.0,0.0,0.0
2025-11,DHANALAXMI BANK,DHANALAXMI BANK LTD,Private sector,243.0,39.0,1624.0,0.0,0.0,41737.0,14680.0,614682.0,26511.0,67172.0,7573.0,33157.0,0.0,0.0,297.0,967.0,106396.0,230809.0,3357.0,8675.0,0.0,0.0,385065.0,1749027.0,0.0,0.0
2025-11,DOHA BANK Q P S C,DOHA BANK Q.P.S.C.,Foreign,2.0,0.0,0.0,0.0,0.0,0.0,0.0,23410.0,0.0,0.0,0.0,0.0,0.0,0.0,0.0,0.0,487.0,1924.0,138.0,490.0,0.0,0.0,1316.0,7959.0,0.0,0.0
2025-11,EQUITAS SMALL FINANCE BANK,EQUITAS SMALL FINANCE BANK LTD,Small finance,386.0,4.0,2677.0,349.0,61534.0,0.0,6454.0,1213286.0,39406.0,92862.0,4361.0,53182.0,0.0,0.0,184.0,1228.0,74898.0,195172.0,14823.0,85438.0,0.0,0.0,1747807.0,5087809.0,0.0,0.0
2025-11,ESAF SMALL FINANCE BANK,ESAF SMALL FINANCE BANK LTD,Small finance,718.0,2.0,0.0,5215.0,0.0,0.0,5812.0,5662343.0,3566.0,8655.0,34017.0,26645.0,0.0,0.0,18.0,42.0,112382.0,247948.0,7950.0,35125.0,0.0,0.0,724119.0,3765073.0,0.0,0.0
2025-11,FEDERAL BANK,FEDERAL BANK LTD,Private sector,1803.0,285.0,24812.0,300.0,0.0,6212469.0,1835091.0,14738818.0,3566850.0,8873279.0,4138889.0,12627546.0,0.0,0.0,5522.0,26444.0,2084722.0,6155472.0,933696.0,3859567.0,2924.0,42733.0,6684432.0,36182552.0,0.0,0.0
2025-11,FINO PAYMENTS BANK,FINO PAYMENTS BANK,Payments bank,0.0,0.0,0.0,466703.0,0.0,10660.0,0.0,10697383.0,0.0,0.0,0.0,0.0,0.0,0.0,0.0,0.0,105522.0,209423.0,1683.0,4570.0,0.0,0.0,1947053.0,6653266.0,0.0,0.0
2025-11,HDFC BANK,HDFC BANK LTD,Private sector,12986.0,8176.0,1779284.0,1949.0,2180595.0,1049680.5,25638326.0,61967795.0,95978157.0,232927959.0,37944504.0,322594752.0,0.0,0.0,159693.0,1107665.0,7631324.0,33601401.0,5573944.0,31808679.0,41780.0,854780.0,29932285.0,217382046.0,18.0,18.0
2025-11,HSBC,HSBC LTD,Foreign,47.0,25.0,0.0,0.0,0.0,0.0,964475.0,878066.0,1113119.0,4811744.0,2514300.0,10838112.0,0.0,0.0,2697.0,18200.0,273080.0,1569636.0,0.0,0.0,0.0,0.0,239880.0,1542418.0,0.0,0.0
2025-11,ICICI BANK,ICICI BANK LTD,Private sector,9184.0,2610.0,2263828.0,6218.0,605779.0,3888325.0,18583024.0,31802615.0,17183484.0,106676760.0,69791667.0,234917701.0,112.0,9861.0,54219.0,297722.0,4155395.0,20746567.0,2695454.0,16966525.0,4042.0,91722.0,11683095.0,94313074.0,0.0,0.0
2025-11,IDBI BANK,IDBI BANK LTD,Private sector,2376.0,624.0,13761.0,1895.0,0.0,431614.0,45700.0,11753311.0,74275.0,358797.0,70859.0,313433.0,0.0,0.0,526.0,3069.0,824874.0,2111379.0,150725.0,502342.0,0.0,0.0,4117447.0,22346733.0,105.0,37.0
2025-11,IDFC FIRST BANK,IDFC FIRST BANK LTD,Private sector,771.0,209.0,38242.0,7308.0,0.0,217956.0,4221971.0,6779767.0,15103318.0,24495560.0,2738581.0,19822314.0,0.0,0.0,21090.0,107972.0,545175.0,2186034.0,425673.0,2466971.0,0.0,0.0,2851072.0,17223658.0,0.0,0.0
2025-11,INDIA POST PAYMENTS BANK,INDIA POST PAYMENTS BANK,Payments bank,0.0,0.0,0.0,191397.0,0.0,3015423.0,0.0,30371748.0,0.0,0.0,0.0,0.0,0.0,0.0,0.0,0.0,0.0,0.0,87438.0,92246.0,0.0,0.0,0.0,0.0,0.0,0.0
2025-11,INDIAN BANK,INDIAN BANK,Public sector,4957.0,643.0,23534.0,15931.0,0.0,2686272.0,270742.0,35139646.0,174193.0,820127.0,131793.0,948241.0,0.0,0.0,3811.0,31676.0,2404303.0,5989317.0,349426.0,943769.0,113.0,347.0,17301927.0,88155333.0,5.0,6.0
2025-11,INDIAN OVERSEAS BANK,INDIAN OVERSEAS BANK,Public sector,2879.0,731.0,0.0,11650.0,0.0,537772.0,114961.0,20696743.0,309568.0,623179.0,51402.0,177104.0,0.0,0.0,5368.0,27815.0,1920502.0,4442096.0,202018.0,576731.0,0.0,0.0,11102777.0,51106958.0,0.0,0.0
2025-11,INDUSIND BANK,INDUSIND BANK LTD,Private sector,2061.0,999.0,127594.0,0.0,12203.0,6753619.0,3140333.0,11697005.0,3957321.0,24980316.0,8970738.0,26530890.0,0.0,0.0,19607.0,106846.0,510697.0,1691213.0,393728.0,2194033.0,886.0,83632.0,3744673.0,19537812.0,0.0,0.0
2025-11,JAMMU AND KASHMIR BANK,JAMMU AND KASHMIR BANK LTD,Private sector,959.0,640.0,14084.0,1314.0,0.0,655494.0,133417.0,5187442.0,171382.0,1631129.0,90772.0,375302.0,0.0,0.0,9470.0,46498.0,594465.0,1568890.0,419162.0,406175.0,0.0,0.0,4528651.0,26146978.0,0.0,0.0
2025-11,JANA SMALL FINANCE BANK,JANA SMALL FINANCE BANK LTD,Small finance,57.0,5.0,0.0,173.0,0.0,514578.0,0.0,4218106.0,0.0,0.0,0.0,0.0,0.0,0.0,0.0,0.0,35276.0,83509.0,5935.0,17792.0,0.0,0.0,537606.0,1929505.0,0.0,0.0
2025-11,JIO PAYMENTS BANK,JIO PAYMENTS BANK,Payments bank,0.0,0.0,0.0,0.0,0.0,153654.0,0.0,1410728.0,0.0,0.0,0.0,0.0,0.0,0.0,0.0,0.0,15549.0,44488.0,38185.0,346126.0,2455.0,1566.0,157614.0,927268.0,0.0,0.0
2025-11,KARNATAKA BANK,KARNATAKA BANK LTD,Private sector,959.0,509.0,8801.0,0.0,0.0,139088.0,0.0,5614535.0,0.0,0.0,0.0,0.0,0.0,0.0,0.0,0.0,565543.0,1185036.0,47462.0,141565.0,0.0,0.0,3148862.0,16111652.0,0.0,0.0
2025-11,KARUR VYSYA BANK,KARUR VYSYA BANK LTD,Private sector,1577.0,629.0,509.0,0.0,0.0,46882.0,9780.0,5486402.0,20995.0,149997.0,8325.0,121238.0,0.0,0.0,490.0,3946.0,702434.0,1854044.0,102278.0,496268.0,0.0,0.0,3479825.0,18640909.0,0.0,0.0
2025-11,KEB HANA BANK,KEB HANA BANK,Foreign,1.0,0.0,0.0,0.0,0.0,0.0,0.0,1816.0,0.0,0.0,0.0,0.0,0.0,0.0,0.0,0.0,719.0,2535.0,72.0,251.0,0.0,0.0,204.0,1427.0,0.0,0.0
2025-11,KOOKMIN BANK,KOOKMIN BANK,Foreign,0.0,0.0,0.0,0.0,0.0,0.0,0.0,593.0,0.0,0.0,0.0,0.0,0.0,0.0,0.0,0.0,296.0,727.0,118.0,284.0,0.0,0.0,63.0,402.0,0.0,0.0
2025-11,KOTAK MAHINDRA BANK,KOTAK MAHINDRA BANK LTD,Private sector,1998.0,743.0,82051.0,0.0,168035.0,801031.0,4579674.0,35844227.0,13594203.0,26186780.0,3832256.0,32632239.0,0.0,0.0,25903.0,136094.0,1617273.0,4661102.0,1568153.0,5404564.0,0.0,0.0,8782108.0,48816765.0,0.0,0.0
2025-11,NAINITAL BANK,NAINITAL BANK LTD,Private sector,0.0,0.0,0.0,0.0,0.0,0.0,0.0,325814.0,0.0,0.0,0.0,0.0,0.0,0.0,0.0,0.0,10664.0,22945.0,3178.0,9666.0,0.0,0.0,55997.0,291754.0,0.0,0.0
2025-11,NSDL PAYMENTS BANK,NSDL PAYMENTS BANK,Payments bank,0.0,0.0,0.0,281317.0,0.0,0.0,0.0,2550143.0,0.0,0.0,0.0,0.0,0.0,0.0,0.0,0.0,17123.0,31385.0,13248.0,35768.0,0.0,0.0,470768.0,1363916.0,0.0,0.0
2025-11,PAYTM PAYMENTS BANK,PAYTM PAYMENTS BANK,Payments bank,0.0,0.0,0.0,0.0,0.0,0.0,0.0,30580792.0,0.0,0.0,0.0,0.0,0.0,0.0,0.0,0.0,68.0,22.0,178.0,19.0,0.0,0.0,38.0,131.0,0.0,0.0
2025-11,PUNJAB AND SIND BANK,PUNJAB AND SIND BANK,Public sector,1075.0,38.0,1151.0,1955.0,1311.0,213446.0,0.0,3500259.0,0.0,0.0,0.0,0.0,0.0,0.0,0.0,0.0,41976.0,133721.0,177943.0,474004.0,0.0,0.0,1177297.0,6114516.0,0.0,0.0
2025-11,PUNJAB NATIONAL BANK,PUNJAB NATIONAL BANK,Public sector,7310.0,3843.0,23724.0,0.0,353672.0,1405898.0,681117.0,40865303.0,350410.0,1662440.0,290401.0,1577957.0,4.0,283.0,5946.0,20519.0,3297792.0,9032985.0,713298.0,1916655.0,0.0,0.0,21545339.0,113543168.0,0.0,0.0
2025-11,RBL BANK,RBL BANK LTD,Private sector,379.0,36.0,2268381.0,0.0,1685.0,52997.0,4576052.0,1653655.0,4393407.0,24602343.0,5990730.0,43261126.0,0.0,0.0,32551.0,170119.0,108189.0,373497.0,65588.0,459409.0,71.0,6694.0,378415.0,2170390.0,0.0,0.0
2025-11,SBM BANK INDIA,SBM BANK INDIA LTD,Foreign,0.0,0.0,0.0,0.0,0.0,108.0,792243.0,849295.0,140367.0,198953.0,333942.0,430129.0,0.0,0.0,1435.0,3959.0,7830.0,27073.0,8819.0,36173.0,0.0,0.0,28606.0,93656.0,0.0,0.0
2025-11,SHIVALIK SMALL FINANCE BANK,SHIVALIK SMALL FINANCE BANK LTD,Small finance,0.0,0.0,0.0,0.0,0.0,0.0,0.0,36891.0,0.0,0.0,0.0,0.0,0.0,0.0,0.0,0.0,1478.0,4751.0,637.0,2906.0,0.0,0.0,14304.0,80544.0,0.0,0.0
2025-11,SLICE SMALL FINANCE BANK,SLICE SMALL FINANCE BANK LTD,Small finance,3.0,0.0,0.0,0.0,0.0,3935.0,45928.0,3160212.0,613957.0,426214.0,134469.0,242962.0,0.0,0.0,0.0,0.0,7589.0,19014.0,19784.0,95252.0,0.0,0.0,60090.0,310866.0,2934.0,10905.0
2025-11,SOUTH INDIAN BANK,SOUTH INDIAN BANK,Private sector,910.0,359.0,14030.0,0.0,34232.0,110465.0,356467.0,4110545.0,466983.0,1968860.0,575684.0,3447552.0,0.0,0.0,0.0,0.0,730186.0,2125418.0,135944.0,778373.0,0.0,0.0,2431524.0,12856132.0,0.0,0.0
2025-11,STANDARD CHARTERED BANK,STANDARD CHARTERED BANK LTD,Foreign,100.0,36.0,0.0,0.0,0.0,0.0,713257.0,852714.0,731431.0,2779152.0,864995.0,4587091.0,0.0,0.0,1351.0,9430.0,195864.0,864921.0,106365.0,454312.0,27.0,475.0,393200.0,2346178.0,0.0,0.0
2025-11,STATE BANK OF INDIA,STATE BANK OF INDIA,Public sector,28627.0,34222.0,1741039.0,51883.0,1034114.0,5763538.0,21739203.0,248607676.0,24738600.0,122397734.0,64746031.0,216959339.0,0.0,0.0,124450.0,551378.0,25777750.0,67377761.0,5778232.0,19266656.0,623.0,9143.0,145528196.0,809406305.0,9123.0,8482.0
2025-11,SURYODAY SMALL FINANCE BANK,SURYODAY SMALL FINANCE BANK LTD,Small finance,0.0,0.0,0.0,67.0,0.0,0.0,14043.0,921035.0,3189.0,9470.0,8983.0,21182.0,0.0,0.0,22.0,106.0,6615.0,12177.0,1340.0,8406.0,0.0,0.0,69777.0,327223.0,0.0,0.0
2025-11,TAMILNAD MERCANTILE BANK,TAMILNAD MERCANTILE BANK LTD,Private sector,508.0,645.0,1423.0,0.0,0.0,196790.0,18352.0,2571556.0,37211.0,176844.0,15282.0,97198.0,0.0,0.0,1822.0,7429.0,241075.0,883095.0,23092.0,128402.0,60.0,183.0,4011296.0,20989684.0,0.0,0.0
2025-11,UCO BANK,UCO BANK,Public sector,2384.0,218.0,10595.0,3568.0,145.0,1435792.0,0.0,13781352.0,0.0,0.0,0.0,0.0,0.0,0.0,0.0,0.0,734334.0,2037991.0,197059.0,547763.0,740.0,13794.0,6007009.0,29823518.0,27.0,13.0
2025-11,UJJIVAN SMALL FINANCE BANK,UJJIVAN SMALL FINANCE BANK LTD,Small finance,609.0,4.0,0.0,0.0,0.0,558961.0,0.0,6299521.0,0.0,0.0,0.0,0.0,0.0,0.0,0.0,0.0,116795.0,276433.0,20901.0,104232.0,0.0,0.0,2907274.0,12388841.0,0.0,0.0
2025-11,UNION BANK OF INDIA,UNION BANK OF INDIA,Public sector,7878.0,1198.0,55047.0,8095.0,390315.0,292822.0,494633.0,57728932.0,491791.0,2211137.0,1892797.0,3285422.0,0.0,0.0,8487.0,38732.0,3529101.0,8517367.0,902406.0,2390236.0,2279.0,9029.0,40195800.0,121249609.0,13.0,7.0
2025-11,UNITY SMALL FINANCE BANK,UNITY SMALL FINANCE BANK LTD,Small finance,186.0,0.0,0.0,0.0,0.0,0.0,101663.0,114026.0,29494.0,81091.0,56174.0,176310.0,0.0,0.0,956.0,3095.0,8068.0,23370.0,1141.0,7224.0,0.0,0.0,40226.0,202778.0,0.0,0.0
2025-11,UTKARSH SMALL FINANCE BANK,UTKARSH SMALL FINANCE BANK LTD,Small finance,357.0,7.0,0.0,783.0,0.0,41468.0,230864.0,1556676.0,15114.0,23042.0,58101.0,61042.0,2290251.0,586794.0,524.0,567.0,17562.0,60530.0,3471.0,24960.0,1.0,0.0,150044.0,944017.0,0.0,0.0
2025-11,WOORI BANK,WOORI BANK,Foreign,0.0,0.0,0.0,0.0,0.0,0.0,0.0,1448.0,0.0,0.0,0.0,0.0,0.0,0.0,0.0,0.0,1483.0,5580.0,785.0,2691.0,0.0,0.0,0.0,0.0,0.0,0.0
2025-11,YES BANK,YES BANK LTD,Private sector,1212.0,124.0,103133.0,77882.0,114033.0,561675415.0,2723676.0,5376894.0,12894520.0,21810348.0,1272855.0,14588828.0,0.0,0.0,9069.0,47821.0,376333.0,1286908.0,99334.0,703764.0,27.0,201.0,1635804.0,10171227.0,0.0,0.0
2025-12,AIRTEL PAYMENTS BANK,AIRTEL PAYMENTS BANK,Payments bank,0.0,0.0,0.0,159060.0,0.0,1162123.0,0.0,9516251.0,0.0,0.0,0.0,0.0,0.0,0.0,0.0,0.0,1376230.0,63679.0,23964.0,27944.0,0.0,0.0,584399.0,2255791.0,0.0,0.0
2025-12,AMERICAN EXPRESS BANKING CORPORATION,AMERICAN EXPRESS BANKING CORPORATION,Foreign,0.0,0.0,11265.0,0.0,0.0,0.0,1336371.0,0.0,1828014.0,17420567.0,4306355.0,42080680.0,0.0,0.0,0.0,0.0,0.0,0.0,0.0,0.0,0.0,0.0,0.0,0.0,0.0,0.0
2025-12,AU SMALL FINANCE BANK,AU SMALL FINANCE BANK LTD,Small finance,735.0,6.0,0.0,861.0,0.0,372998.0,957676.0,9159062.0,794080.0,4256689.0,2791209.0,6608853.0,344.0,198.0,2726.0,17441.0,155454.0,482632.0,160326.0,783773.0,164.0,2601.0,1259009.0,6978169.0,0.0,0.0
2025-12,AXIS BANK,AXIS BANK LTD,Private sector,6679.0,6159.0,2450385.0,0.0,516506.0,118498377.0,15649230.0,41185166.0,47921796.0,117941169.0,28513294.0,113876084.0,0.0,0.0,72381.0,410826.0,3615557.0,14622952.0,1705575.0,11891038.0,10301.0,267029.0,14860449.0,103555489.0,0.0,0.0
2025-12,BANDHAN BANK,BANDHAN BANK LTD,Private sector,427.0,5.0,72120.0,0.0,42502.0,0.0,4263.0,6642683.0,1139.0,4677.0,848.0,4771.0,7902.0,7614.0,0.0,0.0,175462.0,647444.0,51867.0,236001.0,0.0,0.0,1927256.0,11378092.0,12.0,7.0
2025-12,BANK OF AMERICA,BANK OF AMERICA,Foreign,0.0,0.0,0.0,0.0,0.0,0.0,0.0,0.0,0.0,0.0,0.0,0.0,0.0,0.0,0.0,0.0,0.0,0.0,0.0,0.0,0.0,0.0,0.0,0.0,0.0,0.0
2025-12,BANK OF BAHRAIN AND KUWAIT B S C,BANK OF BAHRAIN & KUWAIT B.S.C.,Foreign,0.0,0.0,0.0,0.0,0.0,0.0,0.0,1124.0,0.0,0.0,0.0,0.0,0.0,0.0,0.0,0.0,909.0,3184.0,0.0,0.0,0.0,0.0,1307.0,6466.0,0.0,0.0
2025-12,BANK OF BARODA,BANK OF BARODA,Public sector,9065.0,2498.0,54921.0,42154.0,26609.0,3111464.0,3067672.0,88543345.0,9344751.0,17166416.0,3811131.0,18182702.0,0.0,0.0,11214.0,60637.0,2625488.0,6458732.0,346759.0,2184017.0,16.0,33.0,21898974.0,114518031.0,2.0,1.0
2025-12,BANK OF INDIA,BANK OF INDIA,Public sector,5201.0,2494.0,19012.0,25206.0,0.0,1401822.0,97552.0,37596257.0,112787.0,507883.0,328293.0,606123.0,0.0,0.0,7140.0,39984.0,1856284.0,4275239.0,293503.0,840342.0,0.0,0.0,13831137.0,61246129.0,1.0,1.0
2025-12,BANK OF MAHARASHTRA,BANK OF MAHARASHTRA,Public sector,2366.0,250.0,271.0,6273.0,355014.0,958837.0,0.0,13766520.0,0.0,0.0,0.0,0.0,0.0,0.0,0.0,0.0,930277.0,2204825.0,118212.0,431937.0,6159.0,65135.0,5721334.0,30063438.0,0.0,0.0
2025-12,BARCLAYS BANK,BARCLAYS BANK PLC,Foreign,0.0,0.0,0.0,0.0,1.0,0.0,0.0,507.0,0.0,0.0,0.0,0.0,0.0,0.0,0.0,0.0,54.0,515.0,0.0,0.0,0.0,0.0,541.0,5028.0,0.0,0.0
2025-12,CANARA BANK,CANARA BANK,Public sector,7444.0,3343.0,91899.0,12000.0,0.0,3798016.0,1070400.0,60619366.0,1127228.0,4608135.0,550614.0,3118865.0,0.0,0.0,85647.0,504921.0,5022285.0,15060948.0,784576.0,3893211.0,4525.0,88680.0,28289970.0,143933619.0,4.0,3.0
2025-12,CAPITAL SMALL FINANCE BANK,CAPITAL SMALL FINANCE BANK LTD,Small finance,201.0,2.0,0.0,0.0,0.0,0.0,0.0,239625.0,0.0,0.0,0.0,0.0,0.0,0.0,0.0,0.0,21547.0,71344.0,2033.0,14546.0,0.0,0.0,108431.0,659869.0,0.0,0.0
2025-12,CENTRAL BANK OF INDIA,CENTRAL BANK OF INDIA,Public sector,2953.0,1223.0,3461.0,2816.0,38138.0,1923040.0,0.0,30155592.0,0.0,0.0,0.0,0.0,0.0,0.0,0.0,0.0,987772.0,2806754.0,168307.0,678921.0,0.0,0.0,7260954.0,35643726.0,34.0,447.0
2025-12,CITI BANK,CITI BANK,Foreign,0.0,0.0,0.0,0.0,0.0,0.0,265113.0,0.0,158208.0,1295549.0,312056.0,3851066.0,0.0,0.0,553.0,4332.0,0.0,0.0,0.0,0.0,0.0,0.0,0.0,0.0,0.0,0.0
2025-12,CITY UNION BANK,CITY UNION BANK LTD.,Private sector,1222.0,456.0,6805.0,38365.0,0.0,71688.0,55072.0,3338989.0,56164.0,298787.0,26164.0,295316.0,0.0,0.0,239.0,1474.0,397033.0,1254845.0,34131.0,99254.0,0.0,0.0,2067284.0,12650521.0,0.0,0.0
2025-12,CSB BANK,CSB BANK LTD.,Private sector,781.0,37.0,0.0,0.0,20088.0,0.0,185870.0,968907.0,250715.0,672855.0,2110887.0,1911974.0,0.0,0.0,0.0,0.0,110829.0,306981.0,7241.0,50037.0,0.0,0.0,366573.0,2012857.0,0.0,0.0
2025-12,DBS BANK INDIA,DBS INDIA BANK LTD,Foreign,413.0,323.0,669.0,85.0,0.0,8996.0,349652.0,1625313.0,372352.0,1740850.0,269804.0,2313853.0,0.0,0.0,1329.0,4185.0,141769.0,441124.0,57444.0,262103.0,0.0,0.0,610134.0,3756443.0,0.0,0.0
2025-12,DCB BANK,DCB BANK LTD,Private sector,438.0,5.0,0.0,0.0,0.0,0.0,6992.0,1260382.0,3344.0,12473.0,4349.0,16358.0,0.0,0.0,68.0,447.0,78902.0,257796.0,52432.0,208169.0,198.0,5864.0,235620.0,1618722.0,0.0,0.0
2025-12,DEUTSCHE BANK,DEUTSCHE BANK LTD,Foreign,12.0,3.0,0.0,0.0,0.0,285.0,0.0,98667.0,0.0,0.0,0.0,0.0,0.0,0.0,0.0,0.0,21052.0,87812.0,15441.0,55493.0,0.0,0.0,23499.0,151858.0,0.0,0.0
2025-12,DHANALAXMI BANK,DHANALAXMI BANK LTD,Private sector,243.0,39.0,1637.0,0.0,0.0,42232.0,14767.0,615841.0,28981.0,76871.0,7541.0,32074.0,0.0,0.0,343.0,1261.0,111550.0,251175.0,3198.0,8653.0,0.0,0.0,387040.0,1781919.0,0.0,0.0
2025-12,DOHA BANK Q P S C,DOHA BANK Q.P.S.C.,Foreign,2.0,0.0,0.0,0.0,0.0,0.0,0.0,23463.0,0.0,0.0,0.0,0.0,0.0,0.0,0.0,0.0,721.0,3089.0,125.0,426.0,0.0,0.0,1543.0,9463.0,0.0,0.0
2025-12,EQUITAS SMALL FINANCE BANK,EQUITAS SMALL FINANCE BANK LTD,Small finance,386.0,4.0,2821.0,354.0,0.0,61615.0,8054.0,1198611.0,55546.0,108019.0,5604.0,69579.0,0.0,0.0,166.0,1104.0,74651.0,213402.0,15249.0,103174.0,0.0,0.0,1682764.0,5131954.0,0.0,0.0
2025-12,ESAF SMALL FINANCE BANK,ESAF SMALL FINANCE BANK LTD,Small finance,718.0,2.0,0.0,5279.0,0.0,0.0,7288.0,5704377.0,4408.0,11295.0,39781.0,32843.0,0.0,0.0,24.0,117.0,116213.0,263265.0,7793.0,32482.0,0.0,0.0,750760.0,3970844.0,0.0,0.0
2025-12,FEDERAL BANK,FEDERAL BANK LTD,Private sector,1808.0,286.0,25081.0,300.0,0.0,6269950.0,1933006.0,14806518.0,3964771.0,10033476.0,4926406.0,14009355.0,0.0,0.0,5841.0,28818.0,2348603.0,7675461.0,958216.0,4142685.0,3117.0,47173.0,6877508.0,38161328.0,0.0,0.0
2025-12,FINO PAYMENTS BANK,FINO PAYMENTS BANK,Payments bank,0.0,0.0,0.0,468335.0,0.0,10648.0,0.0,10718820.0,0.0,0.0,0.0,0.0,0.0,0.0,0.0,0.0,104140.0,205690.0,1684.0,5657.0,0.0,0.0,1919246.0,6742859.0,0.0,0.0
2025-12,HDFC BANK,HDFC BANK LTD,Private sector,13012.0,8164.0,1849215.0,1970.0,2195690.0,1093969.0,25798482.0,62337860.0,102856839.0,209032048.0,40101845.0,363322955.0,0.0,0.0,165727.0,1146886.0,8036684.0,37216247.0,5710725.0,35302054.0,44935.0,935079.0,29883212.0,219333654.0,16.0,15.0
2025-12,HSBC,HSBC LTD,Foreign,50.0,25.0,0.0,0.0,0.0,0.0,962642.0,896480.0,1221804.0,5287146.0,2803707.0,11598854.0,0.0,0.0,2692.0,19519.0,292585.0,1676930.0,0.0,0.0,0.0,0.0,240165.0,1573539.0,0.0,0.0
2025-12,ICICI BANK,ICICI BANK LTD,Private sector,9359.0,2619.0,2274627.0,6189.0,563565.0,3906054.0,18650525.0,31909357.0,18268365.0,115961707.0,74873346.0,252752851.0,99.0,9040.0,55201.0,300184.0,4487151.0,24085465.0,2852409.0,20419793.0,4064.0,94682.0,11632362.0,96381715.0,0.0,0.0
2025-12,IDBI BANK,IDBI BANK LTD,Private sector,2400.0,621.0,13722.0,2208.0,0.0,479210.0,46044.0,11730672.0,84131.0,394779.0,85004.0,358502.0,0.0,0.0,548.0,3315.0,866475.0,2279165.0,164008.0,574912.0,0.0,0.0,4181633.0,23012255.0,87.0,53.0
2025-12,IDFC FIRST BANK,IDFC FIRST BANK LTD,Private sector,771.0,208.0,38190.0,7176.0,0.0,226014.0,4343671.0,6831979.0,16355380.0,27206336.0,2979972.0,21490886.0,0.0,0.0,22755.0,119128.0,570388.0,2424629.0,364892.0,2633860.0,0.0,0.0,2862297.0,17434954.0,0.0,0.0
2025-12,INDIA POST PAYMENTS BANK,INDIA POST PAYMENTS BANK,Payments bank,0.0,0.0,0.0,184818.0,0.0,3110435.0,0.0,30591622.0,0.0,0.0,0.0,0.0,0.0,0.0,0.0,0.0,0.0,0.0,65684.0,77156.0,0.0,0.0,0.0,0.0,0.0,0.0
2025-12,INDIAN BANK,INDIAN BANK,Public sector,4980.0,644.0,24125.0,16247.0,0.0,2675454.0,269341.0,35172261.0,184906.0,865107.0,135199.0,990744.0,0.0,0.0,3936.0,32615.0,2555832.0,6548939.0,323326.0,927855.0,122.0,400.0,17268441.0,87802928.0,2.0,2.0
2025-12,INDIAN OVERSEAS BANK,INDIAN OVERSEAS BANK,Public sector,2891.0,731.0,0.0,11959.0,0.0,550350.0,119805.0,21030991.0,365247.0,738434.0,52842.0,198843.0,0.0,0.0,6319.0,31977.0,2016957.0,4931091.0,190362.0,592150.0,0.0,0.0,11457757.0,53153213.0,0.0,0.0
2025-12,INDUSIND BANK,INDUSIND BANK LTD,Private sector,2064.0,999.0,131257.0,0.0,12192.0,6724565.0,3175162.0,11818073.0,4080258.0,26543889.0,9423586.0,26054978.0,0.0,0.0,19376.0,106546.0,522864.0,1767465.0,398914.0,2282465.0,942.0,83305.0,4126195.0,18435400.0,0.0,0.0
2025-12,JAMMU AND KASHMIR BANK,JAMMU AND KASHMIR BANK LTD,Private sector,963.0,642.0,14078.0,1330.0,0.0,666016.0,142234.0,5222636.0,216695.0,1708091.0,96471.0,409638.0,0.0,0.0,10100.0,48239.0,586137.0,1563867.0,430340.0,489535.0,0.0,0.0,4547368.0,25538722.0,0.0,0.0
2025-12,JANA SMALL FINANCE BANK,JANA SMALL FINANCE BANK LTD,Small finance,57.0,5.0,0.0,173.0,0.0,587312.0,0.0,4275936.0,0.0,0.0,0.0,0.0,0.0,0.0,0.0,0.0,41250.0,98584.0,8939.0,22666.0,0.0,0.0,629948.0,2315094.0,0.0,0.0
2025-12,JIO PAYMENTS BANK,JIO PAYMENTS BANK,Payments bank,0.0,0.0,0.0,0.0,0.0,155273.0,0.0,1453354.0,0.0,0.0,0.0,0.0,0.0,0.0,0.0,0.0,15620.0,39572.0,21051.0,144542.0,2776.0,1718.0,166828.0,978894.0,0.0,0.0
2025-12,KARNATAKA BANK,KARNATAKA BANK LTD,Private sector,962.0,508.0,8887.0,0.0,0.0,140229.0,0.0,5622616.0,0.0,0.0,0.0,0.0,0.0,0.0,0.0,0.0,590798.0,1288944.0,40765.0,141897.0,0.0,0.0,3262211.0,16855904.0,0.0,0.0
2025-12,KARUR VYSYA BANK,KARUR VYSYA BANK LTD,Private sector,1582.0,629.0,6469.0,0.0,0.0,47018.0,9700.0,5499545.0,22668.0,156702.0,7750.0,117449.0,0.0,0.0,440.0,3383.0,729989.0,2008582.0,100166.0,515867.0,0.0,0.0,3534811.0,19111137.0,0.0,0.0
2025-12,KEB HANA BANK,KEB HANA BANK,Foreign,1.0,0.0,0.0,0.0,0.0,0.0,0.0,1854.0,0.0,0.0,0.0,0.0,0.0,0.0,0.0,0.0,860.0,2931.0,70.0,222.0,0.0,0.0,238.0,1742.0,0.0,0.0
2025-12,KOOKMIN BANK,KOOKMIN BANK,Foreign,0.0,0.0,0.0,0.0,0.0,0.0,0.0,597.0,0.0,0.0,0.0,0.0,0.0,0.0,0.0,0.0,279.0,631.0,105.0,353.0,0.0,0.0,65.0,424.0,0.0,0.0
2025-12,KOTAK MAHINDRA BANK,KOTAK MAHINDRA BANK LTD,Private sector,2017.0,732.0,81933.0,0.0,172677.0,802846.0,4557559.0,36251897.0,14718243.0,28886462.0,4066182.0,34114367.0,0.0,0.0,26795.0,142738.0,1687041.0,5119344.0,1669653.0,6220513.0,0.0,0.0,8859724.0,50184883.0,0.0,0.0
2025-12,NAINITAL BANK,NAINITAL BANK LTD,Private sector,0.0,0.0,0.0,0.0,0.0,0.0,0.0,329706.0,0.0,0.0,0.0,0.0,0.0,0.0,0.0,0.0,10349.0,21726.0,3011.0,9254.0,0.0,0.0,57483.0,298520.0,0.0,0.0
2025-12,NSDL PAYMENTS BANK,NSDL PAYMENTS BANK,Payments bank,0.0,0.0,0.0,277380.0,0.0,0.0,0.0,2729084.0,0.0,0.0,0.0,0.0,0.0,0.0,0.0,0.0,19034.0,37971.0,16638.0,48944.0,0.0,0.0,472609.0,1385595.0,0.0,0.0
2025-12,PAYTM PAYMENTS BANK,PAYTM PAYMENTS BANK,Payments bank,0.0,0.0,0.0,0.0,0.0,0.0,0.0,29632348.0,0.0,0.0,0.0,0.0,0.0,0.0,0.0,0.0,46.0,18.0,198.0,16.0,0.0,0.0,23.0,66.0,0.0,0.0
2025-12,PUNJAB AND SIND BANK,PUNJAB AND SIND BANK,Public sector,1085.0,39.0,1230.0,2004.0,1390.0,216495.0,0.0,3548908.0,0.0,0.0,0.0,0.0,0.0,0.0,0.0,0.0,43252.0,144085.0,181974.0,473059.0,0.0,0.0,1216975.0,6247923.0,0.0,0.0
2025-12,PUNJAB NATIONAL BANK,PUNJAB NATIONAL BANK,Public sector,7297.0,3812.0,23599.0,0.0,353988.0,1453386.0,703699.0,39874642.0,368117.0,1666025.0,293182.0,1595541.0,1.0,20.0,6064.0,19068.0,3300078.0,8951349.0,703394.0,1984870.0,0.0,0.0,21644634.0,113941424.0,0.0,0.0
2025-12,RBL BANK,RBL BANK LTD,Private sector,381.0,34.0,2340461.0,0.0,1595.0,53315.0,4596775.0,1664469.0,4579756.0,25918888.0,6509988.0,46558013.0,0.0,0.0,33951.0,181157.0,111384.0,401798.0,66450.0,462010.0,92.0,3969.0,384623.0,2229379.0,0.0,0.0
2025-12,SBM BANK INDIA,SBM BANK INDIA LTD,Foreign,0.0,0.0,0.0,0.0,0.0,105.0,809743.0,852534.0,136462.0,196910.0,337573.0,419402.0,0.0,0.0,1637.0,4387.0,8620.0,29097.0,9448.0,42571.0,0.0,0.0,30229.0,100240.0,0.0,0.0
2025-12,SHIVALIK SMALL FINANCE BANK,SHIVALIK SMALL FINANCE BANK LTD,Small finance,0.0,0.0,0.0,0.0,0.0,0.0,0.0,36911.0,0.0,0.0,0.0,0.0,0.0,0.0,0.0,0.0,1429.0,3722.0,639.0,5132.0,0.0,0.0,13480.0,74435.0,0.0,0.0
2025-12,SLICE SMALL FINANCE BANK,SLICE SMALL FINANCE BANK LTD,Small finance,3.0,0.0,0.0,0.0,0.0,4712.0,64943.0,3562619.0,996850.0,592785.0,207899.0,340296.0,0.0,0.0,0.0,0.0,7965.0,17857.0,21346.0,121283.0,0.0,0.0,60263.0,310546.0,2887.0,10769.0
2025-12,SOUTH INDIAN BANK,SOUTH INDIAN BANK,Private sector,911.0,358.0,13710.0,0.0,35040.0,111911.0,353593.0,4119420.0,480824.0,2073242.0,591552.0,3542919.0,0.0,0.0,0.0,0.0,840792.0,2630682.0,142776.0,829286.0,0.0,0.0,2511783.0,13593890.0,0.0,0.0
2025-12,STANDARD CHARTERED BANK,STANDARD CHARTERED BANK LTD,Foreign,99.0,36.0,0.0,0.0,0.0,0.0,692292.0,854728.0,798626.0,3142077.0,920446.0,4854606.0,0.0,0.0,1360.0,9687.0,209866.0,950976.0,110553.0,444927.0,24.0,549.0,390577.0,2343605.0,0.0,0.0
2025-12,STATE BANK OF INDIA,STATE BANK OF INDIA,Public sector,28777.0,34212.0,1754954.0,51875.0,1044696.0,5823509.0,21809462.0,250344379.0,26084641.0,131394134.0,69626323.0,267534421.0,0.0,0.0,129715.0,579963.0,26391586.0,70290378.0,5785901.0,20271288.0,563.0,6738.0,147490888.0,828342027.0,8797.0,8269.0
2025-12,SURYODAY SMALL FINANCE BANK,SURYODAY SMALL FINANCE BANK LTD,Small finance,0.0,0.0,0.0,67.0,0.0,0.0,24296.0,926244.0,4080.0,13040.0,10755.0,29859.0,0.0,0.0,15.0,55.0,6487.0,11995.0,1309.0,6065.0,0.0,0.0,72825.0,351808.0,0.0,0.0
2025-12,TAMILNAD MERCANTILE BANK,TAMILNAD MERCANTILE BANK LTD,Private sector,509.0,644.0,1179.0,0.0,0.0,198323.0,17986.0,2582039.0,39927.0,187137.0,14723.0,99219.0,0.0,0.0,1976.0,7684.0,272271.0,1055888.0,23111.0,151435.0,59.0,197.0,4110670.0,21730425.0,0.0,0.0
2025-12,UCO BANK,UCO BANK,Public sector,2384.0,218.0,10283.0,3568.0,143.0,1438896.0,0.0,13944452.0,0.0,0.0,0.0,0.0,0.0,0.0,0.0,0.0,745187.0,2057671.0,200521.0,590978.0,907.0,18150.0,6121049.0,30668172.0,26.0,16.0
2025-12,UJJIVAN SMALL FINANCE BANK,UJJIVAN SMALL FINANCE BANK LTD,Small finance,609.0,4.0,0.0,0.0,0.0,534183.0,0.0,6221035.0,0.0,0.0,0.0,0.0,0.0,0.0,0.0,0.0,120273.0,290651.0,19460.0,102595.0,0.0,0.0,3038612.0,13340268.0,0.0,0.0
2025-12,UNION BANK OF INDIA,UNION BANK OF INDIA,Public sector,7696.0,604.0,41778.0,8083.0,396866.0,293218.0,501942.0,57665930.0,477047.0,2185700.0,2008835.0,3391780.0,0.0,0.0,8200.0,39006.0,3655271.0,8928648.0,855670.0,2413699.0,2066.0,8063.0,41647730.0,124518912.0,8.0,6.0
2025-12,UNITY SMALL FINANCE BANK,UNITY SMALL FINANCE BANK LTD,Small finance,186.0,0.0,0.0,0.0,0.0,0.0,120488.0,116522.0,28216.0,82020.0,54062.0,178407.0,0.0,0.0,1002.0,4146.0,8341.0,22653.0,1225.0,6285.0,0.0,0.0,41078.0,203866.0,0.0,0.0
2025-12,UTKARSH SMALL FINANCE BANK,UTKARSH SMALL FINANCE BANK LTD,Small finance,364.0,8.0,0.0,783.0,0.0,41792.0,250141.0,1520972.0,15313.0,24038.0,67172.0,71837.0,2576433.0,656551.0,511.0,629.0,17374.0,57692.0,3989.0,28204.0,0.0,0.0,154569.0,1010471.0,0.0,0.0
2025-12,WOORI BANK,WOORI BANK,Foreign,0.0,0.0,0.0,0.0,0.0,0.0,0.0,1761.0,0.0,0.0,0.0,0.0,0.0,0.0,0.0,0.0,1545.0,6712.0,741.0,2417.0,0.0,0.0,0.0,0.0,0.0,0.0
2025-12,YES BANK,YES BANK LTD,Private sector,1225.0,125.0,104628.0,77629.0,113520.0,562338604.0,2762210.0,5384048.0,14223309.0,24352432.0,1344608.0,14390940.0,0.0,0.0,10206.0,55635.0,390487.0,1368121.0,109815.0,833205.0,17.0,245.0,1622706.0,10209366.0,0.0,0.0
