month,bank,bank_name_as_published,bank_group,atms_onsite,atms_offsite,pos_terminals,micro_atms,bharat_qr_codes,upi_qr_codes,credit_cards,debit_cards,credit_pos_n,credit_pos_v,credit_online_n,credit_online_v,credit_other_n,credit_other_v,credit_atm_cash_n,credit_atm_cash_v,debit_pos_n,debit_pos_v,debit_online_n,debit_online_v,debit_other_n,debit_other_v,debit_atm_cash_n,debit_atm_cash_v,debit_pos_cash_n,debit_pos_cash_v
2024-01,AIRTEL PAYMENTS BANK,AIRTEL PAYMENTS BANK,Payments bank,0.0,0.0,0.0,115950.0,0.0,3348120.0,0.0,868152.0,0.0,0.0,0.0,0.0,0.0,0.0,0.0,0.0,9125.0,14685.0,139942.0,207708.0,0.0,0.0,101058.0,447459.0,0.0,0.0
2024-01,AMERICAN EXPRESS BANKING CORPORATION,AMERICAN EXPRESS BANKING CORPORATION,Foreign,0.0,0.0,52628.0,0.0,0.0,0.0,1341913.0,0.0,1280198.0,10301326.0,3423311.0,31280397.0,0.0,0.0,0.0,0.0,0.0,0.0,0.0,0.0,0.0,0.0,0.0,0.0,0.0,0.0
2024-01,AU SMALL FINANCE BANK,AU SMALL FINANCE BANK LTD,Small finance,497.0,2.0,0.0,396.0,0.0,1134149.0,872214.0,2920173.0,1007132.0,6251597.0,1451241.0,11423386.0,1346.0,1254.0,5422.0,30444.0,193913.0,535902.0,272545.0,966062.0,259.0,4162.0,1082378.0,7355766.0,34.0,30.0
2024-01,AXIS BANK,AXIS BANK LTD,Private sector,6168.0,9780.0,1665417.0,728.0,728874.0,75279432.0,13753510.0,34349969.0,29484679.0,86632505.0,23843255.0,116422047.0,0.0,0.0,84017.0,376875.0,6247003.0,18452695.0,2874831.0,14641691.0,15018.0,396683.0,19219239.0,121966706.0,0.0,0.0
2024-01,BANDHAN BANK,BANDHAN BANK LTD,Private sector,433.0,5.0,53743.0,0.0,0.0,0.0,0.0,5886983.0,0.0,0.0,0.0,0.0,0.0,0.0,0.0,0.0,309927.0,921294.0,116976.0,410123.0,0.0,0.0,2308092.0,12687289.0,2294.0,2288.0
2024-01,BANK OF AMERICA,BANK OF AMERICA,Foreign,0.0,0.0,0.0,0.0,0.0,0.0,0.0,0.0,0.0,0.0,0.0,0.0,0.0,0.0,0.0,0.0,0.0,0.0,0.0,0.0,0.0,0.0,0.0,0.0,0.0,0.0
2024-01,BANK OF BAHRAIN AND KUWAIT B S C,BANK OF BAHRAIN & KUWAIT B.S.C.,Foreign,2.0,0.0,0.0,0.0,0.0,0.0,0.0,70.0,0.0,0.0,0.0,0.0,0.0,0.0,0.0,0.0,1660.0,5486.0,129.0,3272.0,0.0,0.0,1544.0,7816.0,0.0,0.0
2024-01,BANK OF BARODA,BANK OF BARODA,Public sector,8407.0,2621.0,35956.0,45227.0,11954.0,1642216.0,2300723.0,94000243.0,2286393.0,8363567.0,2353854.0,14642362.0,0.0,0.0,15840.0,73367.0,4268370.0,9599386.0,754223.0,3295030.0,6.0,13.0,24810278.0,119878790.0,412.0,413.0
2024-01,BANK OF INDIA,BANK OF INDIA,Public sector,5328.0,2900.0,43023.0,17693.0,0.0,991326.0,74400.0,47396297.0,155674.0,568016.0,67924.0,312987.0,0.0,0.0,10164.0,61194.0,2944860.0,6054878.0,930682.0,1592588.0,0.0,0.0,16108478.0,65713449.0,2554.0,2548.0
2024-01,BANK OF MAHARASHTRA,BANK OF MAHARASHTRA,Public sector,1977.0,300.0,1785.0,1879.0,355014.0,923725.0,32995.0,13616903.0,54016.0,233044.0,20058.0,117289.0,0.0,0.0,927.0,4342.0,1360304.0,2341296.0,421590.0,741244.0,6672.0,73328.0,6128894.0,26622911.0,0.0,0.0
2024-01,BARCLAYS BANK,BARCLAYS BANK PLC,Foreign,0.0,0.0,0.0,0.0,1.0,0.0,0.0,844.0,0.0,0.0,0.0,0.0,0.0,0.0,0.0,0.0,36.0,403.0,15.0,76.0,0.0,0.0,361.0,3278.0,0.0,0.0
2024-01,CANARA BANK,CANARA BANK,Public sector,8131.0,3960.0,72047.0,13427.0,1.0,2030488.0,938914.0,57413339.0,995475.0,3580662.0,448596.0,2332086.0,0.0,0.0,92909.0,508696.0,6951817.0,17563469.0,1319266.0,4269171.0,3927.0,60718.0,33196988.0,156296217.0,586.0,461.0
2024-01,CAPITAL SMALL FINANCE BANK,CAPITAL SMALL FINANCE BANK LTD,Small finance,175.0,2.0,0.0,0.0,0.0,0.0,0.0,261342.0,0.0,0.0,0.0,0.0,0.0,0.0,0.0,0.0,27189.0,94191.0,5295.0,20827.0,0.0,0.0,113358.0,649571.0,0.0,0.0
2024-01,CENTRAL BANK OF INDIA,CENTRAL BANK OF INDIA,Public sector,2857.0,1058.0,2792.0,9254.0,6702.0,1235590.0,0.0,28716820.0,0.0,0.0,0.0,0.0,0.0,0.0,0.0,0.0,1468506.0,3817061.0,516494.0,1281250.0,0.0,0.0,8801775.0,40814216.0,4181.0,4361.0
2024-01,CITI BANK,CITI BANK,Foreign,0.0,0.0,0.0,0.0,0.0,0.0,187775.0,0.0,118330.0,662136.0,199896.0,2499635.0,0.0,0.0,570.0,4213.0,0.0,0.0,0.0,0.0,0.0,0.0,0.0,0.0,0.0,0.0
2024-01,CITY UNION BANK,CITY UNION BANK LTD.,Private sector,1123.0,541.0,6476.0,59930.0,0.0,67062.0,27814.0,2739355.0,57778.0,223647.0,24480.0,193894.0,0.0,0.0,362.0,1643.0,436812.0,1126654.0,49554.0,142324.0,0.0,0.0,2481444.0,13211732.0,0.0,0.0
2024-01,CSB BANK,CSB BANK LTD.,Private sector,594.0,51.0,0.0,0.0,10302.0,0.0,65439.0,870762.0,112721.0,488218.0,106719.0,1035194.0,0.0,0.0,0.0,0.0,188000.0,393290.0,16317.0,57375.0,4.0,15.0,462050.0,2256821.0,0.0,0.0
2024-01,DBS BANK INDIA,DBS INDIA BANK LTD,Foreign,434.0,474.0,556.0,91.0,0.0,5224.0,501162.0,1990189.0,450223.0,2112759.0,234503.0,1853934.0,0.0,0.0,3560.0,10236.0,260519.0,572611.0,96416.0,266965.0,0.0,0.0,854314.0,4384867.0,0.0,0.0
2024-01,DCB BANK,DCB BANK LTD,Private sector,412.0,5.0,8133.0,0.0,11234.0,0.0,0.0,825086.0,0.0,0.0,0.0,0.0,0.0,0.0,0.0,0.0,113193.0,330420.0,12468.0,58614.0,274.0,7756.0,408302.0,1485635.0,0.0,0.0
2024-01,DEUTSCHE BANK,DEUTSCHE BANK LTD,Foreign,13.0,2.0,0.0,0.0,0.0,9.0,0.0,116557.0,0.0,0.0,0.0,0.0,0.0,0.0,0.0,0.0,31642.0,99536.0,14835.0,58099.0,0.0,0.0,33818.0,198173.0,0.0,0.0
2024-01,DHANALAKSHMI BANK,DHANALAKSHMI BANK LTD,Private sector,239.0,41.0,1617.0,0.0,0.0,32148.0,11167.0,539211.0,24698.0,57660.0,6538.0,27542.0,0.0,0.0,254.0,880.0,174155.0,330338.0,6359.0,16401.0,0.0,0.0,461931.0,2038173.0,0.0,0.0
2024-01,DOHA BANK Q P S C,DOHA BANK Q.P.S.C.,Foreign,2.0,0.0,0.0,0.0,0.0,0.0,0.0,20916.0,0.0,0.0,0.0,0.0,0.0,0.0,0.0,0.0,1174.0,3749.0,202.0,342.0,0.0,0.0,2241.0,13171.0,0.0,0.0
2024-01,EQUITAS SMALL FINANCE BANK,EQUITAS SMALL FINANCE BANK LTD,Small finance,360.0,4.0,26394.0,307.0,67272.0,0.0,0.0,2064615.0,0.0,0.0,0.0,0.0,0.0,0.0,0.0,0.0,149905.0,336168.0,42258.0,171772.0,0.0,0.0,2936711.0,8478941.0,0.0,0.0
2024-01,ESAF SMALL FINANCE BANK,ESAF SMALL FINANCE BANK LTD,Small finance,605.0,2.0,0.0,4141.0,0.0,0.0,0.0,5553163.0,0.0,0.0,0.0,0.0,0.0,0.0,0.0,0.0,195749.0,326366.0,15014.0,39094.0,0.0,0.0,1050932.0,5305727.0,26.0,19.0
2024-01,FEDERAL BANK,FEDERAL BANK LTD,Private sector,1639.0,330.0,19743.0,944.0,6130.0,4849424.0,925755.0,13398007.0,1670474.0,5187761.0,2046970.0,10840090.0,0.0,0.0,4293.0,20212.0,3676675.0,8478000.0,1432889.0,5020241.0,2613.0,37458.0,8628158.0,43363684.0,77.0,69.0
2024-01,FINCARE SMALL FINANCE BANK,FINCARE SMALL FINANCE BANK LTD,Small finance,171.0,0.0,0.0,436.0,0.0,56221.0,0.0,5520970.0,0.0,0.0,0.0,0.0,0.0,0.0,0.0,0.0,38825.0,54196.0,7318.0,21340.0,0.0,0.0,866065.0,4254921.0,0.0,0.0
2024-01,FINO PAYMENTS BANK,FINO PAYMENTS BANK,Payments bank,0.0,0.0,0.0,405681.0,0.0,8378.0,0.0,8738107.0,0.0,0.0,0.0,0.0,0.0,0.0,0.0,0.0,156418.0,354623.0,8294.0,10339.0,0.0,0.0,2081084.0,6772164.0,125.0,72.0
2024-01,HDFC BANK,HDFC BANK LTD,Private sector,11395.0,9293.0,1570324.0,4619.0,2011735.0,0.0,20103905.0,53645998.0,52656466.0,157558157.0,32001744.0,279556606.0,0.0,0.0,196356.0,1177087.0,13312950.0,43160724.0,9633447.0,35583635.0,88341.0,1259515.0,38397022.0,240989156.0,5647.0,5681.0
2024-01,HSBC,HSBC LTD,Foreign,46.0,28.0,0.0,0.0,0.0,0.0,645102.0,709604.0,778235.0,2659145.0,1127157.0,5773321.0,0.0,0.0,1831.0,13361.0,251923.0,1018913.0,0.0,0.0,0.0,0.0,228893.0,1335729.0,0.0,0.0
2024-01,ICICI BANK,ICICI BANK LTD,Private sector,9883.0,7166.0,1590865.0,9898.0,582213.0,3400671.0,16797580.0,32435823.0,19408160.0,83202373.0,41585397.0,213527318.0,63.0,4114.0,61146.0,275630.0,8664251.0,28873287.0,3605904.0,21010561.0,9140.0,193613.0,18079218.0,123528345.0,2.0,1.0
2024-01,IDBI BANK,IDBI BANK LTD,Private sector,2299.0,1023.0,18482.0,120.0,10500.0,290919.0,34106.0,11624600.0,72320.0,249486.0,54760.0,202873.0,0.0,0.0,417.0,2339.0,1478912.0,3383322.0,295191.0,917516.0,0.0,0.0,5730316.0,28558693.0,216.0,221.0
2024-01,IDFC FIRST BANK,IDFC FIRST BANK LTD,Private sector,838.0,312.0,42791.0,10570.0,0.0,38079.0,2370704.0,6731809.0,5135244.0,12866053.0,2186028.0,14022215.0,0.0,0.0,27268.0,113433.0,759311.0,2101604.0,285189.0,1988554.0,0.0,0.0,4137641.0,20190467.0,0.0,0.0
2024-01,INDIA POST PAYMENTS BANK,INDIA POST PAYMENTS BANK,Payments bank,0.0,0.0,0.0,352954.0,0.0,776268.0,0.0,14229987.0,0.0,0.0,0.0,0.0,0.0,0.0,0.0,0.0,0.0,0.0,252695.0,97745.0,0.0,0.0,0.0,0.0,0.0,0.0
2024-01,INDIAN BANK,INDIAN BANK,Public sector,4310.0,599.0,21791.0,11074.0,0.0,3039310.0,199110.0,32192588.0,158006.0,631447.0,84041.0,645865.0,0.0,0.0,4438.0,31526.0,3644297.0,8216573.0,1075213.0,2331378.0,3324.0,53739.0,20032288.0,92816483.0,16480.0,16442.0
2024-01,INDIAN OVERSEAS BANK,INDIAN OVERSEAS BANK,Public sector,2774.0,732.0,0.0,0.0,0.0,344684.0,82413.0,17885133.0,71176.0,198634.0,19793.0,73284.0,0.0,0.0,2621.0,11919.0,2584469.0,5678281.0,582354.0,1333212.0,0.0,0.0,11780155.0,49419386.0,0.0,0.0
2024-01,INDUSIND BANK,INDUSIND BANK LTD,Private sector,1799.0,1155.0,215819.0,146.0,59304.0,3873664.0,2797275.0,10426233.0,3975436.0,21104405.0,3600625.0,56011670.0,0.0,0.0,25620.0,131038.0,942074.0,2568010.0,668415.0,3170151.0,893.0,67002.0,4468379.0,27578601.0,0.0,0.0
2024-01,JAMMU AND KASHMIR BANK,JAMMU AND KASHMIR BANK LTD,Private sector,937.0,626.0,14351.0,942.0,0.0,336540.0,115879.0,4216655.0,200466.0,1507767.0,121729.0,465655.0,0.0,0.0,10074.0,39047.0,1375210.0,2930584.0,1395559.0,867767.0,0.0,0.0,5725985.0,28999640.0,3.0,1.0
2024-01,JANA SMALL FINANCE BANK,JANA SMALL FINANCE BANK LTD,Small finance,59.0,2.0,0.0,157.0,0.0,495655.0,0.0,3136350.0,0.0,0.0,0.0,0.0,0.0,0.0,0.0,0.0,48990.0,103899.0,8429.0,24960.0,0.0,0.0,461596.0,2449614.0,0.0,0.0
2024-01,JIO PAYMENTS BANK,JIO PAYMENTS BANK,Payments bank,0.0,0.0,0.0,0.0,0.0,1937.0,0.0,0.0,0.0,0.0,0.0,0.0,0.0,0.0,0.0,0.0,0.0,0.0,0.0,0.0,0.0,0.0,0.0,0.0,0.0,0.0
2024-01,KARNATAKA BANK,KARNATAKA BANK LTD,Private sector,903.0,582.0,10042.0,0.0,0.0,73924.0,0.0,5168512.0,0.0,0.0,0.0,0.0,0.0,0.0,0.0,0.0,918485.0,1804298.0,89236.0,238885.0,0.0,0.0,4050968.0,18957718.0,0.0,0.0
2024-01,KARUR VYSYA BANK,KARUR VYSYA BANK LTD,Private sector,1450.0,803.0,8776.0,0.0,0.0,32758.0,10564.0,4716410.0,28907.0,179438.0,10385.0,135791.0,0.0,0.0,795.0,6163.0,1201203.0,2972510.0,203799.0,761390.0,265.0,1054.0,4401995.0,21431040.0,0.0,0.0
2024-01,KEB HANA BANK,KEB HANA BANK,Foreign,1.0,0.0,0.0,0.0,0.0,0.0,0.0,1353.0,0.0,0.0,0.0,0.0,0.0,0.0,0.0,0.0,1068.0,3809.0,106.0,457.0,0.0,0.0,401.0,2951.0,0.0,0.0
2024-01,KOOKMIN BANK,KOOKMIN BANK,Foreign,1.0,0.0,0.0,0.0,0.0,0.0,0.0,356.0,0.0,0.0,0.0,0.0,0.0,0.0,0.0,0.0,510.0,1486.0,72.0,157.0,0.0,0.0,156.0,1210.0,0.0,0.0
2024-01,KOTAK MAHINDRA BANK,KOTAK MAHINDRA BANK LTD,Private sector,1735.0,1515.0,74617.0,4420.0,105296.0,517774.0,5971753.0,32961383.0,9834162.0,24953214.0,4802451.0,37692061.0,0.0,0.0,40381.0,177792.0,2620664.0,6063704.0,1962503.0,5930436.0,0.0,0.0,13165972.0,55017117.0,0.0,0.0
2024-01,NAINITAL BANK,NAINITAL BANK LTD,Private sector,0.0,0.0,0.0,0.0,0.0,0.0,0.0,241813.0,0.0,0.0,0.0,0.0,0.0,0.0,0.0,0.0,16602.0,33047.0,5985.0,19819.0,0.0,0.0,71358.0,337606.0,16.0,5.0
2024-01,NORTH EAST SMALL FINANCE BANK,NORTH EAST SMALL FINANCE BANK LTD,Small finance,16.0,1.0,0.0,0.0,0.0,0.0,0.0,416278.0,0.0,0.0,0.0,0.0,0.0,0.0,0.0,0.0,5811.0,8311.0,0.0,0.0,0.0,0.0,45952.0,214688.0,0.0,0.0
2024-01,NSDL PAYMENTS BANK,NSDL PAYMENTS BANK,Payments bank,0.0,0.0,0.0,520301.0,0.0,0.0,0.0,615654.0,0.0,0.0,0.0,0.0,0.0,0.0,0.0,0.0,2385.0,2776.0,27568.0,20755.0,0.0,0.0,27036.0,68071.0,0.0,0.0
2024-01,PAYTM PAYMENTS BANK,PAYTM PAYMENTS BANK,Payments bank,1.0,9.0,725675.0,0.0,0.0,35743321.0,0.0,32348692.0,0.0,0.0,0.0,0.0,0.0,0.0,0.0,0.0,218366.0,327466.0,624841.0,1291413.0,0.0,0.0,1065038.0,4695651.0,0.0,0.0
2024-01,PUNJAB AND SIND BANK,PUNJAB AND SIND BANK,Public sector,949.0,26.0,600.0,194.0,748.0,108713.0,0.0,4088307.0,0.0,0.0,0.0,0.0,0.0,0.0,0.0,0.0,366464.0,943407.0,197979.0,575174.0,0.0,0.0,1492197.0,7169832.0,0.0,0.0
2024-01,PUNJAB NATIONAL BANK,PUNJAB NATIONAL BANK,Public sector,7860.0,4385.0,39090.0,11265.0,663102.0,545232.0,532834.0,40196231.0,672626.0,2887236.0,244225.0,1298448.0,2.0,128.0,10623.0,28832.0,4794978.0,12165174.0,1830723.0,4657655.0,0.0,0.0,25567248.0,129046011.0,0.0,0.0
2024-01,RBL BANK,RBL BANK LTD,Private sector,352.0,37.0,843933.0,0.0,3423.0,115677.0,5113532.0,1451120.0,7277549.0,34203307.0,3252434.0,36751342.0,0.0,0.0,42186.0,156444.0,221082.0,551501.0,109958.0,731054.0,87.0,4737.0,854529.0,3900706.0,0.0,0.0
2024-01,SBM BANK INDIA,SBM BANK INDIA LTD,Foreign,0.0,0.0,0.0,1734.0,0.0,0.0,942002.0,754217.0,300868.0,400007.0,547715.0,721847.0,0.0,0.0,1830.0,5369.0,11855.0,36261.0,12672.0,40640.0,0.0,0.0,169622.0,317872.0,0.0,0.0
2024-01,SHIVALIK SMALL FINANCE BANK,SHIVALIK SMALL FINANCE BANK LTD,Small finance,25.0,0.0,0.0,0.0,0.0,0.0,0.0,81751.0,0.0,0.0,0.0,0.0,0.0,0.0,0.0,0.0,4160.0,10281.0,4276.0,15175.0,0.0,0.0,33261.0,186701.0,0.0,0.0
2024-01,SOUTH INDIAN BANK,SOUTH INDIAN BANK,Private sector,904.0,417.0,16410.0,0.0,6152.0,90355.0,388514.0,3764048.0,789717.0,2804381.0,782371.0,5387020.0,0.0,0.0,0.0,0.0,1279653.0,3038614.0,194886.0,843079.0,0.0,0.0,3055415.0,14776745.0,0.0,0.0
2024-01,STANDARD CHARTERED BANK,STANDARD CHARTERED BANK LTD,Foreign,101.0,63.0,0.0,0.0,0.0,0.0,1006470.0,1091390.0,1399039.0,4583836.0,1420897.0,6830830.0,0.0,0.0,2382.0,14635.0,600333.0,1690753.0,34043.0,253121.0,20.0,416.0,706733.0,3525541.0,0.0,0.0
2024-01,STATE BANK OF INDIA,STATE BANK OF INDIA,Public sector,25232.0,39236.0,1282632.0,53227.0,856911.0,3496334.0,18605888.0,227138869.0,27053060.0,95915210.0,27782169.0,211023113.0,0.0,0.0,134042.0,535187.0,36066509.0,84960418.0,9298107.0,24740022.0,1193.0,17268.0,166575231.0,851007887.0,22782.0,20926.0
2024-01,SURYODAY SMALL FINANCE BANK,SURYODAY SMALL FINANCE BANK LTD,Small finance,0.0,0.0,0.0,67.0,0.0,0.0,0.0,738726.0,0.0,0.0,0.0,0.0,0.0,0.0,0.0,0.0,37954.0,44294.0,642.0,1439.0,0.0,0.0,241266.0,419397.0,0.0,0.0
2024-01,TAMILNAD MERCANTILE BANK,TAMILNAD MERCANTILE BANK LTD,Private sector,494.0,661.0,1957.0,0.0,0.0,123749.0,32326.0,2274241.0,44982.0,193400.0,16643.0,109868.0,0.0,0.0,2090.0,8200.0,350097.0,938230.0,46677.0,118836.0,79.0,238.0,4676405.0,19997416.0,0.0,0.0
2024-01,UCO BANK,UCO BANK,Public sector,2251.0,227.0,11024.0,3568.0,642.0,976721.0,0.0,12894009.0,0.0,0.0,0.0,0.0,0.0,0.0,0.0,0.0,1496032.0,3406002.0,281358.0,799215.0,857.0,15121.0,6717253.0,30700033.0,548.0,548.0
2024-01,UJJIVAN SMALL FINANCE BANK,UJJIVAN SMALL FINANCE BANK LTD,Small finance,577.0,4.0,0.0,0.0,0.0,571908.0,0.0,10024026.0,0.0,0.0,0.0,0.0,0.0,0.0,0.0,0.0,219087.0,407878.0,76455.0,221530.0,0.0,0.0,2988228.0,16014027.0,77.0,88.0
2024-01,UNION BANK OF INDIA,UNION BANK OF INDIA,Public sector,7827.0,2226.0,39174.0,8004.0,231678.0,281812.0,804755.0,54538892.0,898346.0,3587612.0,1440926.0,3321999.0,0.0,0.0,26270.0,133368.0,5846949.0,12694402.0,2936630.0,5943844.0,2939.0,11478.0,47020129.0,140904930.0,7864.0,7002.0
2024-01,UNITY SMALL FINANCE BANK,UNITY SMALL FINANCE BANK LTD,Small finance,231.0,0.0,23.0,0.0,0.0,0.0,0.0,31.0,0.0,0.0,0.0,0.0,0.0,0.0,0.0,0.0,7.0,7.0,2.0,0.0,0.0,0.0,20.0,68.0,0.0,0.0
2024-01,UTKARSH SMALL FINANCE BANK,UTKARSH SMALL FINANCE BANK LTD,Small finance,313.0,7.0,0.0,568.0,0.0,34910.0,243.0,1829722.0,155.0,618.0,70.0,702.0,0.0,0.0,0.0,0.0,31977.0,68923.0,9129.0,31944.0,28.0,453.0,375886.0,1415541.0,0.0,0.0
2024-01,WOORI BANK,WOORI BANK,Foreign,0.0,0.0,0.0,0.0,0.0,0.0,0.0,1100.0,0.0,0.0,0.0,0.0,0.0,0.0,0.0,0.0,2809.0,9866.0,1181.0,3950.0,0.0,0.0,934.0,6961.0,0.0,0.0
2024-01,YES BANK,YES BANK LTD,Private sector,1117.0,168.0,74540.0,90542.0,274549.0,174464847.0,1911521.0,5185561.0,4105907.0,10969037.0,1082585.0,12583511.0,0.0,0.0,17683.0,83328.0,734310.0,1808759.0,208905.0,968755.0,36.0,725.0,2734477.0,13073942.0,19.0,19.0
2024-02,AIRTEL PAYMENTS BANK,AIRTEL PAYMENTS BANK,Payments bank,0.0,0.0,0.0,119785.0,0.0,3271200.0,0.0,1411114.0,0.0,0.0,0.0,0.0,0.0,0.0,0.0,0.0,10090.0,15741.0,174192.0,279084.0,0.0,0.0,117418.0,522774.0,0.0,0.0
2024-02,AMERICAN EXPRESS BANKING CORPORATION,AMERICAN EXPRESS BANKING CORPORATION,Foreign,0.0,0.0,50009.0,0.0,0.0,0.0,1346343.0,0.0,1238416.0,10250480.0,3426516.0,32017803.0,0.0,0.0,0.0,0.0,0.0,0.0,0.0,0.0,0.0,0.0,0.0,0.0,0.0,0.0
2024-02,AU SMALL FINANCE BANK,AU SMALL FINANCE BANK LTD,Small finance,502.0,3.0,0.0,397.0,0.0,1140849.0,915908.0,2971296.0,962667.0,6084244.0,1412685.0,10929042.0,1333.0,1260.0,5150.0,29024.0,186091.0,503728.0,263295.0,933207.0,248.0,4173.0,1095164.0,7530520.0,14.0,15.0
2024-02,AXIS BANK,AXIS BANK LTD,Private sector,6198.0,9783.0,1705374.0,714.0,738434.0,77172174.0,13909552.0,34214339.0,27282139.0,73744104.0,22312843.0,101536576.0,0.0,0.0,76915.0,353088.0,5660586.0,16809004.0,2611227.0,13579315.0,14154.0,374885.0,18915898.0,121265330.0,0.0,0.0
2024-02,BANDHAN BANK,BANDHAN BANK LTD,Private sector,433.0,5.0,55463.0,0.0,0.0,0.0,0.0,5494802.0,0.0,0.0,0.0,0.0,0.0,0.0,0.0,0.0,276959.0,858302.0,105477.0,333177.0,0.0,0.0,2250970.0,12574959.0,1438.0,1425.0
2024-02,BANK OF AMERICA,BANK OF AMERICA,Foreign,0.0,0.0,0.0,0.0,0.0,0.0,0.0,0.0,0.0,0.0,0.0,0.0,0.0,0.0,0.0,0.0,0.0,0.0,0.0,0.0,0.0,0.0,0.0,0.0,0.0,0.0
2024-02,BANK OF BAHRAIN AND KUWAIT B S C,BANK OF BAHRAIN & KUWAIT B.S.C.,Foreign,2.0,0.0,0.0,0.0,0.0,0.0,0.0,109.0,0.0,0.0,0.0,0.0,0.0,0.0,0.0,0.0,1212.0,5455.0,148.0,5692.0,0.0,0.0,1459.0,7649.0,0.0,0.0
2024-02,BANK OF BARODA,BANK OF BARODA,Public sector,8397.0,2634.0,36789.0,45438.0,11846.0,1767735.0,2383405.0,94658170.0,2168970.0,8058474.0,2235364.0,14594204.0,0.0,0.0,16216.0,76706.0,4056779.0,9090284.0,703582.0,3031868.0,8.0,20.0,24544489.0,120198063.0,415.0,421.0
2024-02,BANK OF INDIA,BANK OF INDIA,Public sector,5329.0,2899.0,43330.0,17963.0,0.0,1040708.0,75310.0,46297797.0,140607.0,545614.0,61672.0,290451.0,0.0,0.0,9774.0,60171.0,2715975.0,5631171.0,736608.0,1112847.0,0.0,0.0,15600972.0,64563494.0,2517.0,2517.0
2024-02,BANK OF MAHARASHTRA,BANK OF MAHARASHTRA,Public sector,2006.0,160.0,1483.0,1850.0,355014.0,897433.0,32985.0,13523696.0,47113.0,200591.0,19833.0,118790.0,0.0,0.0,879.0,4031.0,1296275.0,2191614.0,346058.0,632011.0,6426.0,70670.0,5891868.0,25817715.0,0.0,0.0
2024-02,BARCLAYS BANK,BARCLAYS BANK PLC,Foreign,0.0,0.0,0.0,0.0,1.0,0.0,0.0,789.0,0.0,0.0,0.0,0.0,0.0,0.0,0.0,0.0,20.0,311.0,6.0,79.0,0.0,0.0,353.0,3217.0,0.0,0.0
2024-02,CANARA BANK,CANARA BANK,Public sector,8170.0,3969.0,75006.0,13427.0,1.0,2173122.0,855216.0,57563848.0,966264.0,3593254.0,414339.0,2246000.0,0.0,0.0,90759.0,503233.0,6296413.0,15922780.0,1181941.0,3687156.0,3701.0,55662.0,31145505.0,148855450.0,591.0,472.0
2024-02,CAPITAL SMALL FINANCE BANK,CAPITAL SMALL FINANCE BANK LTD,Small finance,175.0,2.0,0.0,0.0,0.0,0.0,0.0,256465.0,0.0,0.0,0.0,0.0,0.0,0.0,0.0,0.0,26473.0,87733.0,4376.0,18395.0,0.0,0.0,109843.0,631028.0,0.0,0.0
2024-02,CENTRAL BANK OF INDIA,CENTRAL BANK OF INDIA,Public sector,2857.0,1144.0,2917.0,2453.0,12514.0,1268096.0,0.0,29024107.0,0.0,0.0,0.0,0.0,0.0,0.0,0.0,0.0,1628949.0,3840366.0,276999.0,980038.0,0.0,0.0,8824544.0,41450403.0,4035.0,4095.0
2024-02,CITI BANK,CITI BANK,Foreign,0.0,0.0,0.0,0.0,0.0,0.0,191852.0,0.0,143415.0,906268.0,244975.0,2643828.0,0.0,0.0,672.0,5089.0,0.0,0.0,0.0,0.0,0.0,0.0,0.0,0.0,0.0,0.0
2024-02,CITY UNION BANK,CITY UNION BANK LTD.,Private sector,1136.0,538.0,6815.0,62343.0,0.0,61546.0,28379.0,2753435.0,51084.0,209617.0,24584.0,204377.0,0.0,0.0,334.0,1740.0,413465.0,1029802.0,53460.0,115058.0,0.0,0.0,2524339.0,13882729.0,0.0,0.0
2024-02,CSB BANK,CSB BANK LTD.,Private sector,641.0,50.0,0.0,0.0,10752.0,0.0,75992.0,865073.0,121902.0,534024.0,110075.0,1065398.0,0.0,0.0,0.0,0.0,166857.0,328350.0,15458.0,50281.0,2.0,3.0,437186.0,2139247.0,4.0,3.0
2024-02,DBS BANK INDIA,DBS INDIA BANK LTD,Foreign,434.0,473.0,560.0,90.0,0.0,5553.0,518113.0,2004243.0,436368.0,2092559.0,224021.0,1838133.0,0.0,0.0,3459.0,10256.0,239332.0,535241.0,90225.0,241086.0,0.0,0.0,852659.0,4468377.0,0.0,0.0
2024-02,DCB BANK,DCB BANK LTD,Private sector,412.0,5.0,8086.0,0.0,12044.0,0.0,0.0,837546.0,0.0,0.0,0.0,0.0,0.0,0.0,0.0,0.0,79044.0,232520.0,38682.0,133943.0,238.0,7279.0,426853.0,1474740.0,0.0,0.0
2024-02,DEUTSCHE BANK,DEUTSCHE BANK LTD,Foreign,13.0,2.0,0.0,0.0,0.0,4.0,0.0,117676.0,0.0,0.0,0.0,0.0,0.0,0.0,0.0,0.0,28858.0,89128.0,13448.0,49324.0,0.0,0.0,32091.0,191839.0,0.0,0.0
2024-02,DHANALAKSHMI BANK,DHANALAKSHMI BANK LTD,Private sector,239.0,41.0,1540.0,0.0,0.0,32481.0,11333.0,540673.0,22259.0,49645.0,6466.0,24687.0,0.0,0.0,221.0,643.0,161554.0,304209.0,8381.0,19001.0,0.0,0.0,447355.0,1961249.0,0.0,0.0
2024-02,DOHA BANK Q P S C,DOHA BANK Q.P.S.C.,Foreign,2.0,0.0,0.0,0.0,0.0,0.0,0.0,21205.0,0.0,0.0,0.0,0.0,0.0,0.0,0.0,0.0,921.0,3092.0,170.0,342.0,0.0,0.0,2045.0,11794.0,0.0,0.0
2024-02,EQUITAS SMALL FINANCE BANK,EQUITAS SMALL FINANCE BANK LTD,Small finance,361.0,4.0,26337.0,317.0,69398.0,0.0,0.0,1953671.0,0.0,0.0,0.0,0.0,0.0,0.0,0.0,0.0,140925.0,306529.0,42427.0,152375.0,0.0,0.0,2881880.0,8600974.0,0.0,0.0
2024-02,ESAF SMALL FINANCE BANK,ESAF SMALL FINANCE BANK LTD,Small finance,607.0,2.0,0.0,4360.0,0.0,0.0,0.0,5602506.0,0.0,0.0,0.0,0.0,0.0,0.0,0.0,0.0,178225.0,294037.0,13202.0,35777.0,0.0,0.0,1038452.0,5289992.0,18.0,14.0
2024-02,FEDERAL BANK,FEDERAL BANK LTD,Private sector,1652.0,333.0,20045.0,945.0,4597.0,4967283.0,949912.0,13506777.0,1680811.0,5369403.0,1769780.0,9641267.0,0.0,0.0,4407.0,20983.0,3262685.0,7124914.0,1337927.0,4817383.0,2726.0,36625.0,8191274.0,41063696.0,118.0,111.0
2024-02,FINCARE SMALL FINANCE BANK,FINCARE SMALL FINANCE BANK LTD,Small finance,171.0,0.0,0.0,436.0,0.0,69695.0,0.0,5518393.0,0.0,0.0,0.0,0.0,0.0,0.0,0.0,0.0,36124.0,53030.0,6897.0,20260.0,0.0,0.0,858947.0,4385908.0,0.0,0.0
2024-02,FINO PAYMENTS BANK,FINO PAYMENTS BANK,Payments bank,0.0,0.0,0.0,408957.0,0.0,13363.0,0.0,8872722.0,0.0,0.0,0.0,0.0,0.0,0.0,0.0,0.0,147069.0,328734.0,8400.0,10555.0,0.0,0.0,2054494.0,6877423.0,96.0,63.0
2024-02,HDFC BANK,HDFC BANK LTD,Private sector,11474.0,9286.0,1591904.0,4639.0,2086877.0,0.0,20404625.0,54029646.0,49679667.0,145892826.0,30224748.0,256992243.0,0.0,0.0,190669.0,1169586.0,12221885.0,39579330.0,9224240.0,32011134.0,78685.0,1190985.0,36547748.0,234773830.0,4017.0,4039.0
2024-02,HSBC,HSBC LTD,Foreign,46.0,28.0,0.0,0.0,0.0,0.0,647283.0,719988.0,742464.0,2590560.0,1121716.0,5800046.0,0.0,0.0,1743.0,12624.0,231671.0,933982.0,0.0,0.0,0.0,0.0,223510.0,1317958.0,0.0,0.0
2024-02,ICICI BANK,ICICI BANK LTD,Private sector,9926.0,7183.0,1656366.0,9942.0,584119.0,3439563.0,16846344.0,32321045.0,17858646.0,78293881.0,39982807.0,190136392.0,66.0,4185.0,59299.0,274033.0,7787943.0,25877893.0,3227545.0,18774661.0,9050.0,191197.0,17447126.0,121840224.0,2.0,1.0
2024-02,IDBI BANK,IDBI BANK LTD,Private sector,2309.0,1000.0,17918.0,123.0,10744.0,301487.0,35511.0,11730776.0,63506.0,230198.0,51774.0,186015.0,0.0,0.0,404.0,2261.0,1424433.0,3218738.0,274454.0,787779.0,0.0,0.0,5612262.0,28187160.0,94.0,89.0
2024-02,IDFC FIRST BANK,IDFC FIRST BANK LTD,Private sector,851.0,311.0,44776.0,10325.0,0.0,38079.0,2436772.0,6839455.0,5389969.0,12558769.0,2067968.0,13260869.0,0.0,0.0,26785.0,115212.0,716273.0,1986835.0,266116.0,1880833.0,0.0,0.0,4053302.0,20132127.0,0.0,0.0
2024-02,INDIA POST PAYMENTS BANK,INDIA POST PAYMENTS BANK,Payments bank,0.0,0.0,0.0,354386.0,0.0,929097.0,0.0,14802888.0,0.0,0.0,0.0,0.0,0.0,0.0,0.0,0.0,0.0,0.0,251639.0,92416.0,0.0,0.0,0.0,0.0,0.0,0.0
2024-02,INDIAN BANK,INDIAN BANK,Public sector,4320.0,597.0,21523.0,11212.0,0.0,3096389.0,218582.0,32243209.0,171406.0,732640.0,106574.0,841229.0,0.0,0.0,4963.0,36482.0,3383423.0,7509286.0,1062007.0,2006775.0,3293.0,55120.0,19946716.0,94032731.0,12504.0,12443.0
2024-02,INDIAN OVERSEAS BANK,INDIAN OVERSEAS BANK,Public sector,2774.0,731.0,0.0,0.0,0.0,358596.0,82641.0,18166090.0,68094.0,194030.0,18890.0,72431.0,0.0,0.0,2537.0,11971.0,2367007.0,5073092.0,565920.0,1172386.0,0.0,0.0,11765916.0,49910930.0,0.0,0.0
2024-02,INDUSIND BANK,INDUSIND BANK LTD,Private sector,1805.0,1159.0,220171.0,146.0,59363.0,5687512.0,2847599.0,10670305.0,3707926.0,21704650.0,3883605.0,55878485.0,0.0,0.0,24322.0,126962.0,867904.0,2349639.0,682079.0,3074088.0,1014.0,68673.0,4431082.0,28076080.0,0.0,0.0
2024-02,JAMMU AND KASHMIR BANK,JAMMU AND KASHMIR BANK LTD,Private sector,939.0,626.0,14354.0,942.0,0.0,399930.0,117340.0,4251582.0,189794.0,1452924.0,104536.0,421349.0,0.0,0.0,9572.0,39403.0,1469292.0,2756088.0,947091.0,713697.0,0.0,0.0,5539967.0,27937973.0,0.0,0.0
2024-02,JANA SMALL FINANCE BANK,JANA SMALL FINANCE BANK LTD,Small finance,59.0,2.0,0.0,156.0,0.0,497940.0,0.0,3187536.0,0.0,0.0,0.0,0.0,0.0,0.0,0.0,0.0,43370.0,85852.0,7513.0,19350.0,0.0,0.0,414575.0,2163706.0,0.0,0.0
2024-02,JIO PAYMENTS BANK,JIO PAYMENTS BANK,Payments bank,0.0,0.0,0.0,0.0,0.0,1223.0,0.0,36.0,0.0,0.0,0.0,0.0,0.0,0.0,0.0,0.0,1.0,0.0,7.0,4.0,0.0,0.0,4.0,5.0,0.0,0.0
2024-02,KARNATAKA BANK,KARNATAKA BANK LTD,Private sector,914.0,580.0,10089.0,0.0,0.0,76920.0,0.0,5221403.0,0.0,0.0,0.0,0.0,0.0,0.0,0.0,0.0,851555.0,1694407.0,84978.0,218866.0,0.0,0.0,3856041.0,18521912.0,0.0,0.0
2024-02,KARUR VYSYA BANK,KARUR VYSYA BANK LTD,Private sector,1454.0,800.0,8831.0,0.0,0.0,34144.0,10415.0,4739291.0,25783.0,172563.0,10263.0,132634.0,0.0,0.0,808.0,6147.0,1077554.0,2683092.0,204324.0,660152.0,0.0,0.0,4307497.0,21025633.0,0.0,0.0
2024-02,KEB HANA BANK,KEB HANA BANK,Foreign,1.0,0.0,0.0,0.0,0.0,0.0,0.0,1415.0,0.0,0.0,0.0,0.0,0.0,0.0,0.0,0.0,1769.0,6520.0,227.0,624.0,0.0,0.0,472.0,2288.0,0.0,0.0
2024-02,KOOKMIN BANK,KOOKMIN BANK,Foreign,1.0,0.0,0.0,0.0,0.0,0.0,0.0,366.0,0.0,0.0,0.0,0.0,0.0,0.0,0.0,0.0,611.0,2826.0,121.0,582.0,0.0,0.0,178.0,1241.0,0.0,0.0
2024-02,KOTAK MAHINDRA BANK,KOTAK MAHINDRA BANK LTD,Private sector,1759.0,1507.0,77238.0,4427.0,112308.0,524537.0,6042418.0,33603903.0,9660552.0,24324577.0,4559675.0,36731055.0,0.0,0.0,40889.0,183680.0,2467811.0,5642062.0,1983314.0,5572629.0,0.0,0.0,12896479.0,53724168.0,0.0,0.0
2024-02,NAINITAL BANK,NAINITAL BANK LTD,Private sector,0.0,0.0,0.0,0.0,0.0,0.0,0.0,247406.0,0.0,0.0,0.0,0.0,0.0,0.0,0.0,0.0,15780.0,30708.0,5387.0,17200.0,0.0,0.0,72873.0,347658.0,8.0,5.0
2024-02,NORTH EAST SMALL FINANCE BANK,NORTH EAST SMALL FINANCE BANK LTD,Small finance,18.0,1.0,0.0,0.0,0.0,0.0,0.0,425872.0,0.0,0.0,0.0,0.0,0.0,0.0,0.0,0.0,5587.0,7068.0,0.0,0.0,0.0,0.0,47148.0,217362.0,0.0,0.0
2024-02,NSDL PAYMENTS BANK,NSDL PAYMENTS BANK,Payments bank,0.0,0.0,0.0,456288.0,0.0,0.0,0.0,800527.0,0.0,0.0,0.0,0.0,0.0,0.0,0.0,0.0,2372.0,2601.0,31637.0,25493.0,0.0,0.0,44141.0,120685.0,0.0,0.0
2024-02,PAYTM PAYMENTS BANK,PAYTM PAYMENTS BANK,Payments bank,1.0,8.0,731192.0,0.0,0.0,38002081.0,0.0,32326389.0,0.0,0.0,0.0,0.0,0.0,0.0,0.0,0.0,138711.0,200359.0,349431.0,706358.0,0.0,0.0,777952.0,3476895.0,0.0,0.0
2024-02,PUNJAB AND SIND BANK,PUNJAB AND SIND BANK,Public sector,994.0,26.0,641.0,547.0,788.0,119394.0,0.0,4013638.0,0.0,0.0,0.0,0.0,0.0,0.0,0.0,0.0,338032.0,840522.0,166383.0,457080.0,0.0,0.0,1465674.0,7080792.0,0.0,0.0
2024-02,PUNJAB NATIONAL BANK,PUNJAB NATIONAL BANK,Public sector,7797.0,4347.0,37279.0,11265.0,665133.0,585392.0,531098.0,39776588.0,376221.0,1499880.0,229965.0,1315019.0,5.0,367.0,9698.0,27087.0,4681151.0,11862217.0,1696214.0,4079745.0,0.0,0.0,26134628.0,133766431.0,0.0,0.0
2024-02,RBL BANK,RBL BANK LTD,Private sector,360.0,36.0,848765.0,0.0,3429.0,120584.0,5161788.0,1469217.0,6708256.0,33299275.0,3272736.0,36781309.0,0.0,0.0,40983.0,154938.0,207230.0,496225.0,105743.0,722678.0,97.0,3631.0,952774.0,4213991.0,0.0,0.0
2024-02,SBM BANK INDIA,SBM BANK INDIA LTD,Foreign,0.0,0.0,0.0,1892.0,0.0,0.0,941637.0,759875.0,278687.0,365923.0,493705.0,749966.0,0.0,0.0,1944.0,6983.0,9005.0,23470.0,11049.0,32437.0,0.0,0.0,152013.0,228666.0,0.0,0.0
2024-02,SHIVALIK SMALL FINANCE BANK,SHIVALIK SMALL FINANCE BANK LTD,Small finance,25.0,0.0,0.0,0.0,0.0,0.0,0.0,81802.0,0.0,0.0,0.0,0.0,0.0,0.0,0.0,0.0,4180.0,10664.0,3291.0,11473.0,0.0,0.0,33271.0,189844.0,0.0,0.0
2024-02,SOUTH INDIAN BANK,SOUTH INDIAN BANK,Private sector,905.0,417.0,16427.0,0.0,6866.0,91317.0,400776.0,3787113.0,738602.0,2624710.0,754052.0,5354628.0,0.0,0.0,0.0,0.0,1129008.0,2529007.0,184655.0,791649.0,0.0,0.0,2898499.0,14049809.0,0.0,0.0
2024-02,STANDARD CHARTERED BANK,STANDARD CHARTERED BANK LTD,Foreign,101.0,65.0,0.0,0.0,0.0,0.0,1016068.0,1096768.0,1204860.0,4089443.0,1299579.0,6160302.0,0.0,0.0,2470.0,15827.0,414235.0,1178470.0,168972.0,544148.0,19.0,452.0,694804.0,3509068.0,0.0,0.0
2024-02,STATE BANK OF INDIA,STATE BANK OF INDIA,Public sector,24990.0,39157.0,1315085.0,53283.0,872513.0,3886071.0,18751636.0,227875320.0,24732876.0,88619796.0,26600794.0,143858130.0,0.0,0.0,124449.0,503677.0,34110324.0,79323332.0,8303282.0,21105840.0,1153.0,17133.0,161707942.0,836342542.0,20513.0,18707.0
2024-02,SURYODAY SMALL FINANCE BANK,SURYODAY SMALL FINANCE BANK LTD,Small finance,0.0,0.0,0.0,67.0,0.0,0.0,0.0,754402.0,0.0,0.0,0.0,0.0,0.0,0.0,0.0,0.0,37453.0,41902.0,624.0,1716.0,0.0,0.0,388687.0,418466.0,0.0,0.0
2024-02,TAMILNAD MERCANTILE BANK,TAMILNAD MERCANTILE BANK LTD,Private sector,496.0,661.0,1951.0,0.0,0.0,129945.0,31966.0,2281094.0,39454.0,177567.0,16977.0,112853.0,0.0,0.0,2287.0,8602.0,321311.0,855851.0,46229.0,101849.0,103.0,326.0,4740501.0,20428543.0,0.0,0.0
2024-02,UCO BANK,UCO BANK,Public sector,2247.0,228.0,10964.0,3568.0,583.0,1017274.0,0.0,12924103.0,0.0,0.0,0.0,0.0,0.0,0.0,0.0,0.0,1246814.0,2966650.0,331229.0,739504.0,832.0,15765.0,6544659.0,30628846.0,622.0,613.0
2024-02,UJJIVAN SMALL FINANCE BANK,UJJIVAN SMALL FINANCE BANK LTD,Small finance,588.0,4.0,0.0,0.0,0.0,580997.0,0.0,10118921.0,0.0,0.0,0.0,0.0,0.0,0.0,0.0,0.0,204593.0,397508.0,69836.0,191954.0,0.0,0.0,3583863.0,15469548.0,57.0,58.0
2024-02,UNION BANK OF INDIA,UNION BANK OF INDIA,Public sector,7696.0,1995.0,39105.0,8002.0,248019.0,281932.0,798551.0,54243842.0,724835.0,3097925.0,1263798.0,3063746.0,0.0,0.0,21806.0,113493.0,5402194.0,11700592.0,2749498.0,5626358.0,2688.0,10546.0,45510090.0,138047160.0,6329.0,5648.0
2024-02,UNITY SMALL FINANCE BANK,UNITY SMALL FINANCE BANK LTD,Small finance,231.0,0.0,28.0,0.0,0.0,0.0,0.0,36.0,0.0,0.0,0.0,0.0,0.0,0.0,0.0,0.0,2.0,1.0,1.0,0.0,0.0,0.0,23.0,12.0,0.0,0.0
2024-02,UTKARSH SMALL FINANCE BANK,UTKARSH SMALL FINANCE BANK LTD,Small finance,313.0,7.0,0.0,607.0,0.0,36641.0,424.0,1854652.0,184.0,2065.0,352.0,1552.0,0.0,0.0,0.0,0.0,30849.0,72427.0,10098.0,27440.0,27.0,330.0,329321.0,1421285.0,0.0,0.0
2024-02,WOORI BANK,WOORI BANK,Foreign,0.0,0.0,0.0,0.0,0.0,0.0,0.0,1114.0,0.0,0.0,0.0,0.0,0.0,0.0,0.0,0.0,2604.0,8666.0,940.0,2736.0,0.0,0.0,801.0,5626.0,0.0,0.0
2024-02,YES BANK,YES BANK LTD,Private sector,1119.0,168.0,74841.0,89795.0,284291.0,183061973.0,1982392.0,5292759.0,4226388.0,10752305.0,1065155.0,12742297.0,0.0,0.0,16642.0,79524.0,671204.0,1646866.0,178269.0,825528.0,43.0,1004.0,2548231.0,12709600.0,7.0,5.0
2024-03,AIRTEL PAYMENTS BANK,AIRTEL PAYMENTS BANK,Payments bank,0.0,0.0,0.0,124631.0,0.0,3163183.0,0.0,2034935.0,0.0,0.0,0.0,0.0,0.0,0.0,0.0,0.0,13815.0,22909.0,240959.0,335019.0,0.0,0.0,161391.0,725259.0,0.0,0.0
2024-03,AMERICAN EXPRESS BANKING CORPORATION,AMERICAN EXPRESS BANKING CORPORATION,Foreign,0.0,0.0,50090.0,0.0,0.0,0.0,1348225.0,0.0,1324292.0,10860398.0,3712547.0,35615445.0,0.0,0.0,0.0,0.0,0.0,0.0,0.0,0.0,0.0,0.0,0.0,0.0,0.0,0.0
2024-03,AU SMALL FINANCE BANK,AU SMALL FINANCE BANK LTD,Small finance,508.0,3.0,0.0,400.0,0.0,1146754.0,958503.0,3003666.0,1086105.0,7054662.0,1655581.0,12362201.0,1185.0,1264.0,5565.0,31850.0,201040.0,523544.0,284330.0,1114350.0,224.0,3300.0,1207755.0,8486859.0,8.0,8.0
2024-03,AXIS BANK,AXIS BANK LTD,Private sector,6244.0,9760.0,1760488.0,714.0,760738.0,80205005.0,14211482.0,34648678.0,29136860.0,74186966.0,22974399.0,115226753.0,0.0,0.0,83497.0,389415.0,5934099.0,17553453.0,2742714.0,16254045.0,15025.0,401503.0,20329583.0,131400142.0,0.0,0.0
2024-03,BANDHAN BANK,BANDHAN BANK LTD,Private sector,433.0,5.0,57444.0,0.0,0.0,0.0,21.0,5590073.0,66.0,79.0,74.0,45.0,0.0,0.0,8.0,22.0,290490.0,907487.0,112570.0,419419.0,0.0,0.0,2428069.0,13832656.0,945.0,942.0
2024-03,BANK OF AMERICA,BANK OF AMERICA,Foreign,0.0,0.0,0.0,0.0,0.0,0.0,0.0,0.0,0.0,0.0,0.0,0.0,0.0,0.0,0.0,0.0,0.0,0.0,0.0,0.0,0.0,0.0,0.0,0.0,0.0,0.0
2024-03,BANK OF BAHRAIN AND KUWAIT B S C,BANK OF BAHRAIN & KUWAIT B.S.C.,Foreign,2.0,0.0,0.0,0.0,0.0,0.0,0.0,173.0,0.0,0.0,0.0,0.0,0.0,0.0,0.0,0.0,1277.0,3830.0,115.0,3388.0,0.0,0.0,1512.0,8217.0,0.0,0.0
2024-03,BANK OF BARODA,BANK OF BARODA,Public sector,8417.0,2634.0,38294.0,45710.0,11647.0,1847377.0,2520187.0,95411796.0,2413918.0,9060438.0,2392609.0,15524330.0,0.0,0.0,19170.0,92331.0,4211490.0,9466276.0,650518.0,3181909.0,21.0,53.0,26474545.0,130795684.0,409.0,394.0
2024-03,BANK OF INDIA,BANK OF INDIA,Public sector,5329.0,2900.0,43791.0,18933.0,0.0,1092195.0,75579.0,45315703.0,141921.0,542263.0,63885.0,314412.0,0.0,0.0,9739.0,59590.0,2851602.0,5858325.0,864612.0,1435375.0,0.0,0.0,16833661.0,70581901.0,2153.0,2164.0
2024-03,BANK OF MAHARASHTRA,BANK OF MAHARASHTRA,Public sector,1865.0,36.0,1453.0,1848.0,355014.0,961658.0,32971.0,13586801.0,47623.0,207128.0,19080.0,116307.0,0.0,0.0,925.0,4569.0,1385924.0,2371669.0,355056.0,655577.0,6415.0,72235.0,6332908.0,28150462.0,0.0,0.0
2024-03,BARCLAYS BANK,BARCLAYS BANK PLC,Foreign,0.0,0.0,0.0,0.0,1.0,0.0,0.0,788.0,0.0,0.0,0.0,0.0,0.0,0.0,0.0,0.0,16.0,222.0,5.0,43.0,0.0,0.0,393.0,3563.0,0.0,0.0
2024-03,CANARA BANK,CANARA BANK,Public sector,8198.0,3958.0,78248.0,13167.0,0.0,2254359.0,864237.0,57385960.0,1046567.0,3806983.0,455632.0,2497213.0,0.0,0.0,98056.0,539242.0,6716889.0,16910947.0,1219161.0,4352040.0,4479.0,73404.0,34638435.0,165926172.0,585.0,491.0
2024-03,CAPITAL SMALL FINANCE BANK,CAPITAL SMALL FINANCE BANK LTD,Small finance,177.0,2.0,0.0,0.0,0.0,0.0,0.0,252963.0,0.0,0.0,0.0,0.0,0.0,0.0,0.0,0.0,28138.0,87442.0,4351.0,19524.0,0.0,0.0,119955.0,685455.0,0.0,0.0
2024-03,CENTRAL BANK OF INDIA,CENTRAL BANK OF INDIA,Public sector,2857.0,1144.0,3034.0,2453.0,17746.0,1289141.0,0.0,29265688.0,0.0,0.0,0.0,0.0,0.0,0.0,0.0,0.0,1711646.0,4045174.0,288255.0,999890.0,0.0,0.0,9555215.0,45426998.0,4351.0,4850.0
2024-03,CITI BANK,CITI BANK,Foreign,0.0,0.0,0.0,0.0,0.0,0.0,198348.0,0.0,139349.0,877743.0,249717.0,3043484.0,0.0,0.0,751.0,5755.0,0.0,0.0,0.0,0.0,0.0,0.0,0.0,0.0,0.0,0.0
2024-03,CITY UNION BANK,CITY UNION BANK LTD.,Private sector,1140.0,537.0,7306.0,65842.0,0.0,68912.0,27876.0,2762488.0,55765.0,224323.0,25994.0,250501.0,0.0,0.0,329.0,1442.0,425885.0,1108292.0,42792.0,122944.0,0.0,0.0,2682770.0,14724195.0,0.0,0.0
2024-03,CSB BANK,CSB BANK LTD.,Private sector,683.0,48.0,0.0,0.0,11376.0,0.0,83114.0,870605.0,149529.0,624407.0,126494.0,1177668.0,0.0,0.0,0.0,0.0,172894.0,362638.0,15595.0,53627.0,10.0,23.0,469092.0,2334379.0,2.0,1.0
2024-03,DBS BANK INDIA,DBS INDIA BANK LTD,Foreign,436.0,472.0,610.0,93.0,0.0,5960.0,533372.0,2014033.0,475583.0,2365223.0,236674.0,2018474.0,0.0,0.0,3854.0,11570.0,251688.0,565569.0,105874.0,293099.0,0.0,0.0,890448.0,4655166.0,0.0,0.0
2024-03,DCB BANK,DCB BANK LTD,Private sector,413.0,5.0,8083.0,0.0,12706.0,0.0,0.0,860723.0,0.0,0.0,0.0,0.0,0.0,0.0,0.0,0.0,83288.0,244944.0,40069.0,153763.0,270.0,9095.0,482964.0,1653904.0,0.0,0.0
2024-03,DEUTSCHE BANK,DEUTSCHE BANK LTD,Foreign,13.0,2.0,0.0,0.0,0.0,3.0,0.0,118573.0,0.0,0.0,0.0,0.0,0.0,0.0,0.0,0.0,32517.0,105347.0,14275.0,62719.0,0.0,0.0,35626.0,214252.0,0.0,0.0
2024-03,DHANALAKSHMI BANK,DHANALAKSHMI BANK LTD,Private sector,239.0,41.0,1540.0,0.0,0.0,32780.0,11424.0,542549.0,24036.0,55020.0,6879.0,29156.0,0.0,0.0,251.0,857.0,172622.0,321720.0,8490.0,21672.0,0.0,0.0,484902.0,2133077.0,0.0,0.0
2024-03,DOHA BANK Q P S C,DOHA BANK Q.P.S.C.,Foreign,2.0,0.0,0.0,0.0,0.0,0.0,0.0,21345.0,0.0,0.0,0.0,0.0,0.0,0.0,0.0,0.0,583.0,1610.0,164.0,329.0,0.0,0.0,1937.0,11043.0,0.0,0.0
2024-03,EQUITAS SMALL FINANCE BANK,EQUITAS SMALL FINANCE BANK LTD,Small finance,361.0,4.0,26130.0,320.0,44773.0,0.0,0.0,1910144.0,0.0,0.0,0.0,0.0,0.0,0.0,0.0,0.0,145062.0,300831.0,40831.0,164402.0,0.0,0.0,3199843.0,9355566.0,0.0,0.0
2024-03,ESAF SMALL FINANCE BANK,ESAF SMALL FINANCE BANK LTD,Small finance,611.0,3.0,0.0,5024.0,0.0,0.0,0.0,5663442.0,0.0,0.0,0.0,0.0,0.0,0.0,0.0,0.0,179583.0,309939.0,12931.0,34640.0,0.0,0.0,1172382.0,6316104.0,19.0,14.0
2024-03,FEDERAL BANK,FEDERAL BANK LTD,Private sector,1678.0,335.0,19594.0,947.0,3452.0,5086731.0,967758.0,13573682.0,1838733.0,6130867.0,1888611.0,10874626.0,0.0,0.0,4532.0,21739.0,3296784.0,7432071.0,1441391.0,5702598.0,2981.0,41288.0,8669999.0,44110977.0,47.0,43.0
2024-03,FINCARE SMALL FINANCE BANK,FINCARE SMALL FINANCE BANK LTD,Small finance,171.0,0.0,0.0,436.0,0.0,77769.0,0.0,5609683.0,0.0,0.0,0.0,0.0,0.0,0.0,0.0,0.0,41088.0,61312.0,7595.0,26469.0,0.0,0.0,1007863.0,5236192.0,0.0,0.0
2024-03,FINO PAYMENTS BANK,FINO PAYMENTS BANK,Payments bank,0.0,0.0,0.0,413963.0,0.0,15089.0,0.0,9075907.0,0.0,0.0,0.0,0.0,0.0,0.0,0.0,0.0,168173.0,502707.0,10723.0,16311.0,0.0,0.0,2367454.0,7920213.0,129.0,81.0
2024-03,HDFC BANK,HDFC BANK LTD,Private sector,11649.0,9289.0,1561720.0,4664.0,2137338.0,687297.0,20590921.0,54675099.0,55393038.0,158407368.0,33209609.0,279005622.0,0.0,0.0,211266.0,1309383.0,12888459.0,41801390.0,9575990.0,36469383.0,80784.0,1273508.0,39592774.0,258117875.0,2804.0,2839.0
2024-03,HSBC,HSBC LTD,Foreign,46.0,28.0,0.0,0.0,0.0,0.0,660477.0,726282.0,829597.0,2947699.0,1236915.0,6500839.0,0.0,0.0,1904.0,13859.0,264908.0,1132839.0,0.0,0.0,0.0,0.0,255623.0,1542410.0,0.0,0.0
2024-03,ICICI BANK,ICICI BANK LTD,Private sector,9994.0,7189.0,1691273.0,10005.0,588104.0,3473058.0,16954660.0,32311395.0,19956158.0,91470386.0,44578330.0,215860768.0,45.0,2988.0,73534.0,351161.0,8324205.0,27562167.0,3502964.0,23796538.0,9680.0,209015.0,18745975.0,132751615.0,4.0,2.0
2024-03,IDBI BANK,IDBI BANK LTD,Private sector,2317.0,986.0,13608.0,60.0,11061.0,303535.0,35872.0,11818013.0,65188.0,231811.0,55800.0,208916.0,0.0,0.0,458.0,2608.0,1469985.0,3366160.0,279210.0,846036.0,0.0,0.0,6020356.0,30686691.0,79.0,76.0
2024-03,IDFC FIRST BANK,IDFC FIRST BANK LTD,Private sector,853.0,311.0,45641.0,9656.0,0.0,38079.0,2572191.0,6417230.0,6411393.0,14773091.0,2273687.0,15164947.0,0.0,0.0,29730.0,130186.0,757197.0,2109631.0,290511.0,2466811.0,0.0,0.0,4353394.0,21988524.0,0.0,0.0
2024-03,INDIA POST PAYMENTS BANK,INDIA POST PAYMENTS BANK,Payments bank,0.0,0.0,0.0,353810.0,0.0,1071090.0,0.0,15412517.0,0.0,0.0,0.0,0.0,0.0,0.0,0.0,0.0,0.0,0.0,360077.0,114526.0,0.0,0.0,0.0,0.0,0.0,0.0
2024-03,INDIAN BANK,INDIAN BANK,Public sector,4336.0,601.0,21580.0,11297.0,0.0,2618016.0,222325.0,32269734.0,212907.0,1067159.0,130665.0,1118989.0,0.0,0.0,5202.0,36743.0,3602267.0,7934181.0,902701.0,1830710.0,3565.0,58874.0,21585493.0,101754560.0,10153.0,10090.0
2024-03,INDIAN OVERSEAS BANK,INDIAN OVERSEAS BANK,Public sector,2774.0,731.0,0.0,0.0,0.0,366474.0,83346.0,18163069.0,72878.0,206804.0,17179.0,64445.0,0.0,0.0,2484.0,12353.0,2596015.0,5518517.0,506152.0,1103113.0,0.0,0.0,12741764.0,53898892.0,0.0,0.0
2024-03,INDUSIND BANK,INDUSIND BANK LTD,Private sector,1820.0,1136.0,222295.0,146.0,59403.0,5797166.0,2893286.0,10761578.0,4013354.0,24255990.0,4453264.0,56508956.0,0.0,0.0,28553.0,150134.0,904278.0,2391881.0,676536.0,3473556.0,944.0,65424.0,4457919.0,28828321.0,0.0,0.0
2024-03,JAMMU AND KASHMIR BANK,JAMMU AND KASHMIR BANK LTD,Private sector,943.0,626.0,14304.0,942.0,0.0,414612.0,117580.0,4306863.0,187482.0,1570956.0,105532.0,423761.0,0.0,0.0,10141.0,40717.0,1582874.0,2687348.0,859784.0,661227.0,0.0,0.0,5908559.0,29828709.0,0.0,0.0
2024-03,JANA SMALL FINANCE BANK,JANA SMALL FINANCE BANK LTD,Small finance,59.0,2.0,0.0,162.0,0.0,498908.0,0.0,3257325.0,0.0,0.0,0.0,0.0,0.0,0.0,0.0,0.0,53248.0,114979.0,9181.0,26893.0,0.0,0.0,546584.0,2883391.0,0.0,0.0
2024-03,JIO PAYMENTS BANK,JIO PAYMENTS BANK,Payments bank,0.0,0.0,0.0,0.0,0.0,1032.0,0.0,56.0,0.0,0.0,0.0,0.0,0.0,0.0,0.0,0.0,8.0,9.0,10.0,10.0,0.0,0.0,14.0,22.0,0.0,0.0
2024-03,KARNATAKA BANK,KARNATAKA BANK LTD,Private sector,916.0,579.0,10083.0,0.0,0.0,79760.0,0.0,5249123.0,0.0,0.0,0.0,0.0,0.0,0.0,0.0,0.0,909416.0,1836694.0,81940.0,224809.0,0.0,0.0,4152518.0,20038759.0,0.0,0.0
2024-03,KARUR VYSYA BANK,KARUR VYSYA BANK LTD,Private sector,1463.0,799.0,8846.0,0.0,0.0,35599.0,10229.0,4784642.0,27983.0,185030.0,10999.0,151499.0,0.0,0.0,847.0,6453.0,1152708.0,2869675.0,182281.0,695626.0,0.0,0.0,4611752.0,22483637.0,0.0,0.0
2024-03,KEB HANA BANK,KEB HANA BANK,Foreign,1.0,0.0,0.0,0.0,0.0,0.0,0.0,1440.0,0.0,0.0,0.0,0.0,0.0,0.0,0.0,0.0,2229.0,7704.0,252.0,623.0,0.0,0.0,411.0,2788.0,0.0,0.0
2024-03,KOOKMIN BANK,KOOKMIN BANK,Foreign,1.0,0.0,0.0,0.0,0.0,0.0,0.0,373.0,0.0,0.0,0.0,0.0,0.0,0.0,0.0,0.0,808.0,2600.0,230.0,768.0,0.0,0.0,193.0,1350.0,0.0,0.0
2024-03,KOTAK MAHINDRA BANK,KOTAK MAHINDRA BANK LTD,Private sector,1766.0,1525.0,78429.0,4435.0,115273.0,529249.0,5954361.0,34269936.0,12086188.0,28896500.0,5018068.0,44118475.0,0.0,0.0,48751.0,217466.0,2582118.0,5910465.0,2243560.0,6680271.0,0.0,0.0,14150680.0,61076644.0,0.0,0.0
2024-03,NAINITAL BANK,NAINITAL BANK LTD,Private sector,0.0,0.0,0.0,0.0,0.0,0.0,0.0,251780.0,0.0,0.0,0.0,0.0,0.0,0.0,0.0,0.0,17928.0,33854.0,5978.0,17119.0,0.0,0.0,82121.0,396266.0,20.0,12.0
2024-03,NORTH EAST SMALL FINANCE BANK,NORTH EAST SMALL FINANCE BANK LTD,Small finance,18.0,1.0,0.0,0.0,0.0,0.0,0.0,441410.0,0.0,0.0,0.0,0.0,0.0,0.0,0.0,0.0,6267.0,8311.0,0.0,0.0,0.0,0.0,54020.0,261415.0,0.0,0.0
2024-03,NSDL PAYMENTS BANK,NSDL PAYMENTS BANK,Payments bank,0.0,0.0,0.0,495047.0,0.0,0.0,0.0,907860.0,0.0,0.0,0.0,0.0,0.0,0.0,0.0,0.0,2316.0,2467.0,39245.0,27872.0,0.0,0.0,74854.0,193092.0,0.0,0.0
2024-03,PAYTM PAYMENTS BANK,PAYTM PAYMENTS BANK,Payments bank,0.0,0.0,724593.0,0.0,0.0,35560449.0,0.0,32299494.0,0.0,0.0,0.0,0.0,0.0,0.0,0.0,0.0,41011.0,53708.0,127282.0,238095.0,0.0,0.0,259659.0,1137577.0,0.0,0.0
2024-03,PUNJAB AND SIND BANK,PUNJAB AND SIND BANK,Public sector,1009.0,26.0,673.0,751.0,820.0,121714.0,0.0,3919246.0,0.0,0.0,0.0,0.0,0.0,0.0,0.0,0.0,354404.0,850410.0,166776.0,408535.0,0.0,0.0,1572672.0,7528994.0,0.0,0.0
2024-03,PUNJAB NATIONAL BANK,PUNJAB NATIONAL BANK,Public sector,7794.0,4337.0,37664.0,11265.0,668301.0,587891.0,523489.0,40080990.0,401395.0,1596905.0,248009.0,1450374.0,2.0,180.0,10353.0,29930.0,5091808.0,12688681.0,1806600.0,4218684.0,0.0,0.0,28996422.0,148356463.0,0.0,0.0
2024-03,RBL BANK,RBL BANK LTD,Private sector,359.0,36.0,863590.0,0.0,3429.0,122682.0,5189180.0,1485100.0,7278853.0,38692362.0,3467722.0,40310134.0,0.0,0.0,47097.0,186381.0,199007.0,496688.0,109065.0,806177.0,105.0,8447.0,749141.0,3645841.0,0.0,0.0
2024-03,SBM BANK INDIA,SBM BANK INDIA LTD,Foreign,0.0,0.0,0.0,2104.0,0.0,0.0,940019.0,772513.0,278504.0,372564.0,485246.0,813196.0,0.0,0.0,2538.0,9468.0,8722.0,22994.0,11129.0,31208.0,0.0,0.0,151225.0,233221.0,0.0,0.0
2024-03,SHIVALIK SMALL FINANCE BANK,SHIVALIK SMALL FINANCE BANK LTD,Small finance,0.0,0.0,0.0,0.0,0.0,0.0,0.0,82037.0,0.0,0.0,0.0,0.0,0.0,0.0,0.0,0.0,4413.0,11515.0,3515.0,13614.0,0.0,0.0,34145.0,191819.0,0.0,0.0
2024-03,SOUTH INDIAN BANK,SOUTH INDIAN BANK,Private sector,909.0,412.0,17787.0,0.0,15802.0,92888.0,405166.0,3658353.0,805154.0,2963217.0,797108.0,5893168.0,0.0,0.0,0.0,0.0,1143553.0,2669475.0,191866.0,889632.0,0.0,0.0,3094164.0,15353274.0,0.0,0.0
2024-03,STANDARD CHARTERED BANK,STANDARD CHARTERED BANK LTD,Foreign,102.0,64.0,0.0,0.0,0.0,0.0,1021986.0,1105271.0,1264735.0,4281027.0,1371991.0,7092420.0,0.0,0.0,2702.0,16642.0,447717.0,1338501.0,177221.0,623178.0,30.0,454.0,754926.0,3885525.0,0.0,0.0
2024-03,STATE BANK OF INDIA,STATE BANK OF INDIA,Public sector,24513.0,39067.0,1366851.0,51722.0,885613.0,3985919.0,18889005.0,228683311.0,27197823.0,100129693.0,30239913.0,149519484.0,0.0,0.0,140526.0,584020.0,35618808.0,82596313.0,8566644.0,22396351.0,1202.0,18391.0,172320753.0,889019427.0,22637.0,21493.0
2024-03,SURYODAY SMALL FINANCE BANK,SURYODAY SMALL FINANCE BANK LTD,Small finance,0.0,0.0,0.0,67.0,0.0,0.0,0.0,771700.0,0.0,0.0,0.0,0.0,0.0,0.0,0.0,0.0,33523.0,39156.0,732.0,2741.0,0.0,0.0,677371.0,453581.0,0.0,0.0
2024-03,TAMILNAD MERCANTILE BANK,TAMILNAD MERCANTILE BANK LTD,Private sector,498.0,660.0,1935.0,0.0,0.0,134212.0,31797.0,2259736.0,44789.0,196534.0,17104.0,117284.0,0.0,0.0,2414.0,9877.0,357803.0,951667.0,40240.0,128606.0,84.0,275.0,5058540.0,21811906.0,0.0,0.0
2024-03,UCO BANK,UCO BANK,Public sector,2249.0,228.0,10993.0,3568.0,524.0,1054551.0,0.0,12911872.0,0.0,0.0,0.0,0.0,0.0,0.0,0.0,0.0,1066646.0,2534722.0,596852.0,1285736.0,768.0,13851.0,7052685.0,32960163.0,694.0,711.0
2024-03,UJJIVAN SMALL FINANCE BANK,UJJIVAN SMALL FINANCE BANK LTD,Small finance,592.0,4.0,0.0,0.0,0.0,589112.0,0.0,10263662.0,0.0,0.0,0.0,0.0,0.0,0.0,0.0,0.0,214834.0,425027.0,68866.0,189032.0,0.0,0.0,3921340.0,17147789.0,63.0,56.0
2024-03,UNION BANK OF INDIA,UNION BANK OF INDIA,Public sector,7692.0,1999.0,39221.0,8006.0,256893.0,282241.0,805836.0,54364252.0,680170.0,2888626.0,1276275.0,2936469.0,0.0,0.0,19546.0,98683.0,5624251.0,12230089.0,2870117.0,6036377.0,2842.0,11402.0,48309877.0,148684435.0,6292.0,5591.0
2024-03,UNITY SMALL FINANCE BANK,UNITY SMALL FINANCE BANK LTD,Small finance,232.0,0.0,32.0,0.0,0.0,0.0,0.0,1162.0,0.0,0.0,0.0,0.0,0.0,0.0,0.0,0.0,51.0,67.0,4.0,1.0,0.0,0.0,321.0,640.0,0.0,0.0
2024-03,UTKARSH SMALL FINANCE BANK,UTKARSH SMALL FINANCE BANK LTD,Small finance,313.0,7.0,0.0,615.0,0.0,37188.0,377.0,1884304.0,477.0,1573.0,273.0,2783.0,0.0,0.0,0.0,0.0,34184.0,76497.0,11576.0,33654.0,19.0,208.0,346224.0,1571375.0,0.0,0.0
2024-03,WOORI BANK,WOORI BANK,Foreign,0.0,0.0,0.0,0.0,0.0,0.0,0.0,1139.0,0.0,0.0,0.0,0.0,0.0,0.0,0.0,0.0,2581.0,8852.0,990.0,2668.0,0.0,0.0,835.0,6170.0,0.0,0.0
2024-03,YES BANK,YES BANK LTD,Private sector,1121.0,167.0,75703.0,92316.0,290182.0,187762946.0,2067536.0,4829134.0,4915853.0,12649774.0,1130413.0,14491621.0,0.0,0.0,18726.0,92123.0,700196.0,1736565.0,198867.0,974687.0,33.0,648.0,2678634.0,13726794.0,0.0,0.0
2024-04,AIRTEL PAYMENTS BANK,AIRTEL PAYMENTS BANK,Payments bank,0.0,0.0,0.0,123461.0,0.0,3081933.0,0.0,2632166.0,0.0,0.0,0.0,0.0,0.0,0.0,0.0,0.0,25487.0,24946.0,275472.0,295547.0,0.0,0.0,168081.0,739649.0,0.0,0.0
2024-04,AMERICAN EXPRESS BANKING CORPORATION,AMERICAN EXPRESS BANKING CORPORATION,Foreign,0.0,0.0,50188.0,0.0,0.0,0.0,1354029.0,0.0,1248967.0,10389668.0,3634197.0,34405476.0,0.0,0.0,0.0,0.0,0.0,0.0,0.0,0.0,0.0,0.0,0.0,0.0,0.0,0.0
2024-04,AU SMALL FINANCE BANK,AU SMALL FINANCE BANK LTD,Small finance,687.0,5.0,0.0,840.0,0.0,304105.0,976536.0,8633841.0,1085388.0,7139744.0,1576894.0,10547653.0,538.0,599.0,5888.0,34144.0,234545.0,586337.0,172201.0,879713.0,157.0,2264.0,2027924.0,12163162.0,11.0,11.0
2024-04,AXIS BANK,AXIS BANK LTD,Private sector,6284.0,9574.0,1811550.0,541.0,769179.0,81749351.0,14223475.0,35129160.0,32100725.0,81408525.0,22854726.0,103459164.0,0.0,0.0,93310.0,436086.0,5621405.0,17600720.0,2537629.0,14880944.0,14218.0,373255.0,19230030.0,122995138.0,0.0,0.0
2024-04,BANDHAN BANK,BANDHAN BANK LTD,Private sector,433.0,5.0,58044.0,0.0,0.0,0.0,27.0,5644892.0,45.0,72.0,64.0,47.0,0.0,0.0,3.0,6.0,291651.0,963701.0,93963.0,358781.0,0.0,0.0,2283995.0,12816893.0,1736.0,1736.0
2024-04,BANK OF AMERICA,BANK OF AMERICA,Foreign,0.0,0.0,0.0,0.0,0.0,0.0,0.0,0.0,0.0,0.0,0.0,0.0,0.0,0.0,0.0,0.0,0.0,0.0,0.0,0.0,0.0,0.0,0.0,0.0,0.0,0.0
2024-04,BANK OF BAHRAIN AND KUWAIT B S C,BANK OF BAHRAIN & KUWAIT B.S.C.,Foreign,0.0,0.0,0.0,0.0,0.0,0.0,0.0,272.0,0.0,0.0,0.0,0.0,0.0,0.0,0.0,0.0,1240.0,3799.0,127.0,3614.0,0.0,0.0,1451.0,7942.0,0.0,0.0
2024-04,BANK OF BARODA,BANK OF BARODA,Public sector,8083.0,2631.0,38491.0,45378.0,11605.0,1872633.0,2553872.0,80700138.0,2467681.0,9313995.0,2265594.0,14227261.0,0.0,0.0,19695.0,96521.0,4124584.0,9652288.0,501908.0,2699354.0,23.0,71.0,25103105.0,125165874.0,387.0,425.0
2024-04,BANK OF INDIA,BANK OF INDIA,Public sector,5329.0,2900.0,43215.0,18933.0,0.0,1102836.0,75738.0,45111110.0,150000.0,589651.0,62534.0,292554.0,0.0,0.0,8833.0,54595.0,2758192.0,5992011.0,804363.0,1316958.0,0.0,0.0,15945755.0,67443079.0,929.0,966.0
2024-04,BANK OF MAHARASHTRA,BANK OF MAHARASHTRA,Public sector,1970.0,85.0,1466.0,1844.0,355014.0,966623.0,32900.0,13667691.0,51240.0,227084.0,18754.0,105287.0,0.0,0.0,901.0,4489.0,1296840.0,2310869.0,314593.0,562317.0,5623.0,64596.0,5859767.0,26355974.0,0.0,0.0
2024-04,BARCLAYS BANK,BARCLAYS BANK PLC,Foreign,0.0,0.0,0.0,0.0,1.0,0.0,0.0,769.0,0.0,0.0,0.0,0.0,0.0,0.0,0.0,0.0,136.0,832.0,23.0,91.0,0.0,0.0,375.0,3421.0,0.0,0.0
2024-04,CANARA BANK,CANARA BANK,Public sector,8217.0,3953.0,75919.0,13167.0,0.0,2299219.0,864054.0,57567033.0,997065.0,3704214.0,398404.0,2131550.0,0.0,0.0,88198.0,485351.0,6590098.0,18014556.0,1126096.0,3806987.0,4004.0,63960.0,32623190.0,158401733.0,540.0,474.0
2024-04,CAPITAL SMALL FINANCE BANK,CAPITAL SMALL FINANCE BANK LTD,Small finance,177.0,2.0,0.0,0.0,0.0,0.0,0.0,248266.0,0.0,0.0,0.0,0.0,0.0,0.0,0.0,0.0,26108.0,82470.0,4095.0,16708.0,0.0,0.0,114682.0,646941.0,0.0,0.0
2024-04,CENTRAL BANK OF INDIA,CENTRAL BANK OF INDIA,Public sector,2857.0,1144.0,3060.0,2453.0,18935.0,1302722.0,0.0,29024244.0,0.0,0.0,0.0,0.0,0.0,0.0,0.0,0.0,1683951.0,4178629.0,269538.0,810234.0,0.0,0.0,9086255.0,43634101.0,4137.0,4388.0
2024-04,CITI BANK,CITI BANK,Foreign,0.0,0.0,0.0,0.0,0.0,0.0,202096.0,0.0,133412.0,778257.0,231061.0,3030436.0,0.0,0.0,610.0,4806.0,0.0,0.0,0.0,0.0,0.0,0.0,0.0,0.0,0.0,0.0
2024-04,CITY UNION BANK,CITY UNION BANK LTD.,Private sector,1147.0,534.0,7012.0,68561.0,0.0,68862.0,27964.0,2781266.0,54808.0,225837.0,23389.0,198802.0,0.0,0.0,369.0,1708.0,410332.0,1168881.0,39545.0,112485.0,0.0,0.0,2533108.0,13858321.0,0.0,0.0
2024-04,CSB BANK,CSB BANK LTD.,Private sector,692.0,49.0,0.0,0.0,11755.0,0.0,90439.0,872933.0,140598.0,568088.0,112329.0,1032093.0,0.0,0.0,0.0,0.0,174684.0,391487.0,16429.0,52905.0,4.0,11.0,440614.0,2231149.0,3.0,3.0
2024-04,DBS BANK INDIA,DBS INDIA BANK LTD,Foreign,438.0,472.0,624.0,93.0,0.0,6198.0,555259.0,2021885.0,481047.0,2300098.0,214869.0,1702843.0,0.0,0.0,3978.0,12371.0,235994.0,552962.0,111499.0,307919.0,0.0,0.0,836807.0,4412867.0,0.0,0.0
2024-04,DCB BANK,DCB BANK LTD,Private sector,413.0,5.0,8047.0,0.0,13152.0,0.0,0.0,879606.0,0.0,0.0,0.0,0.0,0.0,0.0,0.0,0.0,82680.0,249840.0,39251.0,140068.0,248.0,7152.0,376918.0,1535370.0,0.0,0.0
2024-04,DEUTSCHE BANK,DEUTSCHE BANK LTD,Foreign,13.0,2.0,0.0,0.0,0.0,2.0,0.0,112062.0,0.0,0.0,0.0,0.0,0.0,0.0,0.0,0.0,29694.0,94344.0,12870.0,55127.0,0.0,0.0,32019.0,190931.0,0.0,0.0
2024-04,DHANALAKSHMI BANK,DHANALAKSHMI BANK LTD,Private sector,240.0,40.0,1571.0,0.0,0.0,33016.0,11454.0,540660.0,23691.0,56088.0,6125.0,23349.0,1.0,5.0,261.0,930.0,172554.0,345274.0,8480.0,18898.0,0.0,0.0,454668.0,2041222.0,0.0,0.0
2024-04,DOHA BANK Q P S C,DOHA BANK Q.P.S.C.,Foreign,2.0,0.0,0.0,0.0,0.0,0.0,0.0,21520.0,0.0,0.0,0.0,0.0,0.0,0.0,0.0,0.0,862.0,2522.0,205.0,574.0,0.0,0.0,2061.0,11690.0,0.0,0.0
2024-04,EQUITAS SMALL FINANCE BANK,EQUITAS SMALL FINANCE BANK LTD,Small finance,361.0,4.0,25683.0,320.0,45553.0,0.0,0.0,1839558.0,0.0,0.0,0.0,0.0,0.0,0.0,0.0,0.0,141497.0,325870.0,41444.0,136887.0,0.0,0.0,2934948.0,8038130.0,0.0,0.0
2024-04,ESAF SMALL FINANCE BANK,ESAF SMALL FINANCE BANK LTD,Small finance,613.0,3.0,0.0,5170.0,0.0,0.0,0.0,5700155.0,0.0,0.0,0.0,0.0,0.0,0.0,0.0,0.0,176476.0,313856.0,13314.0,29740.0,0.0,0.0,936899.0,4649134.0,21.0,14.0
2024-04,FEDERAL BANK,FEDERAL BANK LTD,Private sector,1687.0,336.0,20236.0,947.0,2419.0,5172118.0,969871.0,13644506.0,1691367.0,5476729.0,1852921.0,9493122.0,0.0,0.0,3214.0,14427.0,3477095.0,8536379.0,1378541.0,5090811.0,2805.0,39797.0,8293021.0,42765547.0,53.0,49.0
2024-04,FINO PAYMENTS BANK,FINO PAYMENTS BANK,Payments bank,0.0,0.0,0.0,418646.0,0.0,15791.0,0.0,9202408.0,0.0,0.0,0.0,0.0,0.0,0.0,0.0,0.0,152973.0,401718.0,10756.0,11279.0,0.0,0.0,2193698.0,7358181.0,136.0,84.0
2024-04,HDFC BANK,HDFC BANK LTD,Private sector,11904.0,9114.0,1476272.0,4728.0,1920110.0,539647.0,20822152.0,55385752.0,56549835.0,157491333.0,31856390.0,251497586.0,0.0,0.0,222283.0,1375011.0,12142793.0,41746532.0,7887133.0,33658591.0,73440.0,1152662.0,37200707.0,241824146.0,5367.0,5332.0
2024-04,HSBC,HSBC LTD,Foreign,46.0,28.0,0.0,0.0,0.0,0.0,666161.0,735223.0,815430.0,2898094.0,1278208.0,6027862.0,0.0,0.0,2213.0,15685.0,243629.0,1054202.0,0.0,0.0,0.0,0.0,229932.0,1371941.0,0.0,0.0
2024-04,ICICI BANK,ICICI BANK LTD,Private sector,10068.0,7100.0,1705364.0,9809.0,589103.0,3501394.0,17008241.0,32216763.0,19517937.0,96912432.0,43882511.0,197118864.0,69.0,4386.0,76675.0,370288.0,7816497.0,27380436.0,3122446.0,19668625.0,8809.0,181751.0,17404171.0,122356484.0,5.0,1.0
2024-04,IDBI BANK,IDBI BANK LTD,Private sector,2326.0,982.0,14167.0,1539.0,11147.0,306003.0,35257.0,11832828.0,74637.0,277071.0,57867.0,203753.0,0.0,0.0,498.0,2691.0,1383092.0,3274167.0,259727.0,761289.0,0.0,0.0,5636443.0,28728002.0,67.0,68.0
2024-04,IDFC FIRST BANK,IDFC FIRST BANK LTD,Private sector,883.0,308.0,44837.0,9605.0,0.0,38079.0,2654208.0,6484278.0,6846373.0,15502539.0,1961362.0,12629046.0,0.0,0.0,29440.0,127469.0,718248.0,2110786.0,271285.0,1940716.0,0.0,0.0,4126939.0,20829166.0,0.0,0.0
2024-04,INDIA POST PAYMENTS BANK,INDIA POST PAYMENTS BANK,Payments bank,0.0,0.0,0.0,351198.0,0.0,1092677.0,0.0,15836363.0,0.0,0.0,0.0,0.0,0.0,0.0,0.0,0.0,0.0,0.0,429092.0,113266.0,0.0,0.0,0.0,0.0,0.0,0.0
2024-04,INDIAN BANK,INDIAN BANK,Public sector,4383.0,606.0,21590.0,11322.0,0.0,2648048.0,222890.0,32289290.0,203158.0,876021.0,117208.0,961579.0,0.0,0.0,4836.0,35367.0,3458204.0,8363665.0,848457.0,1770045.0,3556.0,59671.0,20256553.0,96728777.0,7630.0,7593.0
2024-04,INDIAN OVERSEAS BANK,INDIAN OVERSEAS BANK,Public sector,2773.0,732.0,0.0,6561.0,0.0,371117.0,82752.0,18336099.0,69692.0,202277.0,19359.0,67913.0,0.0,0.0,2458.0,12192.0,2497672.0,5761605.0,501075.0,1060056.0,0.0,0.0,11979763.0,51395640.0,0.0,0.0
2024-04,INDUSIND BANK,INDUSIND BANK LTD,Private sector,1838.0,1138.0,235181.0,146.0,59440.0,5891994.0,2936739.0,10935392.0,3960683.0,23828017.0,4490824.0,52045521.0,0.0,0.0,28770.0,152375.0,874177.0,2455016.0,643894.0,2982418.0,966.0,80602.0,4200096.0,26162593.0,0.0,0.0
2024-04,JAMMU AND KASHMIR BANK,JAMMU AND KASHMIR BANK LTD,Private sector,942.0,627.0,14306.0,942.0,0.0,423912.0,118333.0,4340498.0,195154.0,1505697.0,109884.0,375625.0,0.0,0.0,9254.0,38331.0,1642765.0,2677481.0,880190.0,647038.0,0.0,0.0,5848735.0,31985273.0,2.0,2.0
2024-04,JANA SMALL FINANCE BANK,JANA SMALL FINANCE BANK LTD,Small finance,59.0,2.0,0.0,152.0,0.0,499466.0,0.0,3312057.0,0.0,0.0,0.0,0.0,0.0,0.0,0.0,0.0,47101.0,106150.0,7935.0,25523.0,0.0,0.0,458852.0,2366471.0,0.0,0.0
2024-04,JIO PAYMENTS BANK,JIO PAYMENTS BANK,Payments bank,0.0,0.0,0.0,0.0,0.0,58059.0,0.0,64.0,0.0,0.0,0.0,0.0,0.0,0.0,0.0,0.0,1.0,0.0,1.0,0.0,0.0,0.0,1.0,4.0,0.0,0.0
2024-04,KARNATAKA BANK,KARNATAKA BANK LTD,Private sector,918.0,579.0,10130.0,0.0,0.0,81795.0,0.0,5277270.0,0.0,0.0,0.0,0.0,0.0,0.0,0.0,0.0,876140.0,1874169.0,78486.0,212217.0,0.0,0.0,3963298.0,19136713.0,0.0,0.0
2024-04,KARUR VYSYA BANK,KARUR VYSYA BANK LTD,Private sector,1469.0,801.0,8896.0,0.0,0.0,36759.0,10244.0,4822628.0,26940.0,178463.0,9421.0,121157.0,0.0,0.0,669.0,4973.0,1092514.0,2896265.0,172256.0,638748.0,0.0,0.0,4334989.0,21387536.0,0.0,0.0
2024-04,KEB HANA BANK,KEB HANA BANK,Foreign,1.0,0.0,0.0,0.0,0.0,0.0,0.0,1453.0,0.0,0.0,0.0,0.0,0.0,0.0,0.0,0.0,1249.0,4368.0,153.0,533.0,0.0,0.0,357.0,2346.0,0.0,0.0
2024-04,KOOKMIN BANK,KOOKMIN BANK,Foreign,1.0,0.0,0.0,0.0,0.0,0.0,0.0,379.0,0.0,0.0,0.0,0.0,0.0,0.0,0.0,0.0,800.0,2475.0,280.0,521.0,0.0,0.0,158.0,928.0,0.0,0.0
2024-04,KOTAK MAHINDRA BANK,KOTAK MAHINDRA BANK LTD,Private sector,1770.0,1480.0,79046.0,4441.0,120428.0,535549.0,6000473.0,34607507.0,12648052.0,29836194.0,4632588.0,40621956.0,0.0,0.0,51214.0,229505.0,2516999.0,5869799.0,2073866.0,5739577.0,0.0,0.0,12006143.0,57756048.0,0.0,0.0
2024-04,NAINITAL BANK,NAINITAL BANK LTD,Private sector,0.0,0.0,0.0,0.0,0.0,0.0,0.0,255210.0,0.0,0.0,0.0,0.0,0.0,0.0,0.0,0.0,16423.0,34948.0,6396.0,14745.0,0.0,0.0,77690.0,383497.0,13.0,16.0
2024-04,NORTH EAST SMALL FINANCE BANK,NORTH EAST SMALL FINANCE BANK LTD,Small finance,19.0,1.0,0.0,0.0,0.0,0.0,0.0,447833.0,0.0,0.0,0.0,0.0,0.0,0.0,0.0,0.0,4231.0,6061.0,2205.0,2121.0,0.0,0.0,52200.0,242223.0,17.0,19.0
2024-04,NSDL PAYMENTS BANK,NSDL PAYMENTS BANK,Payments bank,0.0,0.0,0.0,466793.0,0.0,0.0,0.0,992256.0,0.0,0.0,0.0,0.0,0.0,0.0,0.0,0.0,1876.0,2365.0,41428.0,30013.0,0.0,0.0,98830.0,192792.0,0.0,0.0
2024-04,PAYTM PAYMENTS BANK,PAYTM PAYMENTS BANK,Payments bank,0.0,0.0,0.0,0.0,0.0,0.0,0.0,32285282.0,0.0,0.0,0.0,0.0,0.0,0.0,0.0,0.0,1783.0,1259.0,6628.0,4757.0,0.0,0.0,3136.0,9413.0,0.0,0.0
2024-04,PUNJAB AND SIND BANK,PUNJAB AND SIND BANK,Public sector,1012.0,26.0,687.0,964.0,834.0,122989.0,0.0,3901929.0,0.0,0.0,0.0,0.0,0.0,0.0,0.0,0.0,355300.0,880241.0,157103.0,365806.0,0.0,0.0,1514312.0,7258596.0,0.0,0.0
2024-04,PUNJAB NATIONAL BANK,PUNJAB NATIONAL BANK,Public sector,7797.0,4306.0,37435.0,11265.0,670183.0,619530.0,529200.0,40132781.0,401303.0,1666436.0,224778.0,1275002.0,2.0,118.0,9915.0,29306.0,4616778.0,12037297.0,1615714.0,3605015.0,0.0,0.0,26300345.0,136119396.0,0.0,0.0
2024-04,RBL BANK,RBL BANK LTD,Private sector,360.0,36.0,1517438.0,0.0,3429.0,124002.0,5214593.0,1492756.0,7200567.0,36973019.0,2937610.0,32133927.0,0.0,0.0,48765.0,196976.0,187370.0,520621.0,105186.0,800300.0,91.0,4433.0,582128.0,3146324.0,0.0,0.0
2024-04,SBM BANK INDIA,SBM BANK INDIA LTD,Foreign,0.0,0.0,0.0,2066.0,0.0,0.0,934735.0,777851.0,267371.0,379486.0,449988.0,823825.0,0.0,0.0,3414.0,12945.0,7971.0,22715.0,10375.0,25332.0,0.0,0.0,122174.0,153285.0,0.0,0.0
2024-04,SHIVALIK SMALL FINANCE BANK,SHIVALIK SMALL FINANCE BANK LTD,Small finance,0.0,0.0,0.0,0.0,0.0,0.0,0.0,79599.0,0.0,0.0,0.0,0.0,0.0,0.0,0.0,0.0,4140.0,10919.0,3421.0,13028.0,0.0,0.0,31887.0,180348.0,0.0,0.0
2024-04,SOUTH INDIAN BANK,SOUTH INDIAN BANK,Private sector,910.0,410.0,18152.0,0.0,24832.0,93532.0,403742.0,3673619.0,773005.0,2812085.0,715765.0,5027546.0,0.0,0.0,0.0,0.0,1207970.0,3076778.0,186695.0,793259.0,0.0,0.0,2945638.0,14922092.0,0.0,0.0
2024-04,STANDARD CHARTERED BANK,STANDARD CHARTERED BANK LTD,Foreign,102.0,63.0,0.0,0.0,0.0,0.0,1025619.0,1082311.0,1371377.0,4630189.0,1411393.0,6627450.0,0.0,0.0,3107.0,19047.0,412487.0,1298586.0,164528.0,586078.0,33.0,733.0,683472.0,3491251.0,0.0,0.0
2024-04,STATE BANK OF INDIA,STATE BANK OF INDIA,Public sector,24660.0,38673.0,1380125.0,51268.0,888961.0,4042752.0,19003597.0,229196981.0,26878961.0,105228298.0,29897383.0,140723571.0,0.0,0.0,148211.0,622346.0,35034957.0,86654384.0,8243426.0,21699991.0,1089.0,15903.0,166926036.0,875579264.0,22026.0,21444.0
2024-04,SURYODAY SMALL FINANCE BANK,SURYODAY SMALL FINANCE BANK LTD,Small finance,0.0,0.0,0.0,67.0,0.0,0.0,0.0,736906.0,0.0,0.0,0.0,0.0,0.0,0.0,0.0,0.0,38168.0,44254.0,963.0,3048.0,0.0,0.0,98061.0,390921.0,0.0,0.0
2024-04,TAMILNAD MERCANTILE BANK,TAMILNAD MERCANTILE BANK LTD,Private sector,502.0,659.0,2005.0,0.0,0.0,137224.0,31790.0,2302391.0,43104.0,192668.0,15583.0,98875.0,0.0,0.0,2074.0,7980.0,357803.0,951667.0,40278.0,122523.0,109.0,339.0,4742772.0,20826095.0,0.0,0.0
2024-04,UCO BANK,UCO BANK,Public sector,2249.0,229.0,10834.0,3568.0,489.0,1068728.0,0.0,12939824.0,0.0,0.0,0.0,0.0,0.0,0.0,0.0,0.0,1050049.0,2674915.0,605078.0,1216274.0,807.0,14084.0,6719682.0,31784305.0,808.0,852.0
2024-04,UJJIVAN SMALL FINANCE BANK,UJJIVAN SMALL FINANCE BANK LTD,Small finance,596.0,4.0,0.0,0.0,0.0,594780.0,0.0,7013676.0,0.0,0.0,0.0,0.0,0.0,0.0,0.0,0.0,201994.0,400588.0,63578.0,151132.0,0.0,0.0,3389327.0,14426867.0,44.0,39.0
2024-04,UNION BANK OF INDIA,UNION BANK OF INDIA,Public sector,7687.0,2004.0,39883.0,8003.0,261228.0,282814.0,789716.0,54461957.0,792892.0,3321674.0,1493795.0,3301117.0,0.0,0.0,17278.0,77297.0,5405925.0,12410187.0,2713799.0,5708983.0,3146.0,12304.0,44396414.0,141138883.0,6158.0,6554.0
2024-04,UNITY SMALL FINANCE BANK,UNITY SMALL FINANCE BANK LTD,Small finance,232.0,0.0,0.0,0.0,0.0,0.0,0.0,9281.0,0.0,0.0,0.0,0.0,0.0,0.0,0.0,0.0,549.0,786.0,3.0,0.0,0.0,0.0,2821.0,7793.0,0.0,0.0
2024-04,UTKARSH SMALL FINANCE BANK,UTKARSH SMALL FINANCE BANK LTD,Small finance,313.0,7.0,0.0,624.0,0.0,37451.0,380.0,1895996.0,536.0,2052.0,335.0,2325.0,0.0,0.0,6.0,1.0,30843.0,73968.0,11642.0,31520.0,22.0,322.0,299287.0,1436314.0,0.0,0.0
2024-04,WOORI BANK,WOORI BANK,Foreign,0.0,0.0,0.0,0.0,0.0,0.0,0.0,1152.0,0.0,0.0,0.0,0.0,0.0,0.0,0.0,0.0,2388.0,8280.0,1040.0,2694.0,0.0,0.0,849.0,6126.0,0.0,0.0
2024-04,YES BANK,YES BANK LTD,Private sector,1130.0,167.0,77292.0,98118.0,294983.0,438596697.0,2111216.0,4875350.0,5072527.0,12928019.0,1000408.0,12824416.0,0.0,0.0,20282.0,101903.0,671288.0,1739838.0,182930.0,830521.0,36.0,692.0,2646574.0,13372970.0,143.0,124.0
2024-05,AIRTEL PAYMENTS BANK,AIRTEL PAYMENTS BANK,Payments bank,0.0,0.0,0.0,126572.0,0.0,2978708.0,0.0,2940669.0,0.0,0.0,0.0,0.0,0.0,0.0,0.0,0.0,32209.0,23436.0,225029.0,263026.0,0.0,0.0,180496.0,751763.0,0.0,0.0
2024-05,AMERICAN EXPRESS BANKING CORPORATION,AMERICAN EXPRESS BANKING CORPORATION,Foreign,0.0,0.0,50270.0,0.0,0.0,0.0,1360555.0,0.0,1323556.0,10976454.0,3832589.0,37488309.0,0.0,0.0,0.0,0.0,0.0,0.0,0.0,0.0,0.0,0.0,0.0,0.0,0.0,0.0
2024-05,AU SMALL FINANCE BANK,AU SMALL FINANCE BANK LTD,Small finance,688.0,5.0,0.0,839.0,0.0,309694.0,991635.0,8735374.0,1110752.0,7218812.0,1657890.0,11457259.0,1143.0,621.0,5072.0,29625.0,233918.0,577387.0,181927.0,936249.0,225.0,3324.0,1819076.0,9920358.0,119.0,119.0
2024-05,AXIS BANK,AXIS BANK LTD,Private sector,6296.0,8810.0,1857120.0,541.0,778059.0,83438750.0,14340543.0,35813397.0,32435706.0,80888525.0,23311525.0,111362891.0,0.0,0.0,86303.0,407758.0,5560061.0,17304046.0,2500082.0,12255050.0,13718.0,361249.0,19108778.0,120589541.0,0.0,0.0
2024-05,BANDHAN BANK,BANDHAN BANK LTD,Private sector,433.0,5.0,59262.0,0.0,0.0,0.0,0.0,5669330.0,0.0,0.0,0.0,0.0,0.0,0.0,0.0,0.0,275320.0,865465.0,92867.0,372834.0,0.0,0.0,2267221.0,12635959.0,192.0,202.0
2024-05,BANK OF AMERICA,BANK OF AMERICA,Foreign,0.0,0.0,0.0,0.0,0.0,0.0,0.0,0.0,0.0,0.0,0.0,0.0,0.0,0.0,0.0,0.0,0.0,0.0,0.0,0.0,0.0,0.0,0.0,0.0,0.0,0.0
2024-05,BANK OF BAHRAIN AND KUWAIT B S C,BANK OF BAHRAIN & KUWAIT B.S.C.,Foreign,0.0,0.0,0.0,0.0,0.0,0.0,0.0,370.0,0.0,0.0,0.0,0.0,0.0,0.0,0.0,0.0,1141.0,2758.0,137.0,4076.0,0.0,0.0,1516.0,7836.0,0.0,0.0
2024-05,BANK OF BARODA,BANK OF BARODA,Public sector,8176.0,2517.0,39897.0,45057.0,14450.0,1922961.0,2575688.0,81434285.0,2470100.0,9493880.0,2402078.0,15777419.0,0.0,0.0,17763.0,87328.0,4060091.0,9357492.0,421604.0,2692827.0,18.0,45.0,24590143.0,120753592.0,373.0,377.0
2024-05,BANK OF INDIA,BANK OF INDIA,Public sector,5329.0,2900.0,42374.0,19340.0,0.0,1113311.0,75336.0,44929324.0,143662.0,573536.0,61062.0,296087.0,0.0,0.0,9689.0,59059.0,2724465.0,5739175.0,765846.0,1257957.0,0.0,0.0,15636632.0,65213405.0,287.0,308.0
2024-05,BANK OF MAHARASHTRA,BANK OF MAHARASHTRA,Public sector,2045.0,161.0,1470.0,1774.0,355014.0,895552.0,32777.0,13709988.0,49219.0,222031.0,18850.0,108293.0,0.0,0.0,920.0,4589.0,1286840.0,2282504.0,297954.0,573637.0,5802.0,65309.0,5820990.0,26092948.0,0.0,0.0
2024-05,BARCLAYS BANK,BARCLAYS BANK PLC,Foreign,0.0,0.0,0.0,0.0,1.0,0.0,0.0,773.0,0.0,0.0,0.0,0.0,0.0,0.0,0.0,0.0,81.0,285.0,33.0,153.0,0.0,0.0,397.0,3642.0,0.0,0.0
2024-05,CANARA BANK,CANARA BANK,Public sector,8281.0,3958.0,77111.0,13167.0,0.0,2514139.0,887767.0,57401577.0,1019280.0,3831236.0,416920.0,2286618.0,0.0,0.0,92442.0,509330.0,6713398.0,18546497.0,1130350.0,4090723.0,4045.0,63496.0,32083461.0,155827575.0,515.0,430.0
2024-05,CAPITAL SMALL FINANCE BANK,CAPITAL SMALL FINANCE BANK LTD,Small finance,177.0,2.0,0.0,0.0,0.0,0.0,0.0,247179.0,0.0,0.0,0.0,0.0,0.0,0.0,0.0,0.0,28208.0,94553.0,4055.0,18023.0,0.0,0.0,120139.0,687919.0,0.0,0.0
2024-05,CENTRAL BANK OF INDIA,CENTRAL BANK OF INDIA,Public sector,2857.0,1144.0,3119.0,2453.0,21273.0,1337330.0,0.0,28627001.0,0.0,0.0,0.0,0.0,0.0,0.0,0.0,0.0,1654335.0,4073860.0,260602.0,792563.0,0.0,0.0,8879663.0,41610041.0,2309.0,3356.0
2024-05,CITI BANK,CITI BANK,Foreign,0.0,0.0,0.0,0.0,0.0,0.0,201473.0,0.0,143228.0,812457.0,242143.0,4347944.0,0.0,0.0,547.0,4331.0,0.0,0.0,0.0,0.0,0.0,0.0,0.0,0.0,0.0,0.0
2024-05,CITY UNION BANK,CITY UNION BANK LTD.,Private sector,1144.0,530.0,7016.0,67443.0,0.0,70715.0,28055.0,2799359.0,52026.0,274017.0,31693.0,275474.0,0.0,0.0,386.0,1870.0,420970.0,1229480.0,40094.0,127255.0,0.0,0.0,2634987.0,14550510.0,0.0,0.0
2024-05,CSB BANK,CSB BANK LTD.,Private sector,701.0,48.0,0.0,0.0,11439.0,0.0,104120.0,879581.0,183223.0,643066.0,594220.0,1310228.0,0.0,0.0,0.0,0.0,169492.0,366689.0,15569.0,45991.0,2.0,20.0,437145.0,2220364.0,3.0,1.0
2024-05,DBS BANK INDIA,DBS INDIA BANK LTD,Foreign,440.0,340.0,551.0,93.0,0.0,6371.0,486482.0,1714035.0,503381.0,2495261.0,233704.0,1948370.0,0.0,0.0,3912.0,11484.0,236532.0,575259.0,114749.0,260884.0,0.0,0.0,854713.0,4547393.0,0.0,0.0
2024-05,DCB BANK,DCB BANK LTD,Private sector,413.0,5.0,8034.0,0.0,13759.0,0.0,0.0,907416.0,0.0,0.0,0.0,0.0,0.0,0.0,0.0,0.0,86231.0,252815.0,40773.0,156011.0,278.0,8035.0,290078.0,1543549.0,0.0,0.0
2024-05,DEUTSCHE BANK,DEUTSCHE BANK LTD,Foreign,13.0,2.0,0.0,0.0,0.0,4.0,0.0,112810.0,0.0,0.0,0.0,0.0,0.0,0.0,0.0,0.0,29330.0,94282.0,11572.0,48246.0,0.0,0.0,32691.0,199323.0,0.0,0.0
2024-05,DHANALAKSHMI BANK,DHANALAKSHMI BANK LTD,Private sector,241.0,39.0,1519.0,0.0,0.0,33438.0,11610.0,541949.0,24326.0,56813.0,6617.0,27506.0,0.0,0.0,251.0,832.0,171790.0,344331.0,8159.0,22413.0,0.0,0.0,449860.0,2019848.0,0.0,0.0
2024-05,DOHA BANK Q P S C,DOHA BANK Q.P.S.C.,Foreign,2.0,0.0,0.0,0.0,0.0,0.0,0.0,21696.0,0.0,0.0,0.0,0.0,0.0,0.0,0.0,0.0,863.0,2723.0,214.0,578.0,0.0,0.0,2021.0,11442.0,0.0,0.0
2024-05,EQUITAS SMALL FINANCE BANK,EQUITAS SMALL FINANCE BANK LTD,Small finance,362.0,4.0,19603.0,320.0,46570.0,0.0,0.0,1839687.0,0.0,0.0,0.0,0.0,0.0,0.0,0.0,0.0,142348.0,325444.0,40878.0,142081.0,0.0,0.0,2760584.0,7502369.0,0.0,0.0
2024-05,ESAF SMALL FINANCE BANK,ESAF SMALL FINANCE BANK LTD,Small finance,618.0,2.0,0.0,5275.0,0.0,0.0,0.0,5731566.0,0.0,0.0,0.0,0.0,0.0,0.0,0.0,0.0,175156.0,303820.0,14309.0,33509.0,0.0,0.0,912915.0,4450132.0,21.0,9.0
2024-05,FEDERAL BANK,FEDERAL BANK LTD,Private sector,1695.0,335.0,20281.0,589.0,1815.0,5260484.0,985499.0,13628382.0,1902127.0,6597729.0,1813295.0,9933501.0,0.0,0.0,4261.0,19811.0,3451855.0,8300169.0,1349704.0,5688210.0,2859.0,44468.0,8256521.0,42483527.0,42.0,39.0
2024-05,FINO PAYMENTS BANK,FINO PAYMENTS BANK,Payments bank,0.0,0.0,0.0,422109.0,0.0,16618.0,0.0,9335641.0,0.0,0.0,0.0,0.0,0.0,0.0,0.0,0.0,147222.0,318650.0,10387.0,15272.0,0.0,0.0,2180857.0,7077731.0,119.0,71.0
2024-05,HDFC BANK,HDFC BANK LTD,Private sector,12062.0,9070.0,1487521.0,4745.0,1950894.0,575652.0,21111287.0,55912530.0,60033185.0,162511296.0,32790331.0,251553515.0,0.0,0.0,215580.0,1351133.0,12097915.0,41634530.0,7785767.0,34427313.0,76876.0,1186033.0,36659269.0,239575569.0,491.0,504.0
2024-05,HSBC,HSBC LTD,Foreign,46.0,28.0,0.0,0.0,0.0,0.0,682467.0,746654.0,844500.0,2962547.0,1324148.0,6145067.0,0.0,0.0,2322.0,17116.0,235000.0,1006998.0,0.0,0.0,0.0,0.0,230916.0,1387385.0,0.0,0.0
2024-05,ICICI BANK,ICICI BANK LTD,Private sector,10103.0,6957.0,1726830.0,9840.0,589902.0,3530011.0,17084977.0,32215894.0,19821248.0,99084962.0,47699861.0,220787826.0,59.0,5272.0,73163.0,355368.0,7734235.0,26948577.0,3170279.0,20293907.0,8657.0,187992.0,17148228.0,120788815.0,1.0,0.0
2024-05,IDBI BANK,IDBI BANK LTD,Private sector,2328.0,970.0,14062.0,1539.0,11144.0,308455.0,35605.0,11933852.0,72223.0,281212.0,57979.0,207635.0,0.0,0.0,484.0,2791.0,1336242.0,3175562.0,255513.0,747499.0,0.0,0.0,5520011.0,27950539.0,95.0,41.0
2024-05,IDFC FIRST BANK,IDFC FIRST BANK LTD,Private sector,894.0,308.0,45494.0,8956.0,0.0,38079.0,2743113.0,6556382.0,7492564.0,17520125.0,1871097.0,12410741.0,0.0,0.0,29012.0,128038.0,719622.0,2118474.0,259720.0,2033641.0,0.0,0.0,4138363.0,20512513.0,0.0,0.0
2024-05,INDIA POST PAYMENTS BANK,INDIA POST PAYMENTS BANK,Payments bank,0.0,0.0,0.0,156505.0,0.0,1126005.0,0.0,16353298.0,0.0,0.0,0.0,0.0,0.0,0.0,0.0,0.0,0.0,0.0,274524.0,104805.0,0.0,0.0,0.0,0.0,0.0,0.0
2024-05,INDIAN BANK,INDIAN BANK,Public sector,4440.0,612.0,21606.0,11588.0,0.0,2686640.0,226552.0,32302570.0,204108.0,904503.0,124737.0,1076333.0,0.0,0.0,5059.0,37399.0,3485227.0,8644831.0,808992.0,1774296.0,490.0,7927.0,20287507.0,96856465.0,1540.0,1524.0
2024-05,INDIAN OVERSEAS BANK,INDIAN OVERSEAS BANK,Public sector,2773.0,732.0,0.0,6738.0,0.0,375754.0,79414.0,18545083.0,71419.0,209246.0,21698.0,74953.0,0.0,0.0,2530.0,12548.0,2531162.0,6007696.0,518093.0,1141365.0,0.0,0.0,12084295.0,51544451.0,0.0,0.0
2024-05,INDUSIND BANK,INDUSIND BANK LTD,Private sector,1854.0,1133.0,227165.0,146.0,59473.0,6134945.0,2966866.0,11138295.0,3929570.0,24762417.0,5148666.0,57552722.0,0.0,0.0,26682.0,139424.0,857182.0,2379727.0,642574.0,3147034.0,1062.0,81525.0,4151342.0,24152175.0,0.0,0.0
2024-05,JAMMU AND KASHMIR BANK,JAMMU AND KASHMIR BANK LTD,Private sector,943.0,628.0,14308.0,942.0,0.0,436489.0,120028.0,4389112.0,197898.0,1636234.0,106537.0,399430.0,0.0,0.0,9702.0,37698.0,976180.0,2496798.0,1339753.0,806157.0,0.0,0.0,5713004.0,29607393.0,0.0,0.0
2024-05,JANA SMALL FINANCE BANK,JANA SMALL FINANCE BANK LTD,Small finance,59.0,2.0,0.0,152.0,0.0,500400.0,0.0,3359366.0,0.0,0.0,0.0,0.0,0.0,0.0,0.0,0.0,45826.0,103905.0,7999.0,28166.0,0.0,0.0,401934.0,1953913.0,0.0,0.0
2024-05,JIO PAYMENTS BANK,JIO PAYMENTS BANK,Payments bank,0.0,0.0,0.0,0.0,0.0,60490.0,0.0,4298.0,0.0,0.0,0.0,0.0,0.0,0.0,0.0,0.0,5.0,6.0,52.0,133.0,2.0,4.0,3.0,4.0,0.0,0.0
2024-05,KARNATAKA BANK,KARNATAKA BANK LTD,Private sector,923.0,580.0,10254.0,0.0,0.0,84152.0,0.0,5311239.0,0.0,0.0,0.0,0.0,0.0,0.0,0.0,0.0,872784.0,1882511.0,78636.0,197610.0,0.0,0.0,3920711.0,19150164.0,0.0,0.0
2024-05,KARUR VYSYA BANK,KARUR VYSYA BANK LTD,Private sector,1467.0,798.0,8963.0,0.0,0.0,38217.0,10327.0,4864406.0,26795.0,187973.0,9958.0,137148.0,0.0,0.0,785.0,6132.0,1093654.0,2949307.0,166540.0,690848.0,0.0,0.0,4467555.0,22098396.0,0.0,0.0
2024-05,KEB HANA BANK,KEB HANA BANK,Foreign,1.0,0.0,0.0,0.0,0.0,0.0,0.0,1474.0,0.0,0.0,0.0,0.0,0.0,0.0,0.0,0.0,1015.0,3084.0,94.0,133.0,0.0,0.0,340.0,2255.0,0.0,0.0
2024-05,KOOKMIN BANK,KOOKMIN BANK,Foreign,1.0,0.0,0.0,0.0,0.0,0.0,0.0,384.0,0.0,0.0,0.0,0.0,0.0,0.0,0.0,0.0,817.0,2251.0,286.0,566.0,0.0,0.0,164.0,1033.0,0.0,0.0
2024-05,KOTAK MAHINDRA BANK,KOTAK MAHINDRA BANK LTD,Private sector,1788.0,1476.0,74765.0,4444.0,122638.0,549537.0,5935815.0,34461860.0,13273558.0,29971901.0,4723771.0,43419305.0,0.0,0.0,45462.0,210507.0,2440117.0,5748789.0,2264052.0,6006784.0,0.0,0.0,11727234.0,56162567.0,0.0,0.0
2024-05,NAINITAL BANK,NAINITAL BANK LTD,Private sector,0.0,0.0,0.0,0.0,0.0,0.0,0.0,258864.0,0.0,0.0,0.0,0.0,0.0,0.0,0.0,0.0,17465.0,35964.0,5510.0,13628.0,0.0,0.0,78338.0,387254.0,9.0,8.0
2024-05,NORTH EAST SMALL FINANCE BANK,NORTH EAST SMALL FINANCE BANK LTD,Small finance,19.0,1.0,0.0,0.0,0.0,0.0,0.0,455697.0,0.0,0.0,0.0,0.0,0.0,0.0,0.0,0.0,4404.0,6296.0,3048.0,3296.0,0.0,0.0,61124.0,243095.0,31.0,47.0
2024-05,NSDL PAYMENTS BANK,NSDL PAYMENTS BANK,Payments bank,0.0,0.0,0.0,490351.0,0.0,0.0,0.0,1105909.0,0.0,0.0,0.0,0.0,0.0,0.0,0.0,0.0,1360.0,1518.0,46170.0,39967.0,0.0,0.0,174580.0,348681.0,0.0,0.0
2024-05,PAYTM PAYMENTS BANK,PAYTM PAYMENTS BANK,Payments bank,0.0,0.0,0.0,0.0,0.0,0.0,0.0,32278975.0,0.0,0.0,0.0,0.0,0.0,0.0,0.0,0.0,693.0,402.0,2484.0,2192.0,0.0,0.0,960.0,2563.0,0.0,0.0
2024-05,PUNJAB AND SIND BANK,PUNJAB AND SIND BANK,Public sector,1021.0,27.0,725.0,1094.0,872.0,124754.0,0.0,3902727.0,0.0,0.0,0.0,0.0,0.0,0.0,0.0,0.0,356354.0,889714.0,139777.0,337154.0,0.0,0.0,1503131.0,7312667.0,0.0,0.0
2024-05,PUNJAB NATIONAL BANK,PUNJAB NATIONAL BANK,Public sector,7781.0,4309.0,37370.0,0.0,672418.0,637818.0,532295.0,40411045.0,402065.0,1651440.0,231787.0,1338310.0,2.0,145.0,9798.0,29865.0,4771925.0,12147127.0,1593517.0,3539086.0,0.0,0.0,26523773.0,135533618.0,0.0,0.0
2024-05,RBL BANK,RBL BANK LTD,Private sector,361.0,36.0,1415638.0,0.0,3429.0,125071.0,5232433.0,1505017.0,7326654.0,38981556.0,3123103.0,35995020.0,0.0,0.0,43451.0,174945.0,187054.0,518738.0,103266.0,691476.0,74.0,2221.0,575243.0,3009552.0,0.0,0.0
2024-05,SBM BANK INDIA,SBM BANK INDIA LTD,Foreign,0.0,0.0,0.0,2104.0,0.0,0.0,941456.0,783148.0,265334.0,384276.0,467424.0,962917.0,0.0,0.0,4019.0,15598.0,7960.0,20314.0,9864.0,25932.0,0.0,0.0,56984.0,108213.0,0.0,0.0
2024-05,SHIVALIK SMALL FINANCE BANK,SHIVALIK SMALL FINANCE BANK LTD,Small finance,0.0,0.0,0.0,0.0,0.0,0.0,0.0,75135.0,0.0,0.0,0.0,0.0,0.0,0.0,0.0,0.0,4321.0,10957.0,3398.0,14947.0,0.0,0.0,31529.0,174503.0,0.0,0.0
2024-05,SOUTH INDIAN BANK,SOUTH INDIAN BANK,Private sector,910.0,407.0,18116.0,0.0,26811.0,94314.0,401742.0,3681090.0,758970.0,2920144.0,759801.0,5530849.0,0.0,0.0,0.0,0.0,1200073.0,3020803.0,189646.0,853263.0,0.0,0.0,2971028.0,15049951.0,0.0,0.0
2024-05,STANDARD CHARTERED BANK,STANDARD CHARTERED BANK LTD,Foreign,102.0,64.0,0.0,0.0,0.0,0.0,1028511.0,1090953.0,1298747.0,4486910.0,1382144.0,6635217.0,0.0,0.0,2657.0,16884.0,401105.0,1253945.0,163478.0,571564.0,27.0,568.0,679893.0,3513245.0,0.0,0.0
2024-05,STATE BANK OF INDIA,STATE BANK OF INDIA,Public sector,24235.0,38570.0,1382550.0,51262.0,899360.0,4115457.0,19117365.0,231350829.0,27073289.0,109108278.0,32616731.0,154646127.0,0.0,0.0,137149.0,578502.0,34782372.0,85738372.0,8045909.0,20464315.0,1033.0,13834.0,161954495.0,849079191.0,20051.0,18850.0
2024-05,SURYODAY SMALL FINANCE BANK,SURYODAY SMALL FINANCE BANK LTD,Small finance,0.0,0.0,0.0,67.0,0.0,0.0,0.0,751209.0,0.0,0.0,0.0,0.0,0.0,0.0,0.0,0.0,17369.0,22803.0,922.0,2655.0,0.0,0.0,99710.0,392902.0,0.0,0.0
2024-05,TAMILNAD MERCANTILE BANK,TAMILNAD MERCANTILE BANK LTD,Private sector,503.0,659.0,2192.0,0.0,0.0,141167.0,32168.0,2311393.0,45371.0,205395.0,16606.0,107322.0,0.0,0.0,2256.0,8850.0,357803.0,951667.0,40072.0,130472.0,93.0,279.0,4994518.0,21978979.0,0.0,0.0
2024-05,UCO BANK,UCO BANK,Public sector,2243.0,228.0,10800.0,3568.0,455.0,1093975.0,0.0,12900680.0,0.0,0.0,0.0,0.0,0.0,0.0,0.0,0.0,1025460.0,2607331.0,570014.0,1168146.0,913.0,16327.0,6560752.0,30782043.0,777.0,802.0
2024-05,UJJIVAN SMALL FINANCE BANK,UJJIVAN SMALL FINANCE BANK LTD,Small finance,602.0,4.0,0.0,0.0,0.0,599868.0,0.0,7136177.0,0.0,0.0,0.0,0.0,0.0,0.0,0.0,0.0,197000.0,390471.0,59457.0,158299.0,0.0,0.0,3572183.0,15176229.0,43.0,40.0
2024-05,UNION BANK OF INDIA,UNION BANK OF INDIA,Public sector,7681.0,2010.0,42290.0,8001.0,269498.0,283574.0,783921.0,54841108.0,601928.0,2655575.0,1339957.0,2992100.0,0.0,0.0,13153.0,59028.0,5380225.0,12227583.0,2555936.0,5693156.0,2581.0,10014.0,44944003.0,138159768.0,3869.0,3497.0
2024-05,UNITY SMALL FINANCE BANK,UNITY SMALL FINANCE BANK LTD,Small finance,232.0,0.0,0.0,0.0,0.0,0.0,0.0,16250.0,0.0,0.0,0.0,0.0,0.0,0.0,0.0,0.0,2284.0,3720.0,49.0,775.0,0.0,0.0,8320.0,30060.0,0.0,0.0
2024-05,UTKARSH SMALL FINANCE BANK,UTKARSH SMALL FINANCE BANK LTD,Small finance,313.0,7.0,0.0,638.0,0.0,37786.0,384.0,1746312.0,448.0,1522.0,253.0,2177.0,0.0,0.0,1.0,1.0,30707.0,69053.0,12315.0,36750.0,34.0,564.0,287861.0,1401700.0,0.0,0.0
2024-05,WOORI BANK,WOORI BANK,Foreign,0.0,0.0,0.0,0.0,0.0,0.0,0.0,1170.0,0.0,0.0,0.0,0.0,0.0,0.0,0.0,0.0,2479.0,8664.0,1024.0,2882.0,0.0,0.0,700.0,5024.0,0.0,0.0
2024-05,YES BANK,YES BANK LTD,Private sector,1145.0,168.0,75836.0,100847.0,271323.0,445487793.0,2152111.0,4876512.0,5557094.0,13800327.0,1037730.0,12640329.0,0.0,0.0,18391.0,90508.0,657304.0,1707520.0,182613.0,930835.0,45.0,688.0,2501525.0,12716157.0,2.0,2.0
2024-06,AIRTEL PAYMENTS BANK,AIRTEL PAYMENTS BANK,Payments bank,0.0,0.0,0.0,129306.0,0.0,2931202.0,0.0,3278963.0,0.0,0.0,0.0,0.0,0.0,0.0,0.0,0.0,34671.0,26725.0,217913.0,255156.0,0.0,0.0,213819.0,897383.0,0.0,0.0
2024-06,AMERICAN EXPRESS BANKING CORPORATION,AMERICAN EXPRESS BANKING CORPORATION,Foreign,0.0,0.0,50323.0,0.0,0.0,0.0,1367400.0,0.0,1347151.0,10705782.0,3636205.0,32502097.0,0.0,0.0,0.0,0.0,0.0,0.0,0.0,0.0,0.0,0.0,0.0,0.0,0.0,0.0
2024-06,AU SMALL FINANCE BANK,AU SMALL FINANCE BANK LTD,Small finance,690.0,5.0,0.0,839.0,0.0,313767.0,1000547.0,8636551.0,1111328.0,6399322.0,1781305.0,11105190.0,668.0,409.0,4992.0,29621.0,223925.0,532120.0,194155.0,912176.0,295.0,4715.0,1728818.0,9314160.0,108.0,106.0
2024-06,AXIS BANK,AXIS BANK LTD,Private sector,6307.0,8686.0,1867530.0,541.0,805179.0,84813774.0,14457746.0,36163344.0,30808172.0,73156512.0,21659152.0,104346212.0,0.0,0.0,82090.0,384223.0,5335088.0,16169515.0,2337096.0,11795639.0,12799.0,340781.0,18595015.0,117623369.0,0.0,0.0
2024-06,BANDHAN BANK,BANDHAN BANK LTD,Private sector,433.0,5.0,60323.0,0.0,0.0,0.0,0.0,5746225.0,0.0,0.0,0.0,0.0,0.0,0.0,0.0,0.0,261052.0,801009.0,82194.0,389383.0,0.0,0.0,2242751.0,12600680.0,109.0,113.0
2024-06,BANK OF AMERICA,BANK OF AMERICA,Foreign,0.0,0.0,0.0,0.0,0.0,0.0,0.0,0.0,0.0,0.0,0.0,0.0,0.0,0.0,0.0,0.0,0.0,0.0,0.0,0.0,0.0,0.0,0.0,0.0,0.0,0.0
2024-06,BANK OF BAHRAIN AND KUWAIT B S C,BANK OF BAHRAIN & KUWAIT B.S.C.,Foreign,0.0,0.0,0.0,0.0,0.0,0.0,0.0,439.0,0.0,0.0,0.0,0.0,0.0,0.0,0.0,0.0,1287.0,4092.0,102.0,3746.0,0.0,0.0,1465.0,7750.0,0.0,0.0
2024-06,BANK OF BARODA,BANK OF BARODA,Public sector,8040.0,2379.0,41453.0,44886.0,15819.0,1974992.0,2585324.0,82805103.0,5177881.0,11258536.0,2891938.0,16089682.0,0.0,0.0,17040.0,83856.0,3812920.0,8582142.0,396481.0,2662609.0,39.0,114.0,23921987.0,117026201.0,392.0,365.0
2024-06,BANK OF INDIA,BANK OF INDIA,Public sector,5329.0,2904.0,41781.0,19608.0,0.0,1148510.0,75038.0,44779517.0,134535.0,533406.0,59908.0,285639.0,0.0,0.0,9312.0,57400.0,2551378.0,5262574.0,711184.0,1265797.0,0.0,0.0,15326052.0,63901428.0,294.0,308.0
2024-06,BANK OF MAHARASHTRA,BANK OF MAHARASHTRA,Public sector,2078.0,207.0,1451.0,1801.0,355014.0,902167.0,32620.0,13808105.0,46114.0,199254.0,17935.0,98466.0,0.0,0.0,905.0,4229.0,1225314.0,2286118.0,284519.0,637535.0,5981.0,65304.0,5823534.0,26437955.0,0.0,0.0
2024-06,BARCLAYS BANK,BARCLAYS BANK PLC,Foreign,0.0,0.0,0.0,0.0,1.0,0.0,0.0,776.0,0.0,0.0,0.0,0.0,0.0,0.0,0.0,0.0,121.0,271.0,13.0,35.0,0.0,0.0,433.0,4049.0,0.0,0.0
2024-06,CANARA BANK,CANARA BANK,Public sector,8308.0,3948.0,77878.0,13167.0,0.0,2612468.0,907085.0,57401698.0,1009355.0,3768511.0,393177.0,2224420.0,0.0,0.0,93716.0,514056.0,6334344.0,16734162.0,1034240.0,4222789.0,4086.0,64708.0,32019654.0,154989327.0,443.0,388.0
2024-06,CAPITAL SMALL FINANCE BANK,CAPITAL SMALL FINANCE BANK LTD,Small finance,177.0,2.0,0.0,0.0,0.0,0.0,0.0,245962.0,0.0,0.0,0.0,0.0,0.0,0.0,0.0,0.0,27345.0,80389.0,3593.0,17021.0,0.0,0.0,108962.0,602238.0,0.0,0.0
2024-06,CENTRAL BANK OF INDIA,CENTRAL BANK OF INDIA,Public sector,2857.0,1144.0,3134.0,2605.0,23448.0,1394964.0,0.0,28707297.0,0.0,0.0,0.0,0.0,0.0,0.0,0.0,0.0,1591370.0,3761110.0,229754.0,739827.0,0.0,0.0,8795419.0,41111810.0,1952.0,2754.0
2024-06,CITI BANK,CITI BANK,Foreign,0.0,0.0,0.0,0.0,0.0,0.0,205639.0,0.0,138508.0,856619.0,228394.0,3582358.0,0.0,0.0,434.0,3442.0,0.0,0.0,0.0,0.0,0.0,0.0,0.0,0.0,0.0,0.0
2024-06,CITY UNION BANK,CITY UNION BANK LTD.,Private sector,1149.0,530.0,6945.0,69922.0,0.0,70823.0,27579.0,2822694.0,53833.0,226033.0,22590.0,212600.0,0.0,0.0,307.0,1676.0,400519.0,1117208.0,39620.0,140118.0,0.0,0.0,2577959.0,14442797.0,0.0,0.0
2024-06,CSB BANK,CSB BANK LTD.,Private sector,710.0,47.0,0.0,0.0,11918.0,0.0,110860.0,883835.0,200403.0,645361.0,753464.0,1404546.0,0.0,0.0,0.0,0.0,160590.0,347850.0,14624.0,50678.0,2.0,22.0,433620.0,2156091.0,1.0,1.0
2024-06,DBS BANK INDIA,DBS INDIA BANK LTD,Foreign,440.0,342.0,546.0,93.0,0.0,6448.0,502134.0,1727436.0,505276.0,2352332.0,243558.0,2082096.0,0.0,0.0,3901.0,11502.0,224688.0,528950.0,115354.0,295724.0,0.0,0.0,828116.0,4427455.0,0.0,0.0
2024-06,DCB BANK,DCB BANK LTD,Private sector,413.0,5.0,8007.0,0.0,14175.0,0.0,0.0,934908.0,0.0,0.0,0.0,0.0,0.0,0.0,0.0,0.0,84101.0,241990.0,40468.0,156793.0,268.0,6832.0,279261.0,1495627.0,0.0,0.0
2024-06,DEUTSCHE BANK,DEUTSCHE BANK LTD,Foreign,13.0,2.0,0.0,0.0,0.0,6.0,0.0,110850.0,0.0,0.0,0.0,0.0,0.0,0.0,0.0,0.0,27833.0,86273.0,12780.0,47438.0,0.0,0.0,30140.0,181960.0,0.0,0.0
2024-06,DHANALAKSHMI BANK,DHANALAKSHMI BANK LTD,Private sector,241.0,39.0,1399.0,0.0,0.0,33513.0,11984.0,546640.0,23327.0,52757.0,6356.0,25527.0,1.0,7.0,232.0,820.0,159646.0,307912.0,6352.0,15787.0,0.0,0.0,445564.0,1953744.0,0.0,0.0
2024-06,DOHA BANK Q P S C,DOHA BANK Q.P.S.C.,Foreign,2.0,0.0,0.0,0.0,0.0,0.0,0.0,21959.0,0.0,0.0,0.0,0.0,0.0,0.0,0.0,0.0,988.0,3089.0,211.0,400.0,0.0,0.0,2057.0,11905.0,0.0,0.0
2024-06,EQUITAS SMALL FINANCE BANK,EQUITAS SMALL FINANCE BANK LTD,Small finance,366.0,4.0,7697.0,320.0,47001.0,0.0,0.0,1809119.0,0.0,0.0,0.0,0.0,0.0,0.0,0.0,0.0,135797.0,312552.0,36931.0,150801.0,0.0,0.0,2699950.0,7360836.0,0.0,0.0
2024-06,ESAF SMALL FINANCE BANK,ESAF SMALL FINANCE BANK LTD,Small finance,625.0,2.0,0.0,5386.0,0.0,0.0,0.0,5685503.0,0.0,0.0,0.0,0.0,0.0,0.0,0.0,0.0,162522.0,282057.0,13096.0,31397.0,0.0,0.0,891736.0,4361859.0,16.0,11.0
2024-06,FEDERAL BANK,FEDERAL BANK LTD,Private sector,1704.0,335.0,20384.0,589.0,867.0,5342589.0,997820.0,13691402.0,2002854.0,6350504.0,1811856.0,9420010.0,0.0,0.0,4836.0,22803.0,3207969.0,7551097.0,1276241.0,4938379.0,2761.0,39577.0,8044962.0,40546380.0,43.0,40.0
2024-06,FINO PAYMENTS BANK,FINO PAYMENTS BANK,Payments bank,0.0,0.0,0.0,426495.0,0.0,17444.0,0.0,9537718.0,0.0,0.0,0.0,0.0,0.0,0.0,0.0,0.0,147222.0,303739.0,8887.0,13951.0,0.0,0.0,2220935.0,7303133.0,122.0,77.0
2024-06,HDFC BANK,HDFC BANK LTD,Private sector,12114.0,9049.0,1509922.0,4004.0,1950499.0,604987.0,21333467.0,56396005.0,60877755.0,157446831.0,31927165.0,257070168.0,0.0,0.0,208325.0,1315480.0,11672311.0,38986020.0,7291184.0,34625398.0,73530.0,1109012.0,35452905.0,231632603.0,727.0,731.0
2024-06,HSBC,HSBC LTD,Foreign,46.0,28.0,0.0,0.0,0.0,0.0,698858.0,754217.0,870469.0,2966597.0,1309385.0,6288302.0,0.0,0.0,2310.0,16550.0,227632.0,981526.0,0.0,0.0,0.0,0.0,226853.0,1364929.0,0.0,0.0
2024-06,ICICI BANK,ICICI BANK LTD,Private sector,10166.0,6929.0,1735334.0,6252.0,591560.0,3558887.0,17268688.0,32064590.0,19499727.0,92132283.0,47020436.0,212837986.0,58.0,4617.0,68264.0,331795.0,7559595.0,26194412.0,2988918.0,20874528.0,7489.0,153184.0,16643801.0,117196080.0,4.0,2.0
2024-06,IDBI BANK,IDBI BANK LTD,Private sector,2332.0,961.0,14218.0,1539.0,2288.0,312473.0,36338.0,11992645.0,67016.0,248845.0,56492.0,202122.0,0.0,0.0,464.0,2729.0,1277408.0,2971333.0,242682.0,732043.0,0.0,0.0,5408948.0,27094266.0,99.0,47.0
2024-06,IDFC FIRST BANK,IDFC FIRST BANK LTD,Private sector,898.0,318.0,46601.0,7800.0,0.0,38079.0,2813627.0,6599079.0,7804146.0,17321568.0,1848591.0,11796260.0,0.0,0.0,27732.0,122547.0,695293.0,2015045.0,257120.0,2263082.0,0.0,0.0,4032156.0,19722420.0,0.0,0.0
2024-06,INDIA POST PAYMENTS BANK,INDIA POST PAYMENTS BANK,Payments bank,0.0,0.0,0.0,182715.0,0.0,1181065.0,0.0,17469059.0,0.0,0.0,0.0,0.0,0.0,0.0,0.0,0.0,0.0,0.0,197246.0,65876.0,0.0,0.0,0.0,0.0,0.0,0.0
2024-06,INDIAN BANK,INDIAN BANK,Public sector,4479.0,614.0,21656.0,11945.0,0.0,2699651.0,237766.0,32356053.0,207433.0,895302.0,131887.0,1016496.0,0.0,0.0,4759.0,35120.0,3308210.0,7739973.0,725983.0,1744199.0,169.0,609.0,20020225.0,95651410.0,1193.0,1147.0
2024-06,INDIAN OVERSEAS BANK,INDIAN OVERSEAS BANK,Public sector,2771.0,733.0,0.0,7078.0,0.0,380280.0,79101.0,18761988.0,69930.0,201766.0,21803.0,74796.0,0.0,0.0,2323.0,11592.0,2419183.0,5424624.0,477851.0,1138301.0,0.0,0.0,11926949.0,51148315.0,0.0,0.0
2024-06,INDUSIND BANK,INDUSIND BANK LTD,Private sector,1863.0,1127.0,227387.0,146.0,59595.0,6302804.0,2992748.0,11273667.0,3808067.0,23649918.0,5591645.0,53689941.0,0.0,0.0,25239.0,133111.0,818778.0,2219974.0,630713.0,3228781.0,928.0,56860.0,4187813.0,24816134.0,0.0,0.0
2024-06,JAMMU AND KASHMIR BANK,JAMMU AND KASHMIR BANK LTD,Private sector,947.0,631.0,14310.0,942.0,0.0,489793.0,120788.0,4416890.0,185866.0,1515941.0,90535.0,361175.0,0.0,0.0,9086.0,39786.0,919365.0,2251975.0,1190142.0,714427.0,0.0,0.0,5734875.0,31575202.0,0.0,0.0
2024-06,JANA SMALL FINANCE BANK,JANA SMALL FINANCE BANK LTD,Small finance,59.0,2.0,0.0,144.0,0.0,500994.0,0.0,3409378.0,0.0,0.0,0.0,0.0,0.0,0.0,0.0,0.0,44487.0,93039.0,7529.0,22381.0,0.0,0.0,393378.0,1894885.0,0.0,0.0
2024-06,JIO PAYMENTS BANK,JIO PAYMENTS BANK,Payments bank,0.0,0.0,0.0,0.0,0.0,68317.0,0.0,37313.0,0.0,0.0,0.0,0.0,0.0,0.0,0.0,0.0,1.0,0.0,2397.0,5637.0,0.0,0.0,0.0,0.0,0.0,0.0
2024-06,KARNATAKA BANK,KARNATAKA BANK LTD,Private sector,931.0,573.0,10333.0,0.0,0.0,86760.0,0.0,5343061.0,0.0,0.0,0.0,0.0,0.0,0.0,0.0,0.0,809262.0,1617242.0,67633.0,189734.0,0.0,0.0,3794505.0,18423034.0,0.0,0.0
2024-06,KARUR VYSYA BANK,KARUR VYSYA BANK LTD,Private sector,1467.0,786.0,9042.0,0.0,0.0,39721.0,10284.0,4911135.0,27118.0,180386.0,10007.0,132954.0,0.0,0.0,727.0,5666.0,1032073.0,2666676.0,152324.0,841779.0,0.0,0.0,4395846.0,21773493.0,0.0,0.0
2024-06,KEB HANA BANK,KEB HANA BANK,Foreign,1.0,0.0,0.0,0.0,0.0,0.0,0.0,1488.0,0.0,0.0,0.0,0.0,0.0,0.0,0.0,0.0,955.0,3550.0,61.0,173.0,0.0,0.0,262.0,1803.0,0.0,0.0
2024-06,KOOKMIN BANK,KOOKMIN BANK,Foreign,1.0,0.0,0.0,0.0,0.0,0.0,0.0,390.0,0.0,0.0,0.0,0.0,0.0,0.0,0.0,0.0,544.0,2182.0,230.0,565.0,0.0,0.0,135.0,880.0,0.0,0.0
2024-06,KOTAK MAHINDRA BANK,KOTAK MAHINDRA BANK LTD,Private sector,1800.0,1479.0,73864.0,4444.0,123618.0,561670.0,5517030.0,34427656.0,12439827.0,26713950.0,4425204.0,42905938.0,0.0,0.0,38167.0,177275.0,2339221.0,5394701.0,2165134.0,6054296.0,0.0,0.0,11371258.0,53928117.0,0.0,0.0
2024-06,NAINITAL BANK,NAINITAL BANK LTD,Private sector,0.0,0.0,0.0,0.0,0.0,0.0,0.0,262632.0,0.0,0.0,0.0,0.0,0.0,0.0,0.0,0.0,16846.0,31627.0,5298.0,14266.0,0.0,0.0,75123.0,362521.0,13.0,8.0
2024-06,NORTH EAST SMALL FINANCE BANK,NORTH EAST SMALL FINANCE BANK LTD,Small finance,19.0,1.0,0.0,0.0,0.0,0.0,0.0,460605.0,0.0,0.0,0.0,0.0,0.0,0.0,0.0,0.0,4614.0,6400.0,2585.0,2724.0,0.0,0.0,73231.0,255784.0,26.0,55.0
2024-06,NSDL PAYMENTS BANK,NSDL PAYMENTS BANK,Payments bank,0.0,0.0,0.0,414523.0,0.0,0.0,0.0,1222781.0,0.0,0.0,0.0,0.0,0.0,0.0,0.0,0.0,7195.0,10525.0,46118.0,33665.0,0.0,0.0,312736.0,560238.0,0.0,0.0
2024-06,PAYTM PAYMENTS BANK,PAYTM PAYMENTS BANK,Payments bank,0.0,0.0,0.0,0.0,0.0,0.0,0.0,32264225.0,0.0,0.0,0.0,0.0,0.0,0.0,0.0,0.0,263.0,139.0,958.0,609.0,0.0,0.0,120.0,367.0,0.0,0.0
2024-06,PUNJAB AND SIND BANK,PUNJAB AND SIND BANK,Public sector,1028.0,27.0,737.0,1230.0,883.0,126965.0,0.0,3820483.0,0.0,0.0,0.0,0.0,0.0,0.0,0.0,0.0,338863.0,798221.0,131158.0,329997.0,0.0,0.0,1418434.0,6782665.0,0.0,0.0
2024-06,PUNJAB NATIONAL BANK,PUNJAB NATIONAL BANK,Public sector,7775.0,4305.0,36275.0,0.0,673192.0,667556.0,524180.0,40564087.0,387716.0,1566284.0,224211.0,1296134.0,1.0,36.0,8770.0,26569.0,4584783.0,11193827.0,1445155.0,3476605.0,0.0,0.0,25924987.0,131299586.0,0.0,0.0
2024-06,RBL BANK,RBL BANK LTD,Private sector,362.0,36.0,1529389.0,0.0,3429.0,126039.0,5256416.0,1517240.0,5633684.0,27439986.0,4614842.0,44296933.0,0.0,0.0,43401.0,177173.0,175629.0,470406.0,94283.0,640621.0,56.0,2619.0,549201.0,2875299.0,0.0,0.0
2024-06,SBM BANK INDIA,SBM BANK INDIA LTD,Foreign,0.0,0.0,0.0,2098.0,0.0,0.0,944278.0,788018.0,263038.0,393479.0,462949.0,945886.0,0.0,0.0,4789.0,19037.0,8358.0,19670.0,9274.0,26158.0,0.0,0.0,31241.0,93271.0,0.0,0.0
2024-06,SHIVALIK SMALL FINANCE BANK,SHIVALIK SMALL FINANCE BANK LTD,Small finance,0.0,0.0,0.0,0.0,0.0,0.0,0.0,74659.0,0.0,0.0,0.0,0.0,0.0,0.0,0.0,0.0,4079.0,9506.0,2935.0,13538.0,0.0,0.0,28897.0,154527.0,0.0,0.0
2024-06,SOUTH INDIAN BANK,SOUTH INDIAN BANK,Private sector,911.0,387.0,18037.0,0.0,32188.0,95024.0,400063.0,3705989.0,716707.0,2628207.0,740616.0,5111477.0,0.0,0.0,0.0,0.0,1113478.0,2722169.0,180750.0,862544.0,0.0,0.0,2905714.0,14421382.0,0.0,0.0
2024-06,STANDARD CHARTERED BANK,STANDARD CHARTERED BANK LTD,Foreign,102.0,64.0,0.0,0.0,0.0,0.0,1032558.0,1099835.0,1215148.0,4076945.0,1287524.0,6134738.0,0.0,0.0,2486.0,15066.0,386786.0,1171195.0,151478.0,535850.0,26.0,759.0,666430.0,3477072.0,0.0,0.0
2024-06,STATE BANK OF INDIA,STATE BANK OF INDIA,Public sector,24103.0,38430.0,1395562.0,52110.0,902411.0,4174437.0,19238868.0,232034018.0,26435033.0,101563848.0,32643416.0,151101705.0,0.0,0.0,129172.0,548872.0,33223314.0,79298816.0,7367080.0,19631900.0,984.0,14323.0,160387626.0,839110898.0,18798.0,18896.0
2024-06,SURYODAY SMALL FINANCE BANK,SURYODAY SMALL FINANCE BANK LTD,Small finance,0.0,0.0,0.0,67.0,0.0,0.0,0.0,764924.0,0.0,0.0,0.0,0.0,0.0,0.0,0.0,0.0,17319.0,22505.0,975.0,2534.0,0.0,0.0,96930.0,380281.0,0.0,0.0
2024-06,TAMILNAD MERCANTILE BANK,TAMILNAD MERCANTILE BANK LTD,Private sector,504.0,658.0,2312.0,0.0,0.0,144788.0,32354.0,2317836.0,43255.0,191816.0,16033.0,109813.0,0.0,0.0,2116.0,8886.0,357803.0,951667.0,35367.0,135755.0,66.0,193.0,4871803.0,21456300.0,0.0,0.0
2024-06,UCO BANK,UCO BANK,Public sector,2242.0,227.0,10814.0,3568.0,415.0,1111048.0,0.0,12876674.0,0.0,0.0,0.0,0.0,0.0,0.0,0.0,0.0,981132.0,2357114.0,412903.0,909082.0,780.0,12999.0,6449947.0,30009600.0,658.0,694.0
2024-06,UJJIVAN SMALL FINANCE BANK,UJJIVAN SMALL FINANCE BANK LTD,Small finance,606.0,4.0,0.0,0.0,0.0,603958.0,0.0,7215966.0,0.0,0.0,0.0,0.0,0.0,0.0,0.0,0.0,181121.0,336374.0,53582.0,152452.0,0.0,0.0,3296381.0,13607131.0,26.0,25.0
2024-06,UNION BANK OF INDIA,UNION BANK OF INDIA,Public sector,7675.0,2016.0,45368.0,8004.0,272991.0,284566.0,776887.0,55157257.0,707030.0,2983172.0,1448049.0,3075388.0,0.0,0.0,14511.0,63865.0,5058643.0,11323055.0,2341224.0,5407331.0,2825.0,11282.0,44046781.0,135179215.0,1724.0,1747.0
2024-06,UNITY SMALL FINANCE BANK,UNITY SMALL FINANCE BANK LTD,Small finance,232.0,0.0,0.0,0.0,0.0,0.0,0.0,21698.0,0.0,0.0,0.0,0.0,0.0,0.0,0.0,0.0,3456.0,5781.0,114.0,230.0,0.0,0.0,10438.0,39749.0,1.0,0.0
2024-06,UTKARSH SMALL FINANCE BANK,UTKARSH SMALL FINANCE BANK LTD,Small finance,314.0,7.0,0.0,641.0,0.0,37865.0,392.0,1754698.0,406.0,2429.0,319.0,2586.0,22.0,6.0,0.0,0.0,30590.0,66959.0,11805.0,44455.0,26.0,244.0,253921.0,1321474.0,0.0,0.0
2024-06,WOORI BANK,WOORI BANK,Foreign,0.0,0.0,0.0,0.0,0.0,0.0,0.0,1191.0,0.0,0.0,0.0,0.0,0.0,0.0,0.0,0.0,2047.0,7634.0,922.0,2449.0,0.0,0.0,647.0,4666.0,0.0,0.0
2024-06,YES BANK,YES BANK LTD,Private sector,1142.0,164.0,76982.0,99850.0,277794.0,451254813.0,2216551.0,4938516.0,5721621.0,13547398.0,1032029.0,12214416.0,0.0,0.0,18186.0,91152.0,626192.0,1606173.0,175955.0,941476.0,45.0,894.0,2358736.0,12065305.0,21.0,21.0
2024-07,AIRTEL PAYMENTS BANK,AIRTEL PAYMENTS BANK,Payments bank,0.0,0.0,0.0,132073.0,0.0,2859700.0,0.0,3587055.0,0.0,0.0,0.0,0.0,0.0,0.0,0.0,0.0,46693.0,30034.0,224967.0,318845.0,0.0,0.0,239994.0,989983.0,0.0,0.0
2024-07,AMERICAN EXPRESS BANKING CORPORATION,AMERICAN EXPRESS BANKING CORPORATION,Foreign,0.0,0.0,50288.0,0.0,0.0,0.0,1384863.0,0.0,1368767.0,11383377.0,3966179.0,35574543.0,0.0,0.0,0.0,0.0,0.0,0.0,0.0,0.0,0.0,0.0,0.0,0.0,0.0,0.0
2024-07,AU SMALL FINANCE BANK,AU SMALL FINANCE BANK LTD,Small finance,691.0,5.0,0.0,841.0,0.0,320495.0,1009484.0,8612706.0,1122044.0,7132994.0,1855851.0,11274756.0,389.0,185.0,4814.0,28630.0,224286.0,546319.0,212393.0,934496.0,158.0,2144.0,1723650.0,9223910.0,128.0,130.0
2024-07,AXIS BANK,AXIS BANK LTD,Private sector,6323.0,8504.0,1885629.0,541.0,817494.0,86647597.0,14612080.0,36684421.0,33380047.0,80126191.0,26499871.0,124935680.0,0.0,0.0,87551.0,404582.0,5169276.0,16357132.0,2297847.0,12754080.0,13860.0,361453.0,18515631.0,115741106.0,0.0,0.0
2024-07,BANDHAN BANK,BANDHAN BANK LTD,Private sector,433.0,5.0,61808.0,0.0,590.0,0.0,0.0,5839090.0,0.0,0.0,0.0,0.0,0.0,0.0,0.0,0.0,270745.0,853212.0,92189.0,466749.0,0.0,0.0,2394039.0,13562437.0,146.0,139.0
2024-07,BANK OF AMERICA,BANK OF AMERICA,Foreign,0.0,0.0,0.0,0.0,0.0,0.0,0.0,0.0,0.0,0.0,0.0,0.0,0.0,0.0,0.0,0.0,0.0,0.0,0.0,0.0,0.0,0.0,0.0,0.0,0.0,0.0
2024-07,BANK OF BAHRAIN AND KUWAIT B S C,BANK OF BAHRAIN & KUWAIT B.S.C.,Foreign,0.0,0.0,0.0,0.0,0.0,0.0,0.0,553.0,0.0,0.0,0.0,0.0,0.0,0.0,0.0,0.0,1452.0,4883.0,124.0,3537.0,0.0,0.0,1483.0,7988.0,0.0,0.0
2024-07,BANK OF BARODA,BANK OF BARODA,Public sector,8254.0,2291.0,42009.0,44875.0,17062.0,2030912.0,2711000.0,83617762.0,5623715.0,11957631.0,3070545.0,17509808.0,0.0,0.0,15943.0,77758.0,3859383.0,8813177.0,604181.0,3291761.0,10.0,34.0,23914732.0,114983813.0,323.0,306.0
2024-07,BANK OF INDIA,BANK OF INDIA,Public sector,5330.0,2904.0,41599.0,19608.0,0.0,1150943.0,74540.0,41126319.0,141631.0,569189.0,70041.0,342685.0,0.0,0.0,9636.0,58483.0,2589745.0,5384472.0,823684.0,1487094.0,0.0,0.0,15532787.0,63589471.0,328.0,343.0
2024-07,BANK OF MAHARASHTRA,BANK OF MAHARASHTRA,Public sector,2096.0,230.0,1415.0,3164.0,355014.0,908167.0,31795.0,13925267.0,48122.0,217753.0,21114.0,114054.0,0.0,0.0,922.0,4434.0,1208872.0,2428869.0,299242.0,791982.0,5863.0,66290.0,5951744.0,26829377.0,0.0,0.0
2024-07,BARCLAYS BANK,BARCLAYS BANK PLC,Foreign,0.0,0.0,0.0,0.0,1.0,0.0,0.0,789.0,0.0,0.0,0.0,0.0,0.0,0.0,0.0,0.0,123.0,198.0,40.0,134.0,0.0,0.0,412.0,3790.0,0.0,0.0
2024-07,CANARA BANK,CANARA BANK,Public sector,8331.0,3924.0,76879.0,13167.0,0.0,2713847.0,896529.0,57659948.0,1036806.0,3890346.0,432932.0,2456336.0,0.0,0.0,97826.0,535997.0,6345542.0,16948270.0,1142164.0,5413215.0,4221.0,66592.0,31751647.0,150829458.0,389.0,323.0
2024-07,CAPITAL SMALL FINANCE BANK,CAPITAL SMALL FINANCE BANK LTD,Small finance,177.0,2.0,0.0,0.0,0.0,0.0,0.0,245620.0,0.0,0.0,0.0,0.0,0.0,0.0,0.0,0.0,27246.0,78305.0,3985.0,21072.0,0.0,0.0,118206.0,657501.0,0.0,0.0
2024-07,CENTRAL BANK OF INDIA,CENTRAL BANK OF INDIA,Public sector,2857.0,1144.0,3131.0,2605.0,25333.0,1503512.0,0.0,28970900.0,0.0,0.0,0.0,0.0,0.0,0.0,0.0,0.0,1544856.0,3766335.0,235934.0,845044.0,0.0,0.0,8653970.0,39463496.0,2094.0,2931.0
2024-07,CITI BANK,CITI BANK,Foreign,0.0,0.0,0.0,0.0,0.0,0.0,208285.0,0.0,150462.0,933582.0,269611.0,5216229.0,0.0,0.0,467.0,3958.0,0.0,0.0,0.0,0.0,0.0,0.0,0.0,0.0,0.0,0.0
2024-07,CITY UNION BANK,CITY UNION BANK LTD.,Private sector,1154.0,530.0,6870.0,70983.0,0.0,70994.0,27572.0,2853108.0,49323.0,222286.0,30000.0,223018.0,0.0,0.0,272.0,1354.0,432047.0,1201281.0,47324.0,156393.0,0.0,0.0,2598018.0,14420477.0,0.0,0.0
2024-07,CSB BANK,CSB BANK LTD.,Private sector,715.0,49.0,0.0,0.0,12525.0,0.0,118639.0,891137.0,210688.0,681213.0,855320.0,1483850.0,0.0,0.0,0.0,0.0,169508.0,367844.0,15340.0,54646.0,10.0,84.0,447830.0,2218735.0,7.0,9.0
2024-07,DBS BANK INDIA,DBS INDIA BANK LTD,Foreign,440.0,340.0,551.0,93.0,0.0,6583.0,514296.0,1732726.0,532130.0,2418689.0,283653.0,2434832.0,0.0,0.0,4092.0,11969.0,227631.0,547493.0,146354.0,347732.0,0.0,0.0,823875.0,4324649.0,0.0,0.0
2024-07,DCB BANK,DCB BANK LTD,Private sector,418.0,5.0,7991.0,0.0,14680.0,0.0,0.0,970596.0,0.0,0.0,0.0,0.0,0.0,0.0,0.0,0.0,86015.0,258288.0,42290.0,182581.0,277.0,8642.0,278407.0,1489725.0,0.0,0.0
2024-07,DEUTSCHE BANK,DEUTSCHE BANK LTD,Foreign,13.0,2.0,0.0,0.0,0.0,10.0,0.0,112218.0,0.0,0.0,0.0,0.0,0.0,0.0,0.0,0.0,27146.0,88679.0,12133.0,52683.0,0.0,0.0,28445.0,172198.0,0.0,0.0
2024-07,DHANALAKSHMI BANK,DHANALAKSHMI BANK LTD,Private sector,241.0,39.0,1462.0,0.0,0.0,34134.0,12376.0,547958.0,25778.0,58349.0,7085.0,28282.0,0.0,0.0,273.0,947.0,164835.0,323459.0,7219.0,24334.0,0.0,0.0,451442.0,1956005.0,0.0,0.0
2024-07,DOHA BANK Q P S C,DOHA BANK Q.P.S.C.,Foreign,2.0,0.0,0.0,0.0,0.0,0.0,0.0,22105.0,0.0,0.0,0.0,0.0,0.0,0.0,0.0,0.0,1711.0,6023.0,218.0,561.0,0.0,0.0,2395.0,14086.0,0.0,0.0
2024-07,EQUITAS SMALL FINANCE BANK,EQUITAS SMALL FINANCE BANK LTD,Small finance,367.0,4.0,3172.0,320.0,47595.0,0.0,0.0,1743552.0,0.0,0.0,0.0,0.0,0.0,0.0,0.0,0.0,137102.0,316656.0,40156.0,170563.0,0.0,0.0,2739879.0,7366841.0,0.0,0.0
2024-07,ESAF SMALL FINANCE BANK,ESAF SMALL FINANCE BANK LTD,Small finance,632.0,2.0,0.0,5492.0,0.0,0.0,0.0,5728432.0,0.0,0.0,0.0,0.0,0.0,0.0,0.0,0.0,165982.0,295007.0,11885.0,33621.0,0.0,0.0,858133.0,4040874.0,10.0,10.0
2024-07,FEDERAL BANK,FEDERAL BANK LTD,Private sector,1714.0,332.0,21097.0,589.0,424.0,5423102.0,1017450.0,13700144.0,2171550.0,6818679.0,1855272.0,10150268.0,0.0,0.0,5256.0,25412.0,3355465.0,8360021.0,1326725.0,5250160.0,2758.0,39680.0,8060957.0,40528934.0,52.0,48.0
2024-07,FINO PAYMENTS BANK,FINO PAYMENTS BANK,Payments bank,0.0,0.0,0.0,430689.0,0.0,10963.0,0.0,9687625.0,0.0,0.0,0.0,0.0,0.0,0.0,0.0,0.0,149155.0,283703.0,9849.0,16898.0,0.0,0.0,2222163.0,7158606.0,78.0,47.0
2024-07,HDFC BANK,HDFC BANK LTD,Private sector,12162.0,8918.0,1454501.0,3328.0,1918623.0,641595.0,21731989.0,56762578.0,63866074.0,163965389.0,34693524.0,279720237.0,0.0,0.0,210457.0,1316490.0,11503550.0,40189115.0,7644044.0,40033229.0,77235.0,1162737.0,34994001.0,226267618.0,1038.0,1051.0
2024-07,HSBC,HSBC LTD,Foreign,46.0,27.0,0.0,0.0,0.0,0.0,718457.0,754217.0,891336.0,3196191.0,1422825.0,8261954.0,0.0,0.0,2307.0,16046.0,250412.0,1182848.0,0.0,0.0,0.0,0.0,218140.0,1295948.0,0.0,0.0
2024-07,ICICI BANK,ICICI BANK LTD,Private sector,9929.0,6618.0,1764048.0,6115.0,592587.0,3585961.0,17413024.0,32171188.0,19340969.0,95717132.0,51503060.0,249938876.0,56.0,3106.0,69402.0,334029.0,7536755.0,27997019.0,3375684.0,28829475.0,7696.0,152643.0,15997202.0,113140063.0,1.0,0.0
2024-07,IDBI BANK,IDBI BANK LTD,Private sector,2338.0,936.0,14413.0,1619.0,2285.0,318956.0,36985.0,12071325.0,75058.0,291007.0,64171.0,247520.0,0.0,0.0,568.0,3342.0,1274199.0,2987489.0,265141.0,847308.0,0.0,0.0,5349166.0,26586815.0,115.0,52.0
2024-07,IDFC FIRST BANK,IDFC FIRST BANK LTD,Private sector,899.0,342.0,46937.0,7622.0,0.0,46935.0,2892557.0,6617788.0,8385943.0,18572624.0,2049622.0,13219376.0,0.0,0.0,27906.0,123519.0,687067.0,2094726.0,286012.0,2851176.0,0.0,0.0,4013855.0,19325089.0,0.0,0.0
2024-07,INDIA POST PAYMENTS BANK,INDIA POST PAYMENTS BANK,Payments bank,0.0,0.0,0.0,187381.0,0.0,1213670.0,0.0,18062909.0,0.0,0.0,0.0,0.0,0.0,0.0,0.0,0.0,0.0,0.0,249696.0,97151.0,0.0,0.0,0.0,0.0,0.0,0.0
2024-07,INDIAN BANK,INDIAN BANK,Public sector,4554.0,610.0,20817.0,12442.0,0.0,2718207.0,246302.0,32475638.0,213966.0,958946.0,139308.0,1220965.0,0.0,0.0,5209.0,38826.0,3362762.0,7938718.0,790493.0,2001225.0,172.0,565.0,20270761.0,95115194.0,1124.0,1087.0
2024-07,INDIAN OVERSEAS BANK,INDIAN OVERSEAS BANK,Public sector,2765.0,734.0,0.0,7277.0,0.0,386922.0,79141.0,19001036.0,71064.0,210698.0,23316.0,82987.0,0.0,0.0,2605.0,12807.0,2456690.0,5532369.0,522991.0,1283594.0,0.0,0.0,12113306.0,50776579.0,0.0,0.0
2024-07,INDUSIND BANK,INDUSIND BANK LTD,Private sector,1875.0,1125.0,241466.0,146.0,59628.0,6317571.0,3003867.0,11368894.0,3849004.0,24806323.0,6265264.0,55570631.0,0.0,0.0,25013.0,129307.0,819976.0,2297854.0,665552.0,3507996.0,1032.0,88074.0,4138377.0,24759537.0,0.0,0.0
2024-07,JAMMU AND KASHMIR BANK,JAMMU AND KASHMIR BANK LTD,Private sector,946.0,631.0,14313.0,942.0,0.0,500478.0,121476.0,4492118.0,204052.0,1681545.0,104032.0,434218.0,0.0,0.0,9835.0,39894.0,989630.0,2609588.0,1143154.0,888723.0,0.0,0.0,5788676.0,30192933.0,0.0,0.0
2024-07,JANA SMALL FINANCE BANK,JANA SMALL FINANCE BANK LTD,Small finance,59.0,2.0,0.0,136.0,0.0,501755.0,0.0,3460744.0,0.0,0.0,0.0,0.0,0.0,0.0,0.0,0.0,46176.0,96626.0,7861.0,22746.0,0.0,0.0,405321.0,1935607.0,0.0,0.0
2024-07,JIO PAYMENTS BANK,JIO PAYMENTS BANK,Payments bank,0.0,0.0,0.0,0.0,0.0,82517.0,0.0,96774.0,0.0,0.0,0.0,0.0,0.0,0.0,0.0,0.0,8.0,2.0,5028.0,14686.0,4.0,0.0,8.0,12.0,0.0,0.0
2024-07,KARNATAKA BANK,KARNATAKA BANK LTD,Private sector,935.0,572.0,10273.0,0.0,0.0,91406.0,0.0,5396904.0,0.0,0.0,0.0,0.0,0.0,0.0,0.0,0.0,845669.0,1724862.0,71154.0,211297.0,0.0,0.0,3842371.0,18265107.0,0.0,0.0
2024-07,KARUR VYSYA BANK,KARUR VYSYA BANK LTD,Private sector,1467.0,779.0,9126.0,0.0,0.0,41523.0,10266.0,4899678.0,27455.0,182718.0,10843.0,144153.0,0.0,0.0,719.0,5393.0,1074373.0,2758803.0,171730.0,1128767.0,0.0,0.0,4432762.0,21604280.0,0.0,0.0
2024-07,KEB HANA BANK,KEB HANA BANK,Foreign,1.0,0.0,0.0,0.0,0.0,0.0,0.0,1503.0,0.0,0.0,0.0,0.0,0.0,0.0,0.0,0.0,862.0,2757.0,61.0,202.0,0.0,0.0,297.0,1902.0,0.0,0.0
2024-07,KOOKMIN BANK,KOOKMIN BANK,Foreign,1.0,0.0,0.0,0.0,0.0,0.0,0.0,393.0,0.0,0.0,0.0,0.0,0.0,0.0,0.0,0.0,484.0,1342.0,209.0,432.0,0.0,0.0,91.0,626.0,0.0,0.0
2024-07,KOTAK MAHINDRA BANK,KOTAK MAHINDRA BANK LTD,Private sector,1811.0,1476.0,75594.0,953.0,124540.0,571358.0,5474497.0,34441642.0,12244666.0,26249705.0,4692023.0,42103518.0,0.0,0.0,36126.0,166097.0,2305369.0,5428025.0,2074584.0,6535837.0,0.0,0.0,11348425.0,53422591.0,0.0,0.0
2024-07,NAINITAL BANK,NAINITAL BANK LTD,Private sector,0.0,0.0,0.0,0.0,0.0,0.0,0.0,268000.0,0.0,0.0,0.0,0.0,0.0,0.0,0.0,0.0,15672.0,29922.0,4738.0,15963.0,0.0,0.0,70603.0,331239.0,20.0,17.0
2024-07,NORTH EAST SMALL FINANCE BANK,NORTH EAST SMALL FINANCE BANK LTD,Small finance,19.0,1.0,0.0,0.0,0.0,0.0,0.0,466306.0,0.0,0.0,0.0,0.0,0.0,0.0,0.0,0.0,4786.0,6449.0,2493.0,2126.0,0.0,0.0,89618.0,258184.0,48.0,102.0
2024-07,NSDL PAYMENTS BANK,NSDL PAYMENTS BANK,Payments bank,0.0,0.0,0.0,364780.0,0.0,0.0,0.0,1300205.0,0.0,0.0,0.0,0.0,0.0,0.0,0.0,0.0,9570.0,11289.0,36601.0,31979.0,0.0,0.0,439079.0,759250.0,0.0,0.0
2024-07,PAYTM PAYMENTS BANK,PAYTM PAYMENTS BANK,Payments bank,0.0,0.0,0.0,0.0,0.0,0.0,0.0,30620714.0,0.0,0.0,0.0,0.0,0.0,0.0,0.0,0.0,366.0,358.0,1060.0,585.0,0.0,0.0,227.0,670.0,0.0,0.0
2024-07,PUNJAB AND SIND BANK,PUNJAB AND SIND BANK,Public sector,1039.0,28.0,772.0,1318.0,918.0,128875.0,0.0,3610505.0,0.0,0.0,0.0,0.0,0.0,0.0,0.0,0.0,331368.0,783207.0,124034.0,384925.0,0.0,0.0,1447964.0,6863174.0,0.0,0.0
2024-07,PUNJAB NATIONAL BANK,PUNJAB NATIONAL BANK,Public sector,7815.0,4289.0,35366.0,0.0,676509.0,691147.0,529008.0,40598369.0,385321.0,1584631.0,233655.0,1403346.0,3.0,170.0,8412.0,25492.0,4495128.0,11381472.0,1547046.0,4242908.0,0.0,0.0,25326100.0,126399762.0,0.0,0.0
2024-07,RBL BANK,RBL BANK LTD,Private sector,364.0,36.0,1506057.0,0.0,3429.0,134443.0,5280469.0,1530020.0,5678016.0,28240279.0,4869535.0,46719505.0,0.0,0.0,43721.0,176123.0,174853.0,477991.0,97866.0,643515.0,53.0,1666.0,548850.0,2858606.0,0.0,0.0
2024-07,SBM BANK INDIA,SBM BANK INDIA LTD,Foreign,0.0,0.0,0.0,0.0,0.0,0.0,622949.0,794288.0,260146.0,389674.0,463654.0,1017105.0,0.0,0.0,5504.0,22282.0,8579.0,22481.0,10095.0,31473.0,0.0,0.0,32202.0,92317.0,0.0,0.0
2024-07,SHIVALIK SMALL FINANCE BANK,SHIVALIK SMALL FINANCE BANK LTD,Small finance,0.0,0.0,0.0,0.0,0.0,0.0,0.0,75397.0,0.0,0.0,0.0,0.0,0.0,0.0,0.0,0.0,3853.0,10014.0,2886.0,14103.0,0.0,0.0,28790.0,154568.0,0.0,0.0
2024-07,SOUTH INDIAN BANK,SOUTH INDIAN BANK,Private sector,911.0,382.0,17971.0,0.0,34612.0,95812.0,398453.0,3723644.0,713066.0,2698913.0,740591.0,5274622.0,0.0,0.0,0.0,0.0,1177988.0,2983143.0,194652.0,951804.0,0.0,0.0,2921028.0,14444117.0,0.0,0.0
2024-07,STANDARD CHARTERED BANK,STANDARD CHARTERED BANK LTD,Foreign,102.0,62.0,0.0,0.0,0.0,0.0,1033383.0,1109120.0,1363664.0,4698435.0,1458495.0,7328808.0,0.0,0.0,2712.0,17541.0,363445.0,1159372.0,162160.0,622513.0,26.0,417.0,616510.0,3153609.0,0.0,0.0
2024-07,STATE BANK OF INDIA,STATE BANK OF INDIA,Public sector,24172.0,38272.0,1419921.0,52453.0,917138.0,4246469.0,19336986.0,233187477.0,26815131.0,105745520.0,36193727.0,163036917.0,0.0,0.0,142465.0,594987.0,33512287.0,81836562.0,8244821.0,23134393.0,995.0,13756.0,159621644.0,820030055.0,18527.0,17506.0
2024-07,SURYODAY SMALL FINANCE BANK,SURYODAY SMALL FINANCE BANK LTD,Small finance,0.0,0.0,0.0,67.0,0.0,0.0,0.0,776044.0,0.0,0.0,0.0,0.0,0.0,0.0,0.0,0.0,22259.0,27654.0,1126.0,4069.0,0.0,0.0,97436.0,363624.0,0.0,0.0
2024-07,TAMILNAD MERCANTILE BANK,TAMILNAD MERCANTILE BANK LTD,Private sector,505.0,656.0,2316.0,0.0,0.0,147869.0,32287.0,2325486.0,44120.0,194467.0,17871.0,114205.0,0.0,0.0,2274.0,8560.0,357803.0,951667.0,39180.0,140154.0,72.0,211.0,4869856.0,21036514.0,0.0,0.0
2024-07,UCO BANK,UCO BANK,Public sector,2242.0,230.0,10823.0,3568.0,380.0,1128867.0,0.0,12802523.0,0.0,0.0,0.0,0.0,0.0,0.0,0.0,0.0,1011824.0,2493390.0,409434.0,1015133.0,874.0,16268.0,6574715.0,30237568.0,680.0,707.0
2024-07,UJJIVAN SMALL FINANCE BANK,UJJIVAN SMALL FINANCE BANK LTD,Small finance,606.0,3.0,0.0,0.0,0.0,607668.0,0.0,7303370.0,0.0,0.0,0.0,0.0,0.0,0.0,0.0,0.0,181345.0,331376.0,55031.0,166840.0,0.0,0.0,3326231.0,12928315.0,14.0,10.0
2024-07,UNION BANK OF INDIA,UNION BANK OF INDIA,Public sector,7673.0,2018.0,47059.0,8002.0,279132.0,285241.0,767959.0,55594735.0,641331.0,2759836.0,1411898.0,3083889.0,0.0,0.0,12896.0,56673.0,5165894.0,11660010.0,2679526.0,6323921.0,2612.0,10020.0,45110782.0,133815920.0,1572.0,1829.0
2024-07,UNITY SMALL FINANCE BANK,UNITY SMALL FINANCE BANK LTD,Small finance,232.0,0.0,0.0,0.0,0.0,0.0,0.0,28420.0,0.0,0.0,0.0,0.0,0.0,0.0,0.0,0.0,4516.0,6184.0,180.0,301.0,0.0,0.0,14368.0,53071.0,0.0,0.0
2024-07,UTKARSH SMALL FINANCE BANK,UTKARSH SMALL FINANCE BANK LTD,Small finance,320.0,7.0,0.0,650.0,0.0,38220.0,508.0,1738622.0,381.0,1446.0,349.0,2570.0,512.0,80.0,0.0,0.0,32398.0,76927.0,12847.0,91591.0,13.0,300.0,257696.0,1368733.0,0.0,0.0
2024-07,WOORI BANK,WOORI BANK,Foreign,0.0,0.0,0.0,0.0,0.0,0.0,0.0,1218.0,0.0,0.0,0.0,0.0,0.0,0.0,0.0,0.0,1996.0,7342.0,920.0,2991.0,0.0,0.0,641.0,4565.0,0.0,0.0
2024-07,YES BANK,YES BANK LTD,Private sector,1147.0,163.0,75979.0,94656.0,286338.0,456909188.0,2218965.0,5012466.0,6161999.0,14285105.0,1109515.0,13187910.0,0.0,0.0,18409.0,92138.0,622875.0,1638947.0,183897.0,963228.0,55.0,993.0,2397506.0,12259739.0,186.0,187.0
2024-08,AIRTEL PAYMENTS BANK,AIRTEL PAYMENTS BANK,Payments bank,0.0,0.0,0.0,134340.0,0.0,2750849.0,0.0,3931605.0,0.0,0.0,0.0,0.0,0.0,0.0,0.0,0.0,44421.0,28253.0,187415.0,291950.0,0.0,0.0,262948.0,1068147.0,0.0,0.0
2024-08,AMERICAN EXPRESS BANKING CORPORATION,AMERICAN EXPRESS BANKING CORPORATION,Foreign,0.0,0.0,50255.0,0.0,0.0,0.0,1404839.0,0.0,1455263.0,12377225.0,4457446.0,38627600.0,0.0,0.0,0.0,0.0,0.0,0.0,0.0,0.0,0.0,0.0,0.0,0.0,0.0,0.0
2024-08,AU SMALL FINANCE BANK,AU SMALL FINANCE BANK LTD,Small finance,691.0,6.0,0.0,841.0,0.0,325157.0,1025179.0,8684227.0,1085709.0,6932829.0,1878436.0,10774025.0,141.0,74.0,4622.0,27069.0,220279.0,528324.0,212063.0,833048.0,192.0,2991.0,1730413.0,8853090.0,155.0,156.0
2024-08,AXIS BANK,AXIS BANK LTD,Private sector,6343.0,8422.0,1894894.0,541.0,759232.0,88435333.0,14739214.0,37304729.0,32890148.0,77247414.0,26684275.0,118644334.0,0.0,0.0,85967.0,402426.0,5241714.0,17117882.0,2281571.0,11950235.0,13084.0,335860.0,18866207.0,117299637.0,0.0,0.0
2024-08,BANDHAN BANK,BANDHAN BANK LTD,Private sector,433.0,5.0,66070.0,0.0,3046.0,0.0,0.0,5909330.0,0.0,0.0,0.0,0.0,0.0,0.0,0.0,0.0,262822.0,833863.0,89223.0,444283.0,0.0,0.0,2452880.0,14137307.0,79.0,78.0
2024-08,BANK OF AMERICA,BANK OF AMERICA,Foreign,0.0,0.0,0.0,0.0,0.0,0.0,0.0,0.0,0.0,0.0,0.0,0.0,0.0,0.0,0.0,0.0,0.0,0.0,0.0,0.0,0.0,0.0,0.0,0.0,0.0,0.0
2024-08,BANK OF BAHRAIN AND KUWAIT B S C,BANK OF BAHRAIN & KUWAIT B.S.C.,Foreign,0.0,0.0,0.0,0.0,0.0,0.0,0.0,631.0,0.0,0.0,0.0,0.0,0.0,0.0,0.0,0.0,1412.0,5156.0,133.0,4162.0,0.0,0.0,1571.0,8034.0,0.0,0.0
2024-08,BANK OF BARODA,BANK OF BARODA,Public sector,8258.0,2219.0,43119.0,45133.0,18203.0,2078059.0,2788335.0,84418702.0,5973002.0,12085063.0,3052659.0,16860737.0,0.0,0.0,14140.0,68998.0,3779112.0,8763999.0,456988.0,2820802.0,21.0,80.0,24342240.0,116100857.0,265.0,256.0
2024-08,BANK OF INDIA,BANK OF INDIA,Public sector,5330.0,2904.0,18804.0,19608.0,0.0,1167259.0,74313.0,40503878.0,135746.0,550423.0,67670.0,308939.0,0.0,0.0,9323.0,54077.0,2513472.0,5372893.0,753454.0,1256555.0,0.0,0.0,15723258.0,63972155.0,324.0,340.0
2024-08,BANK OF MAHARASHTRA,BANK OF MAHARASHTRA,Public sector,2115.0,235.0,1413.0,2052.0,355014.0,909287.0,31697.0,14140607.0,44450.0,196165.0,19790.0,101201.0,0.0,0.0,816.0,3994.0,1207550.0,2555986.0,269229.0,665096.0,6390.0,65928.0,6279493.0,28224845.0,0.0,0.0
2024-08,BARCLAYS BANK,BARCLAYS BANK PLC,Foreign,0.0,0.0,0.0,0.0,1.0,0.0,0.0,761.0,0.0,0.0,0.0,0.0,0.0,0.0,0.0,0.0,118.0,305.0,20.0,195.0,0.0,0.0,442.0,4090.0,0.0,0.0
2024-08,CANARA BANK,CANARA BANK,Public sector,8329.0,3886.0,75113.0,13173.0,0.0,2774087.0,922625.0,58077451.0,1057769.0,3983201.0,431241.0,2383229.0,0.0,0.0,97342.0,535363.0,6376570.0,18429874.0,1032468.0,4283659.0,4042.0,64104.0,32246039.0,153242857.0,341.0,293.0
2024-08,CAPITAL SMALL FINANCE BANK,CAPITAL SMALL FINANCE BANK LTD,Small finance,179.0,2.0,0.0,0.0,0.0,0.0,0.0,241979.0,0.0,0.0,0.0,0.0,0.0,0.0,0.0,0.0,25767.0,68623.0,3682.0,19624.0,0.0,0.0,119503.0,655800.0,0.0,0.0
2024-08,CENTRAL BANK OF INDIA,CENTRAL BANK OF INDIA,Public sector,2857.0,1144.0,3230.0,2691.0,26973.0,1588839.0,0.0,29574663.0,0.0,0.0,0.0,0.0,0.0,0.0,0.0,0.0,1366613.0,3761110.0,213660.0,778316.0,0.0,0.0,8901181.0,40551629.0,2479.0,2864.0
2024-08,CITI BANK,CITI BANK,Foreign,0.0,0.0,0.0,0.0,0.0,0.0,211653.0,0.0,147168.0,900626.0,263552.0,4623997.0,0.0,0.0,435.0,3507.0,0.0,0.0,0.0,0.0,0.0,0.0,0.0,0.0,0.0,0.0
2024-08,CITY UNION BANK,CITY UNION BANK LTD.,Private sector,1161.0,518.0,6967.0,79947.0,0.0,74294.0,27238.0,2864617.0,55494.0,230980.0,22864.0,238699.0,0.0,0.0,284.0,1706.0,541993.0,1570594.0,40818.0,132717.0,0.0,0.0,2588124.0,14323118.0,0.0,0.0
2024-08,CSB BANK,CSB BANK LTD.,Private sector,720.0,48.0,0.0,0.0,13362.0,0.0,127534.0,896327.0,226470.0,702713.0,988609.0,1466968.0,0.0,0.0,0.0,0.0,171442.0,374246.0,14845.0,50002.0,6.0,45.0,454795.0,2283819.0,3.0,3.0
2024-08,DBS BANK INDIA,DBS INDIA BANK LTD,Foreign,440.0,340.0,615.0,89.0,0.0,6678.0,525297.0,1733290.0,538443.0,2404133.0,273188.0,2248526.0,0.0,0.0,3959.0,11314.0,220430.0,546976.0,150255.0,346991.0,0.0,0.0,819219.0,4315408.0,0.0,0.0
2024-08,DCB BANK,DCB BANK LTD,Private sector,420.0,5.0,7982.0,0.0,15191.0,0.0,1.0,995965.0,0.0,0.0,0.0,0.0,0.0,0.0,0.0,0.0,86139.0,257399.0,40219.0,160744.0,261.0,8655.0,287543.0,1519351.0,0.0,0.0
2024-08,DEUTSCHE BANK,DEUTSCHE BANK LTD,Foreign,13.0,2.0,0.0,0.0,0.0,5.0,0.0,112997.0,0.0,0.0,0.0,0.0,0.0,0.0,0.0,0.0,27684.0,92630.0,11904.0,45475.0,0.0,0.0,30318.0,183500.0,0.0,0.0
2024-08,DHANALAKSHMI BANK,DHANALAKSHMI BANK LTD,Private sector,241.0,39.0,1451.0,0.0,0.0,34503.0,12705.0,547300.0,26083.0,62584.0,6515.0,25787.0,0.0,0.0,254.0,930.0,165283.0,343200.0,6876.0,19761.0,0.0,0.0,458480.0,2009857.0,0.0,0.0
2024-08,DOHA BANK Q P S C,DOHA BANK Q.P.S.C.,Foreign,2.0,0.0,0.0,0.0,0.0,0.0,0.0,22239.0,0.0,0.0,0.0,0.0,0.0,0.0,0.0,0.0,1880.0,6363.0,209.0,478.0,0.0,0.0,2397.0,14477.0,0.0,0.0
2024-08,EQUITAS SMALL FINANCE BANK,EQUITAS SMALL FINANCE BANK LTD,Small finance,367.0,4.0,2333.0,321.0,48176.0,0.0,0.0,1737708.0,0.0,0.0,0.0,0.0,0.0,0.0,0.0,0.0,132033.0,303050.0,35770.0,186452.0,0.0,0.0,2618736.0,6943083.0,0.0,0.0
2024-08,ESAF SMALL FINANCE BANK,ESAF SMALL FINANCE BANK LTD,Small finance,639.0,2.0,0.0,5650.0,0.0,0.0,0.0,5783260.0,0.0,0.0,0.0,0.0,0.0,0.0,0.0,0.0,165580.0,302124.0,10553.0,30827.0,0.0,0.0,875924.0,4151762.0,8.0,10.0
2024-08,FEDERAL BANK,FEDERAL BANK LTD,Private sector,1715.0,335.0,21375.0,589.0,144.0,5492087.0,1031201.0,13742386.0,2290048.0,6844962.0,1801732.0,9409920.0,0.0,0.0,5494.0,26055.0,3363127.0,8669315.0,1266833.0,4748436.0,2817.0,41101.0,8200473.0,41627413.0,51.0,47.0
2024-08,FINO PAYMENTS BANK,FINO PAYMENTS BANK,Payments bank,0.0,0.0,0.0,434451.0,0.0,10971.0,0.0,9864141.0,0.0,0.0,0.0,0.0,0.0,0.0,0.0,0.0,144895.0,255228.0,8416.0,14857.0,0.0,0.0,2219498.0,7013943.0,71.0,46.0
2024-08,HDFC BANK,HDFC BANK LTD,Private sector,12211.0,8820.0,1637589.0,3191.0,2148760.0,697778.0,21973579.0,56795898.0,67635189.0,168122680.0,33303505.0,266285779.0,0.0,0.0,213887.0,1344007.0,11413950.0,41634889.0,7284782.0,36757916.0,74478.0,1096427.0,36003084.0,232866241.0,941.0,1035.0
2024-08,HSBC,HSBC LTD,Foreign,46.0,0.0,0.0,0.0,0.0,0.0,740378.0,782435.0,948974.0,3409302.0,1462182.0,11553585.0,0.0,0.0,2535.0,17802.0,268333.0,1241370.0,0.0,0.0,0.0,0.0,237899.0,1414641.0,0.0,0.0
2024-08,ICICI BANK,ICICI BANK LTD,Private sector,9920.0,6153.0,1794238.0,6114.0,593685.0,3608881.0,17558265.0,32047827.0,19964326.0,100011312.0,52474251.0,225413469.0,54.0,2716.0,69904.0,340395.0,7414394.0,28525715.0,3140724.0,22691755.0,6801.0,137004.0,16532925.0,116444006.0,1.0,0.0
2024-08,IDBI BANK,IDBI BANK LTD,Private sector,2344.0,912.0,13322.0,1013.0,2285.0,326220.0,37822.0,12089489.0,72506.0,283533.0,62310.0,232021.0,0.0,0.0,517.0,3103.0,1256797.0,3014180.0,250787.0,778247.0,0.0,0.0,5465792.0,26950307.0,129.0,71.0
2024-08,IDFC FIRST BANK,IDFC FIRST BANK LTD,Private sector,899.0,329.0,46811.0,7629.0,0.0,51551.0,2974430.0,6659156.0,9048330.0,19300316.0,2005129.0,12426405.0,0.0,0.0,29203.0,133867.0,679661.0,2180744.0,275572.0,2765472.0,0.0,0.0,4149090.0,19828992.0,0.0,0.0
2024-08,INDIA POST PAYMENTS BANK,INDIA POST PAYMENTS BANK,Payments bank,0.0,0.0,0.0,189445.0,0.0,1257351.0,0.0,18829384.0,0.0,0.0,0.0,0.0,0.0,0.0,0.0,0.0,0.0,0.0,224475.0,87977.0,0.0,0.0,0.0,0.0,0.0,0.0
2024-08,INDIAN BANK,INDIAN BANK,Public sector,4590.0,612.0,20895.0,12735.0,0.0,2739585.0,256683.0,32568181.0,227253.0,1015871.0,144758.0,1222794.0,0.0,0.0,5026.0,37830.0,3367445.0,8354426.0,748767.0,1678344.0,259.0,835.0,20322373.0,95594989.0,1084.0,1043.0
2024-08,INDIAN OVERSEAS BANK,INDIAN OVERSEAS BANK,Public sector,2763.0,737.0,0.0,7633.0,0.0,393106.0,79002.0,19337496.0,71467.0,210551.0,22704.0,80412.0,0.0,0.0,2384.0,11996.0,2534520.0,5903579.0,484826.0,1116445.0,0.0,0.0,12423736.0,52329106.0,0.0,0.0
2024-08,INDUSIND BANK,INDUSIND BANK LTD,Private sector,1881.0,1126.0,245303.0,146.0,59656.0,6615134.0,3009647.0,11112307.0,3844130.0,24910505.0,6336345.0,55369330.0,0.0,0.0,24031.0,124342.0,799410.0,2252055.0,662616.0,2981478.0,878.0,68488.0,4028944.0,23861403.0,0.0,0.0
2024-08,JAMMU AND KASHMIR BANK,JAMMU AND KASHMIR BANK LTD,Private sector,946.0,630.0,14319.0,942.0,0.0,534768.0,122738.0,4542630.0,198758.0,1632862.0,101173.0,406410.0,0.0,0.0,9965.0,40842.0,938617.0,2416705.0,1038486.0,815179.0,0.0,0.0,5590379.0,28960628.0,0.0,0.0
2024-08,JANA SMALL FINANCE BANK,JANA SMALL FINANCE BANK LTD,Small finance,59.0,2.0,0.0,136.0,0.0,502585.0,0.0,3579241.0,0.0,0.0,0.0,0.0,0.0,0.0,0.0,0.0,45105.0,93958.0,7504.0,24229.0,0.0,0.0,388229.0,1805727.0,0.0,0.0
2024-08,JIO PAYMENTS BANK,JIO PAYMENTS BANK,Payments bank,0.0,0.0,0.0,0.0,0.0,83151.0,0.0,212350.0,0.0,0.0,0.0,0.0,0.0,0.0,0.0,0.0,2242.0,1457.0,6941.0,18100.0,963.0,160.0,6104.0,24829.0,1.0,0.0
2024-08,KARNATAKA BANK,KARNATAKA BANK LTD,Private sector,936.0,568.0,10336.0,0.0,0.0,97503.0,0.0,5420287.0,0.0,0.0,0.0,0.0,0.0,0.0,0.0,0.0,830249.0,1745955.0,65120.0,191783.0,0.0,0.0,3962733.0,18760292.0,0.0,0.0
2024-08,KARUR VYSYA BANK,KARUR VYSYA BANK LTD,Private sector,1469.0,748.0,9190.0,0.0,0.0,42691.0,10246.0,4971962.0,26994.0,189297.0,10457.0,140525.0,0.0,0.0,760.0,5696.0,1039564.0,2764947.0,150654.0,1231425.0,0.0,0.0,4377214.0,21383057.0,0.0,0.0
2024-08,KEB HANA BANK,KEB HANA BANK,Foreign,1.0,0.0,0.0,0.0,0.0,0.0,0.0,1530.0,0.0,0.0,0.0,0.0,0.0,0.0,0.0,0.0,1059.0,3196.0,87.0,153.0,0.0,0.0,396.0,2559.0,0.0,0.0
2024-08,KOOKMIN BANK,KOOKMIN BANK,Foreign,1.0,0.0,0.0,0.0,0.0,0.0,0.0,406.0,0.0,0.0,0.0,0.0,0.0,0.0,0.0,0.0,456.0,1492.0,266.0,578.0,0.0,0.0,143.0,1081.0,0.0,0.0
2024-08,KOTAK MAHINDRA BANK,KOTAK MAHINDRA BANK LTD,Private sector,1828.0,1480.0,75768.0,953.0,126633.0,592874.0,5413306.0,34536908.0,12170844.0,25975468.0,4565753.0,39573475.0,0.0,0.0,33905.0,159284.0,2229944.0,5566436.0,1932393.0,5756491.0,0.0,0.0,11405902.0,54588904.0,0.0,0.0
2024-08,NAINITAL BANK,NAINITAL BANK LTD,Private sector,0.0,0.0,0.0,0.0,0.0,0.0,0.0,271958.0,0.0,0.0,0.0,0.0,0.0,0.0,0.0,0.0,15778.0,28132.0,4606.0,13765.0,0.0,0.0,68661.0,324030.0,12.0,11.0
2024-08,NORTH EAST SMALL FINANCE BANK,NORTH EAST SMALL FINANCE BANK LTD,Small finance,19.0,1.0,0.0,0.0,0.0,0.0,0.0,402312.0,0.0,0.0,0.0,0.0,0.0,0.0,0.0,0.0,4865.0,7052.0,1454.0,1391.0,0.0,0.0,110921.0,294839.0,26.0,12.0
2024-08,NSDL PAYMENTS BANK,NSDL PAYMENTS BANK,Payments bank,0.0,0.0,0.0,324655.0,0.0,0.0,0.0,1070381.0,0.0,0.0,0.0,0.0,0.0,0.0,0.0,0.0,11714.0,15240.0,42043.0,34809.0,0.0,0.0,428550.0,827976.0,0.0,0.0
2024-08,PAYTM PAYMENTS BANK,PAYTM PAYMENTS BANK,Payments bank,0.0,0.0,0.0,0.0,0.0,0.0,0.0,30616951.0,0.0,0.0,0.0,0.0,0.0,0.0,0.0,0.0,243.0,95.0,827.0,661.0,0.0,0.0,275.0,755.0,0.0,0.0
2024-08,PUNJAB AND SIND BANK,PUNJAB AND SIND BANK,Public sector,1044.0,28.0,815.0,1412.0,961.0,132673.0,0.0,3581764.0,0.0,0.0,0.0,0.0,0.0,0.0,0.0,0.0,322231.0,755304.0,115952.0,312535.0,0.0,0.0,1474060.0,6958234.0,0.0,0.0
2024-08,PUNJAB NATIONAL BANK,PUNJAB NATIONAL BANK,Public sector,7827.0,4256.0,34543.0,0.0,676712.0,573360.0,532414.0,40877319.0,378114.0,1537322.0,242712.0,1356212.0,5.0,465.0,7925.0,23594.0,4411726.0,11115678.0,1398691.0,3563665.0,0.0,0.0,25652025.0,127276881.0,0.0,0.0
2024-08,RBL BANK,RBL BANK LTD,Private sector,371.0,36.0,1604380.0,0.0,3429.0,135452.0,5264023.0,1548358.0,5634177.0,27704318.0,4797866.0,45447632.0,0.0,0.0,43161.0,172635.0,175508.0,504942.0,98887.0,636520.0,65.0,3652.0,568344.0,2910479.0,0.0,0.0
2024-08,SBM BANK INDIA,SBM BANK INDIA LTD,Foreign,0.0,0.0,0.0,0.0,0.0,0.0,631468.0,801145.0,253571.0,392663.0,447114.0,983799.0,0.0,0.0,6601.0,29071.0,7532.0,16920.0,8211.0,21765.0,0.0,0.0,27418.0,84020.0,0.0,0.0
2024-08,SHIVALIK SMALL FINANCE BANK,SHIVALIK SMALL FINANCE BANK LTD,Small finance,0.0,0.0,0.0,0.0,0.0,0.0,0.0,73843.0,0.0,0.0,0.0,0.0,0.0,0.0,0.0,0.0,3613.0,8584.0,2439.0,10714.0,0.0,0.0,28092.0,145279.0,0.0,0.0
2024-08,SOUTH INDIAN BANK,SOUTH INDIAN BANK,Private sector,911.0,379.0,18115.0,0.0,36771.0,96653.0,397362.0,3751626.0,702924.0,2580012.0,711903.0,4893834.0,0.0,0.0,0.0,0.0,1184964.0,3131507.0,182795.0,853838.0,0.0,0.0,2982923.0,14978364.0,0.0,0.0
2024-08,STANDARD CHARTERED BANK,STANDARD CHARTERED BANK LTD,Foreign,102.0,0.0,0.0,0.0,0.0,0.0,1007872.0,1117218.0,1273500.0,4404713.0,1347990.0,6488925.0,0.0,0.0,2741.0,17762.0,370566.0,1240579.0,157133.0,563677.0,37.0,515.0,673496.0,3495586.0,0.0,0.0
2024-08,STATE BANK OF INDIA,STATE BANK OF INDIA,Public sector,24233.0,38048.0,1444312.0,46870.0,927847.0,4317614.0,19447459.0,233923363.0,26875475.0,107324947.0,37101963.0,157476092.0,0.0,0.0,138019.0,585807.0,33451124.0,83536369.0,7538011.0,20631864.0,961.0,13704.0,163361151.0,843961631.0,20296.0,19163.0
2024-08,SURYODAY SMALL FINANCE BANK,SURYODAY SMALL FINANCE BANK LTD,Small finance,0.0,0.0,0.0,67.0,0.0,0.0,0.0,787239.0,0.0,0.0,0.0,0.0,0.0,0.0,0.0,0.0,33319.0,37776.0,1124.0,3886.0,0.0,0.0,91958.0,338647.0,0.0,0.0
2024-08,TAMILNAD MERCANTILE BANK,TAMILNAD MERCANTILE BANK LTD,Private sector,507.0,655.0,2313.0,0.0,0.0,151351.0,32439.0,2317858.0,44400.0,197683.0,17372.0,111093.0,0.0,0.0,2161.0,8602.0,357803.0,951667.0,32559.0,128720.0,63.0,183.0,4959077.0,21855572.0,0.0,0.0
2024-08,UCO BANK,UCO BANK,Public sector,2242.0,230.0,10891.0,3568.0,345.0,1148877.0,0.0,12705341.0,0.0,0.0,0.0,0.0,0.0,0.0,0.0,0.0,972869.0,2437609.0,368286.0,855296.0,773.0,13741.0,6510865.0,29849550.0,541.0,571.0
2024-08,UJJIVAN SMALL FINANCE BANK,UJJIVAN SMALL FINANCE BANK LTD,Small finance,607.0,3.0,0.0,0.0,0.0,610557.0,0.0,7359616.0,0.0,0.0,0.0,0.0,0.0,0.0,0.0,0.0,173337.0,325399.0,48099.0,137452.0,0.0,0.0,3197440.0,12373832.0,11.0,14.0
2024-08,UNION BANK OF INDIA,UNION BANK OF INDIA,Public sector,7672.0,2019.0,48180.0,8007.0,285567.0,285714.0,758275.0,55908898.0,641832.0,2802457.0,1469047.0,3054847.0,0.0,0.0,12363.0,53516.0,5115992.0,11713522.0,2440976.0,5388655.0,2839.0,11488.0,45725842.0,134686879.0,1419.0,1932.0
2024-08,UNITY SMALL FINANCE BANK,UNITY SMALL FINANCE BANK LTD,Small finance,232.0,0.0,0.0,0.0,0.0,0.0,0.0,34844.0,0.0,0.0,0.0,0.0,0.0,0.0,0.0,0.0,5603.0,8581.0,360.0,928.0,0.0,0.0,18188.0,66021.0,0.0,0.0
2024-08,UTKARSH SMALL FINANCE BANK,UTKARSH SMALL FINANCE BANK LTD,Small finance,330.0,7.0,0.0,656.0,0.0,38475.0,543.0,1750783.0,436.0,1880.0,297.0,2864.0,463.0,70.0,0.0,0.0,30203.0,66529.0,13436.0,129434.0,8.0,83.0,257123.0,1382437.0,0.0,0.0
2024-08,WOORI BANK,WOORI BANK,Foreign,0.0,0.0,0.0,0.0,0.0,0.0,0.0,1234.0,0.0,0.0,0.0,0.0,0.0,0.0,0.0,0.0,2556.0,8388.0,1105.0,3074.0,0.0,0.0,736.0,5536.0,0.0,0.0
2024-08,YES BANK,YES BANK LTD,Private sector,1151.0,161.0,75748.0,94943.0,295051.0,460611274.0,2254586.0,5070885.0,6456099.0,13954555.0,1080761.0,13124574.0,0.0,0.0,18229.0,92305.0,606265.0,1657676.0,172413.0,823672.0,47.0,697.0,2339676.0,11897024.0,250.0,249.0
2024-09,AIRTEL PAYMENTS BANK,AIRTEL PAYMENTS BANK,Payments bank,0.0,0.0,0.0,136285.0,0.0,2608177.0,0.0,4294061.0,0.0,0.0,0.0,0.0,0.0,0.0,0.0,0.0,48859.0,28918.0,179105.0,291552.0,0.0,0.0,286262.0,1182058.0,0.0,0.0
2024-09,AMERICAN EXPRESS BANKING CORPORATION,AMERICAN EXPRESS BANKING CORPORATION,Foreign,0.0,0.0,50254.0,0.0,0.0,0.0,1419372.0,0.0,1369928.0,11500611.0,4571015.0,40782836.0,0.0,0.0,0.0,0.0,0.0,0.0,0.0,0.0,0.0,0.0,0.0,0.0,0.0,0.0
2024-09,AU SMALL FINANCE BANK,AU SMALL FINANCE BANK LTD,Small finance,682.0,6.0,0.0,842.0,0.0,329558.0,1033176.0,8620318.0,1028447.0,6513396.0,1899302.0,10623785.0,118.0,53.0,4472.0,26708.0,204201.0,478598.0,195071.0,887310.0,196.0,2881.0,1573553.0,8115684.0,129.0,129.0
2024-09,AXIS BANK,AXIS BANK LTD,Private sector,6381.0,8329.0,1897209.0,541.0,715535.0,90190080.0,14792226.0,37702660.0,31755134.0,71136546.0,25903299.0,116082450.0,0.0,0.0,78310.0,372639.0,4735240.0,14528426.0,2135704.0,11410553.0,12589.0,323115.0,18089873.0,112827017.0,0.0,0.0
2024-09,BANDHAN BANK,BANDHAN BANK LTD,Private sector,433.0,5.0,72908.0,0.0,5788.0,0.0,0.0,6017159.0,0.0,0.0,0.0,0.0,0.0,0.0,0.0,0.0,267368.0,825898.0,83683.0,418156.0,0.0,0.0,2444112.0,14217969.0,12.0,10.0
2024-09,BANK OF AMERICA,BANK OF AMERICA,Foreign,0.0,0.0,0.0,0.0,0.0,0.0,0.0,0.0,0.0,0.0,0.0,0.0,0.0,0.0,0.0,0.0,0.0,0.0,0.0,0.0,0.0,0.0,0.0,0.0,0.0,0.0
2024-09,BANK OF BAHRAIN AND KUWAIT B S C,BANK OF BAHRAIN & KUWAIT B.S.C.,Foreign,0.0,0.0,0.0,0.0,0.0,0.0,0.0,639.0,0.0,0.0,0.0,0.0,0.0,0.0,0.0,0.0,2093.0,5460.0,191.0,4932.0,0.0,0.0,3008.0,15742.0,0.0,0.0
2024-09,BANK OF BARODA,BANK OF BARODA,Public sector,8107.0,2253.0,43961.0,45549.0,19191.0,2134860.0,2808405.0,85090233.0,5985542.0,12005094.0,3072068.0,16461730.0,0.0,0.0,12746.0,62629.0,3533409.0,7981453.0,413264.0,2635513.0,12.0,30.0,23329401.0,112190265.0,60.0,59.0
2024-09,BANK OF INDIA,BANK OF INDIA,Public sector,5334.0,2900.0,18485.0,19609.0,0.0,1183729.0,73940.0,40001095.0,131559.0,547185.0,67742.0,325561.0,0.0,0.0,8710.0,52123.0,2367510.0,4877879.0,571396.0,1203899.0,0.0,0.0,15163665.0,62004696.0,238.0,235.0
2024-09,BANK OF MAHARASHTRA,BANK OF MAHARASHTRA,Public sector,2124.0,238.0,1416.0,3100.0,355014.0,912659.0,31587.0,14280474.0,42982.0,186986.0,18091.0,93600.0,0.0,0.0,722.0,3515.0,1131800.0,2256073.0,253199.0,675985.0,5510.0,59254.0,6016088.0,27221527.0,0.0,0.0
2024-09,BARCLAYS BANK,BARCLAYS BANK PLC,Foreign,0.0,0.0,0.0,0.0,1.0,0.0,0.0,779.0,0.0,0.0,0.0,0.0,0.0,0.0,0.0,0.0,74.0,313.0,8.0,16.0,0.0,0.0,496.0,4632.0,0.0,0.0
2024-09,CANARA BANK,CANARA BANK,Public sector,8312.0,3879.0,74631.0,13173.0,0.0,2921949.0,958791.0,58499002.0,1053912.0,3837874.0,447812.0,2542188.0,0.0,0.0,99457.0,556903.0,5988019.0,15958246.0,991458.0,4113326.0,4003.0,64714.0,30847436.0,147510497.0,98.0,77.0
2024-09,CAPITAL SMALL FINANCE BANK,CAPITAL SMALL FINANCE BANK LTD,Small finance,180.0,2.0,0.0,0.0,0.0,0.0,0.0,241749.0,0.0,0.0,0.0,0.0,0.0,0.0,0.0,0.0,24514.0,64999.0,3648.0,19336.0,0.0,0.0,115871.0,632905.0,0.0,0.0
2024-09,CENTRAL BANK OF INDIA,CENTRAL BANK OF INDIA,Public sector,2857.0,1144.0,3367.0,2775.0,29218.0,1686310.0,0.0,29986420.0,0.0,0.0,0.0,0.0,0.0,0.0,0.0,0.0,1512294.0,3592742.0,213622.0,756522.0,0.0,0.0,8679279.0,39654284.0,2515.0,2632.0
2024-09,CITI BANK,CITI BANK,Foreign,0.0,0.0,0.0,0.0,0.0,0.0,212732.0,0.0,155982.0,1067410.0,264228.0,4742763.0,0.0,0.0,471.0,4009.0,0.0,0.0,0.0,0.0,0.0,0.0,0.0,0.0,0.0,0.0
2024-09,CITY UNION BANK,CITY UNION BANK LTD.,Private sector,1163.0,519.0,6914.0,86094.0,0.0,75420.0,25729.0,2881359.0,54451.0,219924.0,23084.0,231937.0,0.0,0.0,285.0,1472.0,502625.0,1330081.0,39471.0,136224.0,0.0,0.0,2497107.0,13923557.0,0.0,0.0
2024-09,CSB BANK,CSB BANK LTD.,Private sector,723.0,47.0,0.0,0.0,14148.0,0.0,133306.0,894864.0,224871.0,665785.0,1099670.0,1491489.0,0.0,0.0,0.0,0.0,163890.0,354761.0,13387.0,45103.0,0.0,0.0,436585.0,2192156.0,1.0,1.0
2024-09,DBS BANK INDIA,DBS INDIA BANK LTD,Foreign,438.0,340.0,622.0,90.0,0.0,6841.0,532559.0,1735815.0,535485.0,2450485.0,249522.0,2029065.0,0.0,0.0,4096.0,12328.0,203800.0,476946.0,110473.0,306587.0,0.0,0.0,781841.0,4147743.0,0.0,0.0
2024-09,DCB BANK,DCB BANK LTD,Private sector,423.0,5.0,7954.0,0.0,15752.0,0.0,3.0,1027647.0,0.0,0.0,0.0,0.0,0.0,0.0,0.0,0.0,78772.0,232727.0,44972.0,156872.0,217.0,6152.0,287145.0,1508997.0,0.0,0.0
2024-09,DEUTSCHE BANK,DEUTSCHE BANK LTD,Foreign,13.0,2.0,0.0,0.0,0.0,2.0,0.0,113549.0,0.0,0.0,0.0,0.0,0.0,0.0,0.0,0.0,23685.0,79580.0,12388.0,46824.0,0.0,0.0,28146.0,172449.0,0.0,0.0
2024-09,DHANALAKSHMI BANK,DHANALAKSHMI BANK LTD,Private sector,241.0,39.0,1486.0,0.0,0.0,34824.0,12818.0,559783.0,25844.0,64343.0,6586.0,27493.0,0.0,0.0,243.0,814.0,160272.0,331421.0,6044.0,14963.0,0.0,0.0,438074.0,1954449.0,0.0,0.0
2024-09,DOHA BANK Q P S C,DOHA BANK Q.P.S.C.,Foreign,2.0,0.0,0.0,0.0,0.0,0.0,0.0,22304.0,0.0,0.0,0.0,0.0,0.0,0.0,0.0,0.0,940.0,3268.0,175.0,511.0,0.0,0.0,1890.0,10468.0,0.0,0.0
2024-09,EQUITAS SMALL FINANCE BANK,EQUITAS SMALL FINANCE BANK LTD,Small finance,366.0,4.0,2460.0,321.0,49503.0,0.0,0.0,1738786.0,0.0,0.0,0.0,0.0,0.0,0.0,0.0,0.0,121757.0,271535.0,35692.0,143133.0,0.0,0.0,2468670.0,6389077.0,0.0,0.0
2024-09,ESAF SMALL FINANCE BANK,ESAF SMALL FINANCE BANK LTD,Small finance,644.0,2.0,0.0,5765.0,0.0,0.0,3.0,5591115.0,1.0,1.0,4.0,0.0,0.0,0.0,1.0,1.0,164213.0,299981.0,10685.0,29334.0,0.0,0.0,830768.0,3945489.0,4.0,1.0
2024-09,FEDERAL BANK,FEDERAL BANK LTD,Private sector,1720.0,330.0,20686.0,589.0,25.0,5556773.0,1049206.0,13836055.0,2261586.0,6769393.0,1806238.0,8996132.0,0.0,0.0,5166.0,25647.0,3217055.0,8315815.0,1237844.0,4458202.0,2848.0,40195.0,7848539.0,39750865.0,36.0,36.0
2024-09,FINO PAYMENTS BANK,FINO PAYMENTS BANK,Payments bank,0.0,0.0,0.0,437926.0,0.0,11099.0,0.0,9791918.0,0.0,0.0,0.0,0.0,0.0,0.0,0.0,0.0,147709.0,344319.0,8924.0,15862.0,0.0,0.0,2189896.0,7029733.0,10.0,6.0
2024-09,HDFC BANK,HDFC BANK LTD,Private sector,12237.0,8756.0,1638516.0,3136.0,2170804.0,729847.0,22405188.0,57092063.0,68061552.0,162525005.0,35525094.0,359740990.0,0.0,0.0,203006.0,1297178.0,10189706.0,34783419.0,7318852.0,37924888.0,70491.0,1045282.0,33875087.0,220389713.0,1056.0,1054.0
2024-09,HSBC,HSBC LTD,Foreign,46.0,27.0,0.0,0.0,0.0,0.0,718457.0,794722.0,872039.0,3049619.0,1467102.0,13621020.0,0.0,0.0,2407.0,17935.0,241344.0,1138549.0,0.0,0.0,0.0,0.0,219681.0,1306230.0,0.0,0.0
2024-09,ICICI BANK,ICICI BANK LTD,Private sector,10000.0,6117.0,1767953.0,6280.0,594880.0,3627430.0,17562210.0,31972238.0,18381047.0,89742043.0,54177278.0,224828085.0,57.0,3664.0,65992.0,324877.0,6463160.0,22333952.0,3048447.0,21682811.0,6546.0,142879.0,15310392.0,108231021.0,0.0,0.0
2024-09,IDBI BANK,IDBI BANK LTD,Private sector,2354.0,887.0,13519.0,1041.0,2285.0,333970.0,39631.0,12111532.0,69846.0,274896.0,63781.0,240380.0,0.0,0.0,588.0,3464.0,1163992.0,2688238.0,248416.0,733998.0,0.0,0.0,5244916.0,26001170.0,101.0,39.0
2024-09,IDFC FIRST BANK,IDFC FIRST BANK LTD,Private sector,902.0,331.0,47622.0,7544.0,0.0,55325.0,3076601.0,6659945.0,9447890.0,20227025.0,1841681.0,11584561.0,0.0,0.0,27569.0,125617.0,632314.0,1890913.0,266322.0,2657242.0,0.0,0.0,3963894.0,18964138.0,0.0,0.0
2024-09,INDIA POST PAYMENTS BANK,INDIA POST PAYMENTS BANK,Payments bank,0.0,0.0,0.0,190668.0,0.0,1334215.0,0.0,19624453.0,0.0,0.0,0.0,0.0,0.0,0.0,0.0,0.0,0.0,0.0,1297450.0,88189.0,0.0,0.0,0.0,0.0,0.0,0.0
2024-09,INDIAN BANK,INDIAN BANK,Public sector,4601.0,616.0,20904.0,12993.0,0.0,2739588.0,265112.0,32680016.0,229807.0,980000.0,153259.0,1239482.0,0.0,0.0,4549.0,35049.0,3137677.0,6892552.0,695859.0,1560900.0,226.0,761.0,19692355.0,92515686.0,514.0,517.0
2024-09,INDIAN OVERSEAS BANK,INDIAN OVERSEAS BANK,Public sector,2763.0,737.0,0.0,7829.0,0.0,401324.0,60130.0,19600172.0,69713.0,204897.0,23597.0,84150.0,0.0,0.0,2356.0,11712.0,2405063.0,5182816.0,467580.0,1067452.0,0.0,0.0,12142660.0,50885710.0,0.0,0.0
2024-09,INDUSIND BANK,INDUSIND BANK LTD,Private sector,1895.0,1116.0,246321.0,141.0,59690.0,6746278.0,3022768.0,11154738.0,3724310.0,38075643.0,7002341.0,46635337.0,0.0,0.0,23430.0,122492.0,738407.0,2013412.0,614279.0,2853571.0,879.0,55667.0,3883761.0,23263946.0,0.0,0.0
2024-09,JAMMU AND KASHMIR BANK,JAMMU AND KASHMIR BANK LTD,Private sector,948.0,631.0,14319.0,942.0,0.0,541478.0,123424.0,4605046.0,187033.0,1585485.0,95730.0,387794.0,0.0,0.0,9326.0,39697.0,871911.0,2197232.0,900060.0,668886.0,0.0,0.0,5251122.0,28165019.0,0.0,0.0
2024-09,JANA SMALL FINANCE BANK,JANA SMALL FINANCE BANK LTD,Small finance,59.0,2.0,0.0,136.0,0.0,501821.0,0.0,3552421.0,0.0,0.0,0.0,0.0,0.0,0.0,0.0,0.0,42552.0,87096.0,7694.0,25739.0,0.0,0.0,331876.0,1445317.0,0.0,0.0
2024-09,JIO PAYMENTS BANK,JIO PAYMENTS BANK,Payments bank,0.0,0.0,0.0,0.0,0.0,84327.0,0.0,259051.0,0.0,0.0,0.0,0.0,0.0,0.0,0.0,0.0,11442.0,9210.0,9721.0,27243.0,1735.0,450.0,38186.0,147093.0,0.0,0.0
2024-09,KARNATAKA BANK,KARNATAKA BANK LTD,Private sector,937.0,568.0,10498.0,0.0,0.0,100964.0,0.0,5419331.0,0.0,0.0,0.0,0.0,0.0,0.0,0.0,0.0,769748.0,1529380.0,55484.0,169385.0,0.0,0.0,3746868.0,17938329.0,0.0,0.0
2024-09,KARUR VYSYA BANK,KARUR VYSYA BANK LTD,Private sector,1477.0,731.0,8313.0,0.0,0.0,44362.0,10242.0,5027307.0,24882.0,166292.0,10191.0,133056.0,0.0,0.0,789.0,6053.0,995541.0,2518528.0,148839.0,718714.0,0.0,0.0,4260006.0,20896352.0,0.0,0.0
2024-09,KEB HANA BANK,KEB HANA BANK,Foreign,1.0,0.0,0.0,0.0,0.0,0.0,0.0,1548.0,0.0,0.0,0.0,0.0,0.0,0.0,0.0,0.0,1224.0,4637.0,128.0,511.0,0.0,0.0,319.0,2128.0,0.0,0.0
2024-09,KOOKMIN BANK,KOOKMIN BANK,Foreign,1.0,0.0,0.0,0.0,0.0,0.0,0.0,420.0,0.0,0.0,0.0,0.0,0.0,0.0,0.0,0.0,508.0,1619.0,192.0,581.0,0.0,0.0,106.0,813.0,0.0,0.0
2024-09,KOTAK MAHINDRA BANK,KOTAK MAHINDRA BANK LTD,Private sector,1848.0,1481.0,76897.0,953.0,129799.0,617970.0,5305046.0,34608869.0,11656162.0,24970588.0,4597457.0,38358701.0,0.0,0.0,30627.0,144785.0,2073053.0,4809517.0,1894627.0,5947914.0,0.0,0.0,10695088.0,51932311.0,0.0,0.0
2024-09,NAINITAL BANK,NAINITAL BANK LTD,Private sector,0.0,0.0,0.0,0.0,0.0,0.0,0.0,275222.0,0.0,0.0,0.0,0.0,0.0,0.0,0.0,0.0,14733.0,26106.0,4302.0,13924.0,0.0,0.0,70460.0,331878.0,0.0,0.0
2024-09,NORTH EAST SMALL FINANCE BANK,NORTH EAST SMALL FINANCE BANK LTD,Small finance,18.0,1.0,0.0,0.0,0.0,0.0,0.0,394631.0,0.0,0.0,0.0,0.0,0.0,0.0,0.0,0.0,4757.0,6644.0,1584.0,2066.0,0.0,0.0,109112.0,287625.0,17.0,8.0
2024-09,NSDL PAYMENTS BANK,NSDL PAYMENTS BANK,Payments bank,0.0,0.0,0.0,313929.0,0.0,0.0,0.0,1198389.0,0.0,0.0,0.0,0.0,0.0,0.0,0.0,0.0,14211.0,19185.0,41562.0,37559.0,0.0,0.0,427628.0,925119.0,0.0,0.0
2024-09,PAYTM PAYMENTS BANK,PAYTM PAYMENTS BANK,Payments bank,0.0,0.0,0.0,0.0,0.0,0.0,0.0,30614013.0,0.0,0.0,0.0,0.0,0.0,0.0,0.0,0.0,186.0,287.0,365.0,396.0,0.0,0.0,235.0,613.0,0.0,0.0
2024-09,PUNJAB AND SIND BANK,PUNJAB AND SIND BANK,Public sector,1049.0,28.0,833.0,1503.0,979.0,139547.0,0.0,3648840.0,0.0,0.0,0.0,0.0,0.0,0.0,0.0,0.0,311196.0,724296.0,111705.0,295850.0,0.0,0.0,1439804.0,6828675.0,0.0,0.0
2024-09,PUNJAB NATIONAL BANK,PUNJAB NATIONAL BANK,Public sector,7801.0,4239.0,34478.0,0.0,678348.0,604644.0,541418.0,40630988.0,360418.0,1495529.0,252894.0,1401477.0,4.0,255.0,7224.0,21674.0,4261970.0,10539979.0,1333438.0,3374689.0,0.0,0.0,24845236.0,123898107.0,0.0,0.0
2024-09,RBL BANK,RBL BANK LTD,Private sector,370.0,36.0,1662956.0,0.0,3429.0,136200.0,5218099.0,1558113.0,5210235.0,25780852.0,4729865.0,44633356.0,0.0,0.0,38654.0,157745.0,159642.0,437128.0,93194.0,618435.0,74.0,2705.0,540038.0,2778244.0,0.0,0.0
2024-09,SBM BANK INDIA,SBM BANK INDIA LTD,Foreign,0.0,0.0,0.0,0.0,0.0,0.0,638525.0,806906.0,228723.0,369899.0,448984.0,950385.0,0.0,0.0,6567.0,27438.0,8348.0,19916.0,7566.0,23104.0,0.0,0.0,27490.0,82067.0,0.0,0.0
2024-09,SHIVALIK SMALL FINANCE BANK,SHIVALIK SMALL FINANCE BANK LTD,Small finance,0.0,0.0,0.0,0.0,0.0,0.0,0.0,69589.0,0.0,0.0,0.0,0.0,0.0,0.0,0.0,0.0,3895.0,8489.0,2711.0,11919.0,0.0,0.0,27827.0,145047.0,0.0,0.0
2024-09,SOUTH INDIAN BANK,SOUTH INDIAN BANK,Private sector,911.0,374.0,18277.0,0.0,37530.0,97408.0,393789.0,3763611.0,654281.0,2407451.0,697980.0,4516148.0,0.0,0.0,0.0,0.0,1110637.0,2837926.0,174949.0,819674.0,0.0,0.0,2854778.0,14362552.0,0.0,0.0
2024-09,STANDARD CHARTERED BANK,STANDARD CHARTERED BANK LTD,Foreign,102.0,48.0,0.0,0.0,0.0,0.0,979954.0,1054782.0,1104013.0,3755752.0,1257591.0,6380265.0,0.0,0.0,2174.0,13842.0,325078.0,1014790.0,150718.0,589413.0,35.0,799.0,610999.0,3168923.0,0.0,0.0
2024-09,STATE BANK OF INDIA,STATE BANK OF INDIA,Public sector,24713.0,37988.0,1445506.0,46452.0,940593.0,4375351.0,19586884.0,234984596.0,25598172.0,99052399.0,39864931.0,178095372.0,0.0,0.0,130362.0,555277.0,32023702.0,75866296.0,7798956.0,25641836.0,958.0,13842.0,157827279.0,813309515.0,18926.0,17742.0
2024-09,SURYODAY SMALL FINANCE BANK,SURYODAY SMALL FINANCE BANK LTD,Small finance,0.0,0.0,0.0,67.0,0.0,0.0,0.0,798337.0,0.0,0.0,0.0,0.0,0.0,0.0,0.0,0.0,28009.0,32685.0,860.0,2752.0,0.0,0.0,82857.0,318477.0,0.0,0.0
2024-09,TAMILNAD MERCANTILE BANK,TAMILNAD MERCANTILE BANK LTD,Private sector,507.0,655.0,2258.0,0.0,0.0,156931.0,32717.0,2348267.0,42360.0,190103.0,17318.0,107567.0,0.0,0.0,1971.0,8091.0,357803.0,951667.0,32843.0,138087.0,60.0,162.0,4843507.0,21683202.0,0.0,0.0
2024-09,UCO BANK,UCO BANK,Public sector,2240.0,231.0,11020.0,3568.0,310.0,1164594.0,0.0,12587210.0,0.0,0.0,0.0,0.0,0.0,0.0,0.0,0.0,953005.0,2307712.0,347825.0,814867.0,829.0,14353.0,6419760.0,29471030.0,180.0,198.0
2024-09,UJJIVAN SMALL FINANCE BANK,UJJIVAN SMALL FINANCE BANK LTD,Small finance,607.0,3.0,0.0,0.0,0.0,614506.0,0.0,7408625.0,0.0,0.0,0.0,0.0,0.0,0.0,0.0,0.0,160492.0,293104.0,45458.0,133676.0,0.0,0.0,3029351.0,11362680.0,4.0,0.0
2024-09,UNION BANK OF INDIA,UNION BANK OF INDIA,Public sector,7671.0,2020.0,48382.0,8001.0,290703.0,286419.0,746358.0,56180879.0,649297.0,2732372.0,1600394.0,3200231.0,0.0,0.0,12503.0,54033.0,4833589.0,10392582.0,1893599.0,4085267.0,2586.0,10077.0,43561329.0,128740120.0,1325.0,2498.0
2024-09,UNITY SMALL FINANCE BANK,UNITY SMALL FINANCE BANK LTD,Small finance,232.0,0.0,0.0,0.0,0.0,0.0,0.0,39972.0,0.0,0.0,0.0,0.0,0.0,0.0,0.0,0.0,6056.0,9862.0,414.0,957.0,0.0,0.0,19077.0,71506.0,0.0,0.0
2024-09,UTKARSH SMALL FINANCE BANK,UTKARSH SMALL FINANCE BANK LTD,Small finance,337.0,7.0,0.0,677.0,0.0,38756.0,938.0,1726849.0,390.0,2077.0,372.0,2774.0,1935.0,229.0,0.0,0.0,29546.0,65908.0,11531.0,120252.0,6.0,45.0,245784.0,1328847.0,0.0,0.0
2024-09,WOORI BANK,WOORI BANK,Foreign,0.0,0.0,0.0,0.0,0.0,0.0,0.0,1246.0,0.0,0.0,0.0,0.0,0.0,0.0,0.0,0.0,2328.0,7588.0,1045.0,2794.0,0.0,0.0,565.0,4595.0,0.0,0.0
2024-09,YES BANK,YES BANK LTD,Private sector,1159.0,164.0,71867.0,94372.0,302596.0,473953131.0,2291974.0,5099164.0,6607375.0,14017952.0,1098481.0,12873262.0,0.0,0.0,17077.0,87507.0,558034.0,1486388.0,160274.0,835936.0,33.0,476.0,2220517.0,11509264.0,240.0,240.0
2024-10,AIRTEL PAYMENTS BANK,AIRTEL PAYMENTS BANK,Payments bank,0.0,0.0,0.0,138539.0,0.0,2512376.0,0.0,4657932.0,0.0,0.0,0.0,0.0,0.0,0.0,0.0,0.0,49018.0,37218.0,181668.0,309025.0,0.0,0.0,362772.0,1572366.0,0.0,0.0
2024-10,AMERICAN EXPRESS BANKING CORPORATION,AMERICAN EXPRESS BANKING CORPORATION,Foreign,0.0,0.0,50091.0,0.0,0.0,0.0,1429916.0,0.0,1570740.0,15371922.0,4704454.0,44154008.0,0.0,0.0,0.0,0.0,0.0,0.0,0.0,0.0,0.0,0.0,0.0,0.0,0.0,0.0
2024-10,AU SMALL FINANCE BANK,AU SMALL FINANCE BANK LTD,Small finance,670.0,6.0,0.0,842.0,0.0,333600.0,1032357.0,8677552.0,1119114.0,7464705.0,2072108.0,11972721.0,539.0,264.0,5362.0,34927.0,215398.0,638798.0,194414.0,884093.0,201.0,2986.0,1786723.0,9488904.0,116.0,116.0
2024-10,AXIS BANK,AXIS BANK LTD,Private sector,6441.0,8038.0,1917154.0,541.0,683150.0,92603271.0,14771653.0,38535592.0,36035574.0,108590837.0,33696018.0,152111963.0,0.0,0.0,82861.0,404524.0,5098190.0,19073331.0,2174498.0,11499311.0,13457.0,351748.0,21098946.0,135316844.0,0.0,0.0
2024-10,BANDHAN BANK,BANDHAN BANK LTD,Private sector,433.0,5.0,64052.0,0.0,13053.0,0.0,0.0,6057989.0,0.0,0.0,0.0,0.0,0.0,0.0,0.0,0.0,269733.0,983834.0,82699.0,423129.0,0.0,0.0,2582075.0,15030506.0,12.0,14.0
2024-10,BANK OF AMERICA,BANK OF AMERICA,Foreign,0.0,0.0,0.0,0.0,0.0,0.0,0.0,0.0,0.0,0.0,0.0,0.0,0.0,0.0,0.0,0.0,0.0,0.0,0.0,0.0,0.0,0.0,0.0,0.0,0.0,0.0
2024-10,BANK OF BAHRAIN AND KUWAIT B S C,BANK OF BAHRAIN & KUWAIT B.S.C.,Foreign,0.0,0.0,0.0,0.0,0.0,0.0,0.0,641.0,0.0,0.0,0.0,0.0,0.0,0.0,0.0,0.0,1159.0,3281.0,73.0,2921.0,0.0,0.0,1564.0,7902.0,0.0,0.0
2024-10,BANK OF BARODA,BANK OF BARODA,Public sector,8217.0,2256.0,44524.0,45506.0,20090.0,2181216.0,2879441.0,85976657.0,6630947.0,14538931.0,3155758.0,18018568.0,0.0,0.0,13747.0,69214.0,3831190.0,10230656.0,495918.0,2847640.0,32.0,91.0,26899152.0,135255138.0,73.0,64.0
2024-10,BANK OF INDIA,BANK OF INDIA,Public sector,5335.0,2900.0,18276.0,19650.0,0.0,1196987.0,74208.0,39458415.0,145453.0,640193.0,70566.0,336306.0,0.0,0.0,9915.0,58490.0,2584959.0,6139479.0,584382.0,1210547.0,0.0,0.0,17132325.0,73090438.0,258.0,261.0
2024-10,BANK OF MAHARASHTRA,BANK OF MAHARASHTRA,Public sector,2143.0,238.0,1420.0,3160.0,355014.0,917389.0,31427.0,14313361.0,47765.0,231502.0,17765.0,94232.0,0.0,0.0,817.0,3956.0,1320600.0,3263129.0,275752.0,662909.0,6747.0,73612.0,7284684.0,35032636.0,0.0,0.0
2024-10,BARCLAYS BANK,BARCLAYS BANK PLC,Foreign,0.0,0.0,0.0,0.0,1.0,0.0,0.0,775.0,0.0,0.0,0.0,0.0,0.0,0.0,0.0,0.0,137.0,382.0,0.0,0.0,0.0,0.0,608.0,5691.0,0.0,0.0
2024-10,CANARA BANK,CANARA BANK,Public sector,8298.0,3846.0,73960.0,13173.0,0.0,3137504.0,971250.0,58873044.0,1132576.0,4555340.0,455896.0,2614458.0,0.0,0.0,99282.0,557598.0,6387314.0,19030584.0,1022182.0,4015399.0,3918.0,62357.0,33356296.0,162057139.0,63.0,55.0
2024-10,CAPITAL SMALL FINANCE BANK,CAPITAL SMALL FINANCE BANK LTD,Small finance,181.0,2.0,0.0,0.0,0.0,0.0,0.0,240317.0,0.0,0.0,0.0,0.0,0.0,0.0,0.0,0.0,26547.0,95966.0,3454.0,15259.0,0.0,0.0,126392.0,741185.0,0.0,0.0
2024-10,CENTRAL BANK OF INDIA,CENTRAL BANK OF INDIA,Public sector,2857.0,1144.0,3367.0,2775.0,31271.0,1788369.0,0.0,30178225.0,0.0,0.0,0.0,0.0,0.0,0.0,0.0,0.0,1623055.0,4457110.0,212819.0,766130.0,0.0,0.0,9845634.0,47239167.0,3117.0,3216.0
2024-10,CITI BANK,CITI BANK,Foreign,0.0,0.0,0.0,0.0,0.0,0.0,217205.0,0.0,144700.0,929411.0,265941.0,4295555.0,0.0,0.0,513.0,4415.0,0.0,0.0,0.0,0.0,0.0,0.0,0.0,0.0,0.0,0.0
2024-10,CITY UNION BANK,CITY UNION BANK LTD.,Private sector,1166.0,520.0,7149.0,87213.0,0.0,76532.0,26716.0,2918680.0,62454.0,262841.0,23941.0,247042.0,0.0,0.0,303.0,1675.0,566952.0,1596370.0,39359.0,131563.0,0.0,0.0,2593641.0,14838934.0,0.0,0.0
2024-10,CSB BANK,CSB BANK LTD.,Private sector,726.0,44.0,0.0,0.0,14976.0,0.0,140107.0,900067.0,250484.0,816275.0,1230515.0,1493463.0,0.0,0.0,0.0,0.0,159552.0,335371.0,12616.0,44668.0,0.0,0.0,455881.0,2296610.0,0.0,0.0
2024-10,DBS BANK INDIA,DBS INDIA BANK LTD,Foreign,439.0,341.0,628.0,90.0,0.0,7072.0,539451.0,1743319.0,585011.0,2850999.0,292930.0,2404876.0,0.0,0.0,4187.0,12267.0,218903.0,576082.0,137397.0,335185.0,0.0,0.0,823494.0,4489723.0,0.0,0.0
2024-10,DCB BANK,DCB BANK LTD,Private sector,425.0,5.0,7937.0,0.0,16260.0,0.0,19.0,860088.0,8.0,7.0,6.0,9.0,0.0,0.0,4.0,5.0,82957.0,293488.0,43497.0,168125.0,262.0,6968.0,324440.0,1777316.0,0.0,0.0
2024-10,DEUTSCHE BANK,DEUTSCHE BANK LTD,Foreign,13.0,2.0,0.0,0.0,0.0,4.0,0.0,106125.0,0.0,0.0,0.0,0.0,0.0,0.0,0.0,0.0,26904.0,102838.0,12386.0,48372.0,0.0,0.0,32680.0,206563.0,0.0,0.0
2024-10,DHANALAKSHMI BANK,DHANALAKSHMI BANK LTD,Private sector,241.0,39.0,1488.0,0.0,0.0,35746.0,12886.0,561721.0,25902.0,61426.0,6998.0,30863.0,0.0,0.0,257.0,953.0,149625.0,295004.0,6429.0,15983.0,0.0,0.0,445868.0,1949932.0,0.0,0.0
2024-10,DOHA BANK Q P S C,DOHA BANK Q.P.S.C.,Foreign,2.0,0.0,0.0,0.0,0.0,0.0,0.0,22453.0,0.0,0.0,0.0,0.0,0.0,0.0,0.0,0.0,871.0,3037.0,189.0,335.0,0.0,0.0,2117.0,12418.0,0.0,0.0
2024-10,EQUITAS SMALL FINANCE BANK,EQUITAS SMALL FINANCE BANK LTD,Small finance,368.0,4.0,2659.0,325.0,51707.0,0.0,0.0,1553443.0,0.0,0.0,0.0,0.0,0.0,0.0,0.0,0.0,128088.0,318920.0,32881.0,126578.0,0.0,0.0,2403786.0,6660796.0,0.0,0.0
2024-10,ESAF SMALL FINANCE BANK,ESAF SMALL FINANCE BANK LTD,Small finance,656.0,2.0,0.0,5945.0,0.0,0.0,46.0,5721466.0,0.0,0.0,10.0,5.0,0.0,0.0,0.0,0.0,157904.0,288486.0,11042.0,29943.0,0.0,0.0,887534.0,4340317.0,1.0,1.0
2024-10,FEDERAL BANK,FEDERAL BANK LTD,Private sector,1726.0,321.0,20333.0,589.0,0.0,5615425.0,1060476.0,13899539.0,2414333.0,7518528.0,1705260.0,9293612.0,0.0,0.0,5404.0,26697.0,2913955.0,7470268.0,1235538.0,4314698.0,3027.0,42174.0,8180401.0,41380640.0,47.0,47.0
2024-10,FINO PAYMENTS BANK,FINO PAYMENTS BANK,Payments bank,0.0,0.0,0.0,440961.0,0.0,11268.0,0.0,9857867.0,0.0,0.0,0.0,0.0,0.0,0.0,0.0,0.0,150075.0,332863.0,9521.0,22238.0,0.0,0.0,2525284.0,8407063.0,1.0,1.0
2024-10,HDFC BANK,HDFC BANK LTD,Private sector,12222.0,8708.0,1667772.0,2521.0,2213445.0,758179.0,22646307.0,57605366.0,75104185.0,202519669.0,36753679.0,333541364.0,0.0,0.0,210268.0,1390148.0,11099445.0,46159328.0,7472584.0,37385962.0,73382.0,1072241.0,38958468.0,263883177.0,2139.0,2149.0
2024-10,HSBC,HSBC LTD,Foreign,46.0,27.0,0.0,0.0,0.0,0.0,780694.0,816374.0,990060.0,4067826.0,1577797.0,14297312.0,0.0,0.0,2690.0,19359.0,272091.0,1413232.0,0.0,0.0,0.0,0.0,265952.0,1656818.0,0.0,0.0
2024-10,ICICI BANK,ICICI BANK LTD,Private sector,10050.0,6138.0,1709463.0,6244.0,595381.0,3648009.0,17700751.0,34156827.0,20714819.0,120147742.0,59456034.0,260651067.0,49.0,3543.0,70949.0,361851.0,6388811.0,29669854.0,3822971.0,21915099.0,6836.0,158021.0,17534224.0,128635667.0,4.0,1.0
2024-10,IDBI BANK,IDBI BANK LTD,Private sector,2363.0,876.0,13619.0,1063.0,389.0,339068.0,39402.0,12125956.0,79078.0,363809.0,62618.0,247246.0,0.0,0.0,559.0,3451.0,1269896.0,3400115.0,243208.0,754408.0,0.0,0.0,5937493.0,30814525.0,113.0,47.0
2024-10,IDFC FIRST BANK,IDFC FIRST BANK LTD,Private sector,905.0,331.0,43978.0,7650.0,0.0,108322.0,3145919.0,6708720.0,10541297.0,23505441.0,2079879.0,14262789.0,0.0,0.0,28214.0,134854.0,675625.0,2517961.0,287004.0,2752735.0,0.0,0.0,4305660.0,22076134.0,0.0,0.0
2024-10,INDIA POST PAYMENTS BANK,INDIA POST PAYMENTS BANK,Payments bank,0.0,0.0,0.0,192528.0,0.0,1383458.0,0.0,20519546.0,0.0,0.0,0.0,0.0,0.0,0.0,0.0,0.0,0.0,0.0,223832.0,91063.0,0.0,0.0,0.0,0.0,0.0,0.0
2024-10,INDIAN BANK,INDIAN BANK,Public sector,4607.0,614.0,20913.0,13141.0,0.0,2777361.0,274473.0,32899596.0,453017.0,2623299.0,150815.0,1341723.0,0.0,0.0,4724.0,37791.0,3403950.0,8449638.0,679862.0,1498859.0,223.0,683.0,21222078.0,103113836.0,1134.0,1136.0
2024-10,INDIAN OVERSEAS BANK,INDIAN OVERSEAS BANK,Public sector,2763.0,738.0,0.0,7939.0,0.0,406505.0,64247.0,19875176.0,74239.0,237441.0,23663.0,88529.0,0.0,0.0,2494.0,13393.0,2611491.0,6057869.0,461416.0,1042663.0,0.0,0.0,12963955.0,56110997.0,0.0,0.0
2024-10,INDUSIND BANK,INDUSIND BANK LTD,Private sector,1899.0,1114.0,247864.0,141.0,59703.0,6888250.0,3054496.0,11115757.0,4364524.0,56309427.0,7561350.0,38002603.0,0.0,0.0,24143.0,132468.0,789091.0,2588252.0,606047.0,3024081.0,837.0,54109.0,4447591.0,27330537.0,0.0,0.0
2024-10,JAMMU AND KASHMIR BANK,JAMMU AND KASHMIR BANK LTD,Private sector,945.0,632.0,14324.0,942.0,0.0,552508.0,123943.0,4649990.0,196738.0,1763166.0,101280.0,408633.0,0.0,0.0,10081.0,44356.0,947540.0,2741409.0,937729.0,807069.0,0.0,0.0,5809665.0,33557414.0,0.0,0.0
2024-10,JANA SMALL FINANCE BANK,JANA SMALL FINANCE BANK LTD,Small finance,59.0,2.0,0.0,130.0,0.0,502503.0,0.0,3586914.0,0.0,0.0,0.0,0.0,0.0,0.0,0.0,0.0,43917.0,100098.0,7820.0,28130.0,0.0,0.0,324593.0,1435883.0,0.0,0.0
2024-10,JIO PAYMENTS BANK,JIO PAYMENTS BANK,Payments bank,0.0,0.0,0.0,0.0,0.0,87687.0,0.0,298576.0,0.0,0.0,0.0,0.0,0.0,0.0,0.0,0.0,16541.0,15919.0,11891.0,31916.0,1806.0,646.0,56214.0,215985.0,0.0,0.0
2024-10,KARNATAKA BANK,KARNATAKA BANK LTD,Private sector,938.0,564.0,10600.0,0.0,0.0,103930.0,0.0,5463585.0,0.0,0.0,0.0,0.0,0.0,0.0,0.0,0.0,808678.0,1797994.0,54650.0,161851.0,0.0,0.0,4051478.0,19452416.0,0.0,0.0
2024-10,KARUR VYSYA BANK,KARUR VYSYA BANK LTD,Private sector,1478.0,726.0,5055.0,0.0,0.0,44427.0,10374.0,5075894.0,28656.0,200859.0,10388.0,139179.0,0.0,0.0,736.0,5814.0,1069569.0,2898231.0,152141.0,712718.0,0.0,0.0,4370026.0,22022958.0,0.0,0.0
2024-10,KEB HANA BANK,KEB HANA BANK,Foreign,1.0,0.0,0.0,0.0,0.0,0.0,0.0,1575.0,0.0,0.0,0.0,0.0,0.0,0.0,0.0,0.0,1194.0,4020.0,127.0,357.0,0.0,0.0,417.0,3072.0,0.0,0.0
2024-10,KOOKMIN BANK,KOOKMIN BANK,Foreign,1.0,0.0,0.0,0.0,0.0,0.0,0.0,441.0,0.0,0.0,0.0,0.0,0.0,0.0,0.0,0.0,538.0,1824.0,170.0,347.0,0.0,0.0,83.0,593.0,0.0,0.0
2024-10,KOTAK MAHINDRA BANK,KOTAK MAHINDRA BANK LTD,Private sector,1852.0,1482.0,78127.0,0.0,132824.0,643023.0,5207106.0,34762324.0,12385040.0,30400742.0,4566739.0,43447737.0,0.0,0.0,29594.0,146129.0,2162542.0,6244293.0,1898837.0,6037198.0,0.0,0.0,11973298.0,61469358.0,0.0,0.0
2024-10,NAINITAL BANK,NAINITAL BANK LTD,Private sector,0.0,0.0,0.0,0.0,0.0,0.0,0.0,278460.0,0.0,0.0,0.0,0.0,0.0,0.0,0.0,0.0,15725.0,34823.0,4929.0,14074.0,0.0,0.0,80670.0,400701.0,0.0,0.0
2024-10,NORTH EAST SMALL FINANCE BANK,NORTH EAST SMALL FINANCE BANK LTD,Small finance,18.0,1.0,0.0,0.0,0.0,0.0,0.0,391472.0,0.0,0.0,0.0,0.0,0.0,0.0,0.0,0.0,5519.0,8109.0,2176.0,2158.0,0.0,0.0,115252.0,333826.0,20.0,29.0
2024-10,NSDL PAYMENTS BANK,NSDL PAYMENTS BANK,Payments bank,0.0,0.0,0.0,301372.0,0.0,0.0,0.0,1536451.0,0.0,0.0,0.0,0.0,0.0,0.0,0.0,0.0,15759.0,25968.0,45374.0,39863.0,0.0,0.0,513008.0,1196183.0,0.0,0.0
2024-10,PAYTM PAYMENTS BANK,PAYTM PAYMENTS BANK,Payments bank,0.0,0.0,0.0,0.0,0.0,0.0,0.0,30610727.0,0.0,0.0,0.0,0.0,0.0,0.0,0.0,0.0,188.0,83.0,800.0,215.0,0.0,0.0,220.0,628.0,0.0,0.0
2024-10,PUNJAB AND SIND BANK,PUNJAB AND SIND BANK,Public sector,1052.0,28.0,859.0,1544.0,1005.0,142022.0,0.0,3582557.0,0.0,0.0,0.0,0.0,0.0,0.0,0.0,0.0,328778.0,920401.0,107539.0,290855.0,0.0,0.0,1603538.0,7985674.0,0.0,0.0
2024-10,PUNJAB NATIONAL BANK,PUNJAB NATIONAL BANK,Public sector,7809.0,4212.0,34460.0,0.0,679348.0,622964.0,550487.0,40750078.0,397367.0,1823785.0,272087.0,1496897.0,2.0,50.0,7802.0,24877.0,4516056.0,13010739.0,1323201.0,3281536.0,0.0,0.0,28154770.0,146189089.0,0.0,0.0
2024-10,RBL BANK,RBL BANK LTD,Private sector,371.0,35.0,1832773.0,0.0,3429.0,136971.0,5174424.0,1572432.0,5804522.0,33057495.0,5194635.0,45766337.0,0.0,0.0,38303.0,160162.0,167649.0,552052.0,97414.0,689316.0,59.0,3924.0,606461.0,3240317.0,0.0,0.0
2024-10,SBM BANK INDIA,SBM BANK INDIA LTD,Foreign,0.0,0.0,0.0,0.0,0.0,0.0,646192.0,811456.0,235889.0,372543.0,427488.0,973563.0,0.0,0.0,7794.0,36550.0,9089.0,25412.0,7883.0,23910.0,0.0,0.0,29435.0,90671.0,0.0,0.0
2024-10,SHIVALIK SMALL FINANCE BANK,SHIVALIK SMALL FINANCE BANK LTD,Small finance,0.0,0.0,0.0,0.0,0.0,0.0,0.0,68748.0,0.0,0.0,0.0,0.0,0.0,0.0,0.0,0.0,3601.0,9091.0,2303.0,10245.0,0.0,0.0,29593.0,158095.0,0.0,0.0
2024-10,SOUTH INDIAN BANK,SOUTH INDIAN BANK,Private sector,911.0,372.0,15066.0,0.0,38154.0,98131.0,391538.0,3787960.0,680261.0,2759627.0,646005.0,4526889.0,0.0,0.0,0.0,0.0,1028487.0,2654785.0,178889.0,793915.0,0.0,0.0,2932402.0,14731881.0,0.0,0.0
2024-10,STANDARD CHARTERED BANK,STANDARD CHARTERED BANK LTD,Foreign,102.0,47.0,0.0,0.0,0.0,0.0,969662.0,1057711.0,1187632.0,4654076.0,1279738.0,6586599.0,0.0,0.0,2528.0,17216.0,354365.0,1312301.0,155280.0,619369.0,39.0,827.0,684237.0,3686294.0,0.0,0.0
2024-10,STATE BANK OF INDIA,STATE BANK OF INDIA,Public sector,25447.0,37886.0,1467705.0,47076.0,955329.0,4433531.0,19807149.0,235164783.0,28058099.0,124287833.0,42871025.0,194208546.0,0.0,0.0,137860.0,590521.0,34770694.0,93945174.0,8540125.0,29469721.0,980.0,12708.0,179363378.0,957780419.0,19260.0,19905.0
2024-10,SURYODAY SMALL FINANCE BANK,SURYODAY SMALL FINANCE BANK LTD,Small finance,0.0,0.0,0.0,67.0,0.0,0.0,0.0,810290.0,0.0,0.0,0.0,0.0,0.0,0.0,0.0,0.0,44438.0,52469.0,842.0,2848.0,0.0,0.0,81197.0,334193.0,0.0,0.0
2024-10,TAMILNAD MERCANTILE BANK,TAMILNAD MERCANTILE BANK LTD,Private sector,507.0,655.0,2382.0,0.0,0.0,162626.0,33095.0,2347479.0,49076.0,219027.0,17735.0,109748.0,0.0,0.0,2090.0,8712.0,357803.0,951667.0,32257.0,128296.0,91.0,263.0,4993443.0,23253671.0,0.0,0.0
2024-10,UCO BANK,UCO BANK,Public sector,2246.0,228.0,10846.0,3568.0,289.0,1178127.0,0.0,12550951.0,0.0,0.0,0.0,0.0,0.0,0.0,0.0,0.0,1001291.0,2882544.0,342747.0,812001.0,976.0,18745.0,7076416.0,33767670.0,198.0,193.0
2024-10,UJJIVAN SMALL FINANCE BANK,UJJIVAN SMALL FINANCE BANK LTD,Small finance,607.0,3.0,0.0,0.0,0.0,619040.0,0.0,7456790.0,0.0,0.0,0.0,0.0,0.0,0.0,0.0,0.0,160670.0,340338.0,41966.0,135374.0,0.0,0.0,2939753.0,10919530.0,1.0,1.0
2024-10,UNION BANK OF INDIA,UNION BANK OF INDIA,Public sector,7669.0,2022.0,48060.0,8015.0,296990.0,286694.0,735926.0,56447325.0,613506.0,2743855.0,1567053.0,3291277.0,0.0,0.0,11046.0,49311.0,5084363.0,12556805.0,1902998.0,4055136.0,3210.0,12361.0,48143885.0,148546194.0,1205.0,4162.0
2024-10,UNITY SMALL FINANCE BANK,UNITY SMALL FINANCE BANK LTD,Small finance,173.0,0.0,0.0,0.0,0.0,0.0,0.0,45668.0,0.0,0.0,0.0,0.0,0.0,0.0,0.0,0.0,7154.0,12412.0,442.0,1183.0,0.0,0.0,23306.0,93540.0,0.0,0.0
2024-10,UTKARSH SMALL FINANCE BANK,UTKARSH SMALL FINANCE BANK LTD,Small finance,343.0,7.0,0.0,687.0,0.0,38917.0,4338.0,1706142.0,451.0,2763.0,1362.0,2667.0,22632.0,3145.0,1.0,0.0,30118.0,82887.0,9706.0,124899.0,18.0,268.0,263213.0,1505549.0,0.0,0.0
2024-10,WOORI BANK,WOORI BANK,Foreign,0.0,0.0,0.0,0.0,0.0,0.0,0.0,1259.0,0.0,0.0,0.0,0.0,0.0,0.0,0.0,0.0,2260.0,7769.0,1025.0,2378.0,0.0,0.0,760.0,5899.0,0.0,0.0
2024-10,YES BANK,YES BANK LTD,Private sector,1165.0,161.0,72361.0,96767.0,269435.0,480472580.0,2341974.0,5154054.0,7549131.0,17034739.0,1198380.0,14495582.0,0.0,0.0,17298.0,90880.0,588977.0,1901593.0,157372.0,892465.0,45.0,557.0,2514866.0,13563852.0,249.0,250.0
2024-11,AIRTEL PAYMENTS BANK,AIRTEL PAYMENTS BANK,Payments bank,0.0,0.0,0.0,140328.0,0.0,2372471.0,0.0,4956304.0,0.0,0.0,0.0,0.0,0.0,0.0,0.0,0.0,45080.0,34625.0,161644.0,288318.0,0.0,0.0,323351.0,1378030.0,0.0,0.0
2024-11,AMERICAN EXPRESS BANKING CORPORATION,AMERICAN EXPRESS BANKING CORPORATION,Foreign,0.0,0.0,49448.0,0.0,0.0,0.0,1426449.0,0.0,1554279.0,14195333.0,4524108.0,42746543.0,0.0,0.0,0.0,0.0,0.0,0.0,0.0,0.0,0.0,0.0,0.0,0.0,0.0,0.0
2024-11,AU SMALL FINANCE BANK,AU SMALL FINANCE BANK LTD,Small finance,670.0,6.0,0.0,843.0,0.0,336695.0,1032988.0,8747178.0,977255.0,5785039.0,1866249.0,9545696.0,882.0,411.0,4557.0,29167.0,181508.0,510682.0,186032.0,863066.0,148.0,2245.0,1438388.0,7571887.0,180.0,180.0
2024-11,AXIS BANK,AXIS BANK LTD,Private sector,6482.0,8004.0,1920867.0,369.0,647830.0,94646432.0,14731919.0,38956267.0,32639003.0,92369275.0,24821342.0,106732048.0,0.0,0.0,74032.0,363425.0,4448481.0,15736784.0,1933655.0,10259963.0,11930.0,304573.0,17262629.0,110525984.0,0.0,0.0
2024-11,BANDHAN BANK,BANDHAN BANK LTD,Private sector,433.0,5.0,64986.0,0.0,15842.0,0.0,0.0,6500516.0,0.0,0.0,0.0,0.0,0.0,0.0,0.0,0.0,232715.0,801809.0,73009.0,365751.0,0.0,0.0,2273267.0,12690347.0,55.0,53.0
2024-11,BANK OF AMERICA,BANK OF AMERICA,Foreign,0.0,0.0,0.0,0.0,0.0,0.0,0.0,0.0,0.0,0.0,0.0,0.0,0.0,0.0,0.0,0.0,0.0,0.0,0.0,0.0,0.0,0.0,0.0,0.0,0.0,0.0
2024-11,BANK OF BAHRAIN AND KUWAIT B S C,BANK OF BAHRAIN & KUWAIT B.S.C.,Foreign,0.0,0.0,0.0,0.0,0.0,0.0,0.0,780.0,0.0,0.0,0.0,0.0,0.0,0.0,0.0,0.0,1051.0,2679.0,69.0,1244.0,0.0,0.0,1370.0,6885.0,0.0,0.0
2024-11,BANK OF BARODA,BANK OF BARODA,Public sector,8345.0,2343.0,45611.0,45458.0,20942.0,2231859.0,2895055.0,86552638.0,6197152.0,13088776.0,2907778.0,15284399.0,0.0,0.0,12890.0,64370.0,3235794.0,8123830.0,503140.0,2460104.0,14.0,27.0,22467092.0,111001788.0,47.0,53.0
2024-11,BANK OF INDIA,BANK OF INDIA,Public sector,5337.0,2898.0,18163.0,19650.0,0.0,1209551.0,74236.0,39250483.0,135394.0,572555.0,62143.0,297026.0,0.0,0.0,9072.0,53558.0,2212962.0,4941731.0,476051.0,976470.0,0.0,0.0,14533776.0,60253474.0,261.0,261.0
2024-11,BANK OF MAHARASHTRA,BANK OF MAHARASHTRA,Public sector,2160.0,242.0,1397.0,3599.0,355014.0,923128.0,31303.0,14032269.0,43057.0,195148.0,17488.0,91421.0,0.0,0.0,836.0,4066.0,1067283.0,2433320.0,240364.0,581935.0,4945.0,54123.0,5484168.0,25800558.0,0.0,0.0
2024-11,BARCLAYS BANK,BARCLAYS BANK PLC,Foreign,0.0,0.0,0.0,0.0,1.0,0.0,0.0,771.0,0.0,0.0,0.0,0.0,0.0,0.0,0.0,0.0,62.0,174.0,0.0,0.0,0.0,0.0,463.0,4333.0,0.0,0.0
2024-11,CANARA BANK,CANARA BANK,Public sector,8272.0,3818.0,74429.0,13177.0,0.0,3220187.0,992112.0,59065159.0,1025921.0,4118600.0,435699.0,2478725.0,0.0,0.0,96293.0,545268.0,5560470.0,16286171.0,915042.0,3626677.0,3895.0,66869.0,29851984.0,143888559.0,30.0,25.0
2024-11,CAPITAL SMALL FINANCE BANK,CAPITAL SMALL FINANCE BANK LTD,Small finance,182.0,2.0,0.0,0.0,0.0,0.0,0.0,239529.0,0.0,0.0,0.0,0.0,0.0,0.0,0.0,0.0,26760.0,107188.0,2996.0,18256.0,0.0,0.0,115593.0,704532.0,0.0,0.0
2024-11,CENTRAL BANK OF INDIA,CENTRAL BANK OF INDIA,Public sector,2857.0,1144.0,3301.0,2725.0,32980.0,1903853.0,0.0,27020639.0,0.0,0.0,0.0,0.0,0.0,0.0,0.0,0.0,1407443.0,3687398.0,200557.0,731657.0,0.0,0.0,8282128.0,38940301.0,3209.0,3291.0
2024-11,CITI BANK,CITI BANK,Foreign,0.0,0.0,0.0,0.0,0.0,0.0,220699.0,0.0,139168.0,962738.0,261874.0,4635456.0,0.0,0.0,465.0,3925.0,0.0,0.0,0.0,0.0,0.0,0.0,0.0,0.0,0.0,0.0
2024-11,CITY UNION BANK,CITY UNION BANK LTD.,Private sector,1172.0,519.0,7296.0,91935.0,0.0,73872.0,28021.0,2949019.0,50318.0,218935.0,21943.0,226379.0,0.0,0.0,259.0,1361.0,440808.0,1322631.0,35582.0,112257.0,0.0,0.0,2255915.0,12538655.0,0.0,0.0
2024-11,CSB BANK,CSB BANK LTD.,Private sector,728.0,44.0,0.0,0.0,15587.0,0.0,148121.0,908674.0,247239.0,747596.0,1306132.0,1462206.0,0.0,0.0,0.0,0.0,144252.0,309506.0,8696.0,33120.0,0.0,0.0,421587.0,2106095.0,1.0,2.0
2024-11,DBS BANK INDIA,DBS INDIA BANK LTD,Foreign,440.0,340.0,642.0,90.0,0.0,7259.0,522388.0,1731706.0,532587.0,2397684.0,273677.0,2222090.0,0.0,0.0,3506.0,10367.0,183193.0,480765.0,123370.0,383701.0,0.0,0.0,726567.0,3920769.0,0.0,0.0
2024-11,DCB BANK,DCB BANK LTD,Private sector,425.0,5.0,7987.0,0.0,16778.0,0.0,28.0,934523.0,38.0,65.0,9.0,88.0,0.0,0.0,0.0,0.0,74308.0,251854.0,41807.0,156888.0,244.0,6930.0,286747.0,1570401.0,0.0,0.0
2024-11,DEUTSCHE BANK,DEUTSCHE BANK LTD,Foreign,13.0,2.0,0.0,0.0,0.0,3.0,0.0,106125.0,0.0,0.0,0.0,0.0,0.0,0.0,0.0,0.0,23639.0,83470.0,11890.0,44908.0,0.0,0.0,26994.0,164752.0,0.0,0.0
2024-11,DHANALAXMI BANK,DHANALAXMI BANK LTD,Private sector,241.0,39.0,1407.0,0.0,0.0,36195.0,12919.0,570465.0,25277.0,60023.0,6447.0,27343.0,1.0,507.0,284.0,1013.0,137495.0,271449.0,6059.0,13732.0,0.0,0.0,423577.0,1840756.0,0.0,0.0
2024-11,DOHA BANK Q P S C,DOHA BANK Q.P.S.C.,Foreign,2.0,0.0,0.0,0.0,0.0,0.0,0.0,22543.0,0.0,0.0,0.0,0.0,0.0,0.0,0.0,0.0,801.0,3053.0,183.0,316.0,0.0,0.0,1942.0,11622.0,0.0,0.0
2024-11,EQUITAS SMALL FINANCE BANK,EQUITAS SMALL FINANCE BANK LTD,Small finance,369.0,4.0,2747.0,328.0,52842.0,0.0,0.0,1536319.0,0.0,0.0,0.0,0.0,0.0,0.0,0.0,0.0,106856.0,266068.0,28824.0,114237.0,0.0,0.0,1932805.0,5533873.0,0.0,0.0
2024-11,ESAF SMALL FINANCE BANK,ESAF SMALL FINANCE BANK LTD,Small finance,664.0,2.0,0.0,6081.0,0.0,0.0,49.0,5787404.0,55.0,100.0,187.0,109.0,0.0,0.0,0.0,0.0,142261.0,261532.0,10173.0,27868.0,0.0,0.0,820079.0,3961926.0,0.0,0.0
2024-11,FEDERAL BANK,FEDERAL BANK LTD,Private sector,1732.0,313.0,20735.0,0.0,0.0,5673755.0,1075106.0,13902426.0,2333878.0,6736501.0,1599893.0,8543724.0,0.0,0.0,5379.0,24988.0,2644535.0,6859919.0,1128690.0,3962640.0,2829.0,40544.0,7634414.0,38548304.0,48.0,48.0
2024-11,FINO PAYMENTS BANK,FINO PAYMENTS BANK,Payments bank,0.0,0.0,0.0,443315.0,0.0,11281.0,0.0,9988127.0,0.0,0.0,0.0,0.0,0.0,0.0,0.0,0.0,124695.0,285688.0,8741.0,24710.0,0.0,0.0,2083729.0,6947059.0,6.0,5.0
2024-11,HDFC BANK,HDFC BANK LTD,Private sector,12174.0,8606.0,1685393.0,2412.0,2225708.0,782433.0,22833425.0,57889333.0,71420787.0,174176347.0,31999019.0,281386559.0,0.0,0.0,193348.0,1261931.0,9629053.0,38462138.0,6692247.0,32917954.0,65983.0,979888.0,32933432.0,221123286.0,2670.0,2730.0
2024-11,HSBC,HSBC LTD,Foreign,46.0,27.0,0.0,0.0,0.0,0.0,801372.0,827136.0,951603.0,3698992.0,1480554.0,18048287.0,0.0,0.0,2512.0,16319.0,257704.0,1313033.0,0.0,0.0,0.0,0.0,237115.0,1445516.0,0.0,0.0
2024-11,ICICI BANK,ICICI BANK LTD,Private sector,10081.0,6105.0,1715503.0,6223.0,596021.0,3663808.0,17751518.0,31734549.0,18634816.0,100669406.0,54344866.0,216210507.0,78.0,4107.0,65356.0,329174.0,5530047.0,24729604.0,3324682.0,19549519.0,5810.0,129212.0,14714595.0,106733160.0,2.0,2.0
2024-11,IDBI BANK,IDBI BANK LTD,Private sector,2366.0,867.0,13559.0,1114.0,17.0,343673.0,39915.0,12107072.0,72720.0,304276.0,60566.0,228439.0,0.0,0.0,584.0,3382.0,1054457.0,2644713.0,213214.0,636641.0,0.0,0.0,4858521.0,24648840.0,236.0,190.0
2024-11,IDFC FIRST BANK,IDFC FIRST BANK LTD,Private sector,910.0,294.0,43996.0,7685.0,0.0,112728.0,3211850.0,6742982.0,9714116.0,18194012.0,2224400.0,14940279.0,0.0,0.0,25930.0,121685.0,597668.0,2060295.0,257372.0,2872352.0,0.0,0.0,3530987.0,18439936.0,0.0,0.0
2024-11,INDIA POST PAYMENTS BANK,INDIA POST PAYMENTS BANK,Payments bank,0.0,0.0,0.0,195907.0,0.0,1469680.0,0.0,21156486.0,0.0,0.0,0.0,0.0,0.0,0.0,0.0,0.0,0.0,0.0,170375.0,71136.0,0.0,0.0,0.0,0.0,0.0,0.0
2024-11,INDIAN BANK,INDIAN BANK,Public sector,4613.0,609.0,20913.0,13224.0,0.0,2800370.0,280912.0,32975066.0,454171.0,2184506.0,225326.0,1173557.0,0.0,0.0,4492.0,34235.0,2852658.0,7185537.0,594885.0,1338096.0,199.0,615.0,18712541.0,89199998.0,1450.0,1449.0
2024-11,INDIAN OVERSEAS BANK,INDIAN OVERSEAS BANK,Public sector,2762.0,738.0,0.0,8461.0,0.0,424827.0,64120.0,20135678.0,68388.0,210459.0,22251.0,83536.0,0.0,0.0,2459.0,12270.0,2122399.0,5010771.0,410282.0,919516.0,0.0,0.0,11565584.0,48701855.0,0.0,0.0
2024-11,INDUSIND BANK,INDUSIND BANK LTD,Private sector,1916.0,1113.0,251195.0,141.0,59714.0,7001122.0,3081902.0,11231571.0,3936635.0,53796081.0,7248595.0,34008667.0,0.0,0.0,22296.0,119722.0,686323.0,2128489.0,521432.0,2655072.0,911.0,58500.0,3708717.0,22428095.0,0.0,0.0
2024-11,JAMMU AND KASHMIR BANK,JAMMU AND KASHMIR BANK LTD,Private sector,947.0,632.0,14343.0,942.0,0.0,570233.0,124706.0,4712802.0,183774.0,1655614.0,97347.0,368863.0,0.0,0.0,9719.0,41364.0,853224.0,2363603.0,920613.0,645643.0,0.0,0.0,5309730.0,29720584.0,0.0,0.0
2024-11,JANA SMALL FINANCE BANK,JANA SMALL FINANCE BANK LTD,Small finance,59.0,2.0,0.0,130.0,0.0,503076.0,0.0,3612297.0,0.0,0.0,0.0,0.0,0.0,0.0,0.0,0.0,38294.0,83484.0,7368.0,24217.0,0.0,0.0,307617.0,1386680.0,0.0,0.0
2024-11,JIO PAYMENTS BANK,JIO PAYMENTS BANK,Payments bank,0.0,0.0,0.0,0.0,0.0,90498.0,0.0,333757.0,0.0,0.0,0.0,0.0,0.0,0.0,0.0,0.0,13019.0,11011.0,13800.0,24221.0,1551.0,455.0,48431.0,180415.0,0.0,0.0
2024-11,KARNATAKA BANK,KARNATAKA BANK LTD,Private sector,940.0,565.0,10705.0,0.0,0.0,107080.0,0.0,5484617.0,0.0,0.0,0.0,0.0,0.0,0.0,0.0,0.0,731742.0,1531645.0,52506.0,163533.0,0.0,0.0,3673249.0,17658043.0,0.0,0.0
2024-11,KARUR VYSYA BANK,KARUR VYSYA BANK LTD,Private sector,1482.0,714.0,2770.0,0.0,0.0,44536.0,10170.0,5062289.0,23802.0,163486.0,9867.0,134815.0,0.0,0.0,671.0,5151.0,864200.0,2366521.0,135514.0,610047.0,0.0,0.0,3879460.0,19228458.0,0.0,0.0
2024-11,KEB HANA BANK,KEB HANA BANK,Foreign,1.0,0.0,0.0,0.0,0.0,0.0,0.0,1593.0,0.0,0.0,0.0,0.0,0.0,0.0,0.0,0.0,1070.0,3669.0,138.0,246.0,0.0,0.0,371.0,2482.0,0.0,0.0
2024-11,KOOKMIN BANK,KOOKMIN BANK,Foreign,1.0,0.0,0.0,0.0,0.0,0.0,0.0,462.0,0.0,0.0,0.0,0.0,0.0,0.0,0.0,0.0,613.0,2121.0,181.0,939.0,0.0,0.0,90.0,617.0,0.0,0.0
2024-11,KOTAK MAHINDRA BANK,KOTAK MAHINDRA BANK LTD,Private sector,1867.0,1453.0,79477.0,0.0,134320.0,666698.0,5094515.0,34856409.0,11334736.0,26183288.0,4034810.0,35219043.0,0.0,0.0,27497.0,135122.0,1834998.0,5084035.0,1585241.0,4917902.0,0.0,0.0,10058219.0,50793926.0,0.0,0.0
2024-11,NAINITAL BANK,NAINITAL BANK LTD,Private sector,0.0,0.0,0.0,0.0,0.0,0.0,0.0,281620.0,0.0,0.0,0.0,0.0,0.0,0.0,0.0,0.0,13701.0,30124.0,4242.0,12160.0,0.0,0.0,64815.0,324990.0,0.0,0.0
2024-11,NORTH EAST SMALL FINANCE BANK,NORTH EAST SMALL FINANCE BANK LTD,Small finance,17.0,1.0,0.0,0.0,0.0,0.0,0.0,375669.0,0.0,0.0,0.0,0.0,0.0,0.0,0.0,0.0,4573.0,6638.0,1677.0,1621.0,0.0,0.0,130011.0,292406.0,23.0,41.0
2024-11,NSDL PAYMENTS BANK,NSDL PAYMENTS BANK,Payments bank,0.0,0.0,0.0,292302.0,0.0,0.0,0.0,1294789.0,0.0,0.0,0.0,0.0,0.0,0.0,0.0,0.0,14034.0,22115.0,48873.0,42275.0,0.0,0.0,438785.0,1134019.0,0.0,0.0
2024-11,PAYTM PAYMENTS BANK,PAYTM PAYMENTS BANK,Payments bank,0.0,0.0,0.0,0.0,0.0,0.0,0.0,30608105.0,0.0,0.0,0.0,0.0,0.0,0.0,0.0,0.0,149.0,181.0,650.0,192.0,0.0,0.0,175.0,404.0,0.0,0.0
2024-11,PUNJAB AND SIND BANK,PUNJAB AND SIND BANK,Public sector,1017.0,26.0,902.0,1614.0,1048.0,152401.0,0.0,3477037.0,0.0,0.0,0.0,0.0,0.0,0.0,0.0,0.0,295247.0,847363.0,93192.0,243379.0,0.0,0.0,1370925.0,6867868.0,0.0,0.0
2024-11,PUNJAB NATIONAL BANK,PUNJAB NATIONAL BANK,Public sector,7799.0,4216.0,34117.0,0.0,670904.0,641779.0,564186.0,40818142.0,355849.0,1577895.0,258006.0,1453720.0,2.0,135.0,7062.0,22156.0,4004350.0,11022435.0,1124765.0,2814986.0,0.0,0.0,24133331.0,124716879.0,0.0,0.0
2024-11,RBL BANK,RBL BANK LTD,Private sector,373.0,35.0,1956988.0,0.0,3429.0,137631.0,5108342.0,1583291.0,5257721.0,28634390.0,4892318.0,39240025.0,0.0,0.0,35993.0,152701.0,147301.0,464321.0,93343.0,634788.0,67.0,4346.0,507713.0,2669443.0,0.0,0.0
2024-11,SBM BANK INDIA,SBM BANK INDIA LTD,Foreign,0.0,0.0,0.0,0.0,0.0,0.0,658637.0,815677.0,216891.0,346212.0,398959.0,881749.0,0.0,0.0,7019.0,30872.0,8357.0,22305.0,7136.0,22320.0,0.0,0.0,27660.0,84129.0,0.0,0.0
2024-11,SHIVALIK SMALL FINANCE BANK,SHIVALIK SMALL FINANCE BANK LTD,Small finance,0.0,0.0,0.0,0.0,0.0,0.0,0.0,69493.0,0.0,0.0,0.0,0.0,0.0,0.0,0.0,0.0,3049.0,7175.0,2182.0,9018.0,0.0,0.0,23738.0,128250.0,0.0,0.0
2024-11,SOUTH INDIAN BANK,SOUTH INDIAN BANK,Private sector,910.0,370.0,13764.0,0.0,38599.0,98950.0,388917.0,3803247.0,620377.0,2375725.0,613851.0,3819473.0,0.0,0.0,0.0,0.0,933775.0,2447617.0,163712.0,752782.0,0.0,0.0,2769783.0,13874074.0,0.0,0.0
2024-11,STANDARD CHARTERED BANK,STANDARD CHARTERED BANK LTD,Foreign,102.0,47.0,0.0,0.0,0.0,0.0,962735.0,1033131.0,1023911.0,3849140.0,1099852.0,5740141.0,0.0,0.0,2337.0,16038.0,304748.0,1109950.0,142350.0,575540.0,26.0,424.0,587561.0,3141826.0,0.0,0.0
2024-11,STATE BANK OF INDIA,STATE BANK OF INDIA,Public sector,26037.0,37787.0,1490016.0,46348.0,966460.0,4446017.0,20038207.0,236104368.0,25284366.0,104122002.0,40085585.0,147807097.0,0.0,0.0,132268.0,556814.0,30051084.0,77153058.0,6583474.0,18576029.0,812.0,11573.0,153221164.0,807129000.0,17149.0,15876.0
2024-11,SURYODAY SMALL FINANCE BANK,SURYODAY SMALL FINANCE BANK LTD,Small finance,0.0,0.0,0.0,67.0,0.0,0.0,0.0,820987.0,0.0,0.0,0.0,0.0,0.0,0.0,0.0,0.0,48043.0,54140.0,799.0,2677.0,0.0,0.0,67962.0,267100.0,0.0,0.0
2024-11,TAMILNAD MERCANTILE BANK,TAMILNAD MERCANTILE BANK LTD,Private sector,509.0,653.0,2347.0,0.0,0.0,165823.0,33215.0,2359503.0,38682.0,185403.0,15778.0,102041.0,0.0,0.0,1778.0,7658.0,357803.0,951667.0,28172.0,118378.0,81.0,225.0,4519205.0,20827209.0,0.0,0.0
2024-11,UCO BANK,UCO BANK,Public sector,2246.0,228.0,10904.0,3568.0,262.0,1191881.0,0.0,12426924.0,0.0,0.0,0.0,0.0,0.0,0.0,0.0,0.0,852142.0,2296322.0,291841.0,693053.0,494.0,8802.0,6117106.0,28760255.0,214.0,217.0
2024-11,UJJIVAN SMALL FINANCE BANK,UJJIVAN SMALL FINANCE BANK LTD,Small finance,607.0,4.0,0.0,0.0,0.0,623361.0,0.0,7490221.0,0.0,0.0,0.0,0.0,0.0,0.0,0.0,0.0,137070.0,283689.0,38216.0,126396.0,0.0,0.0,2765333.0,10583852.0,1.0,2.0
2024-11,UNION BANK OF INDIA,UNION BANK OF INDIA,Public sector,7032.0,1368.0,48721.0,8021.0,299440.0,287299.0,599568.0,56625362.0,604556.0,2707674.0,1589544.0,3185606.0,0.0,0.0,10170.0,44852.0,4394914.0,10376225.0,1686717.0,3570501.0,2954.0,11313.0,42200692.0,127944214.0,1098.0,4685.0
2024-11,UNITY SMALL FINANCE BANK,UNITY SMALL FINANCE BANK LTD,Small finance,174.0,0.0,0.0,0.0,0.0,0.0,0.0,51656.0,0.0,0.0,0.0,0.0,0.0,0.0,0.0,0.0,6942.0,11892.0,450.0,1162.0,0.0,0.0,21383.0,83445.0,0.0,0.0
2024-11,UTKARSH SMALL FINANCE BANK,UTKARSH SMALL FINANCE BANK LTD,Small finance,349.0,7.0,0.0,690.0,0.0,38880.0,27208.0,1700102.0,835.0,4202.0,6093.0,6776.0,144211.0,24895.0,7.0,23.0,25452.0,73857.0,12158.0,165794.0,15.0,322.0,223067.0,1282411.0,0.0,0.0
2024-11,WOORI BANK,WOORI BANK,Foreign,0.0,0.0,0.0,0.0,0.0,0.0,0.0,1265.0,0.0,0.0,0.0,0.0,0.0,0.0,0.0,0.0,2193.0,7481.0,1064.0,2823.0,0.0,0.0,831.0,6027.0,0.0,0.0
2024-11,YES BANK,YES BANK LTD,Private sector,1167.0,162.0,76243.0,95036.0,205953.0,487168588.0,2372897.0,5207215.0,7502664.0,15846836.0,1043995.0,12284836.0,0.0,0.0,15974.0,82119.0,509394.0,1535246.0,140333.0,890954.0,48.0,611.0,2083016.0,12985328.0,240.0,240.0
2024-12,AIRTEL PAYMENTS BANK,AIRTEL PAYMENTS BANK,Payments bank,0.0,0.0,0.0,142289.0,0.0,2157842.0,0.0,5166271.0,0.0,0.0,0.0,0.0,0.0,0.0,0.0,0.0,52525.0,40135.0,52725.0,112106.0,0.0,0.0,357178.0,1458042.0,0.0,0.0
2024-12,AMERICAN EXPRESS BANKING CORPORATION,AMERICAN EXPRESS BANKING CORPORATION,Foreign,0.0,0.0,36444.0,0.0,0.0,0.0,1437498.0,0.0,1738714.0,15017768.0,4418571.0,42124514.0,0.0,0.0,0.0,0.0,0.0,0.0,0.0,0.0,0.0,0.0,0.0,0.0,0.0,0.0
2024-12,AU SMALL FINANCE BANK,AU SMALL FINANCE BANK LTD,Small finance,668.0,6.0,0.0,843.0,0.0,339350.0,1030962.0,8833571.0,1016972.0,5594155.0,1997732.0,8050608.0,479.0,239.0,4347.0,26294.0,197729.0,556495.0,195103.0,923456.0,190.0,3053.0,1598964.0,8349839.0,132.0,132.0
2024-12,AXIS BANK,AXIS BANK LTD,Private sector,6505.0,7955.0,1967973.0,369.0,638542.0,96258045.0,14796963.0,39115004.0,35996726.0,98352742.0,26895979.0,118029643.0,0.0,0.0,77237.0,382768.0,4718597.0,16430296.0,1984668.0,10910411.0,12240.0,320209.0,17753468.0,114970139.0,0.0,0.0
2024-12,BANDHAN BANK,BANDHAN BANK LTD,Private sector,433.0,5.0,65860.0,0.0,19523.0,0.0,0.0,6085747.0,0.0,0.0,0.0,0.0,0.0,0.0,0.0,0.0,244955.0,812353.0,76980.0,400773.0,0.0,0.0,2361386.0,13046399.0,8.0,5.0
2024-12,BANK OF AMERICA,BANK OF AMERICA,Foreign,0.0,0.0,0.0,0.0,0.0,0.0,0.0,0.0,0.0,0.0,0.0,0.0,0.0,0.0,0.0,0.0,0.0,0.0,0.0,0.0,0.0,0.0,0.0,0.0,0.0,0.0
2024-12,BANK OF BAHRAIN AND KUWAIT B S C,BANK OF BAHRAIN & KUWAIT B.S.C.,Foreign,0.0,0.0,0.0,0.0,0.0,0.0,0.0,802.0,0.0,0.0,0.0,0.0,0.0,0.0,0.0,0.0,1114.0,3622.0,83.0,2393.0,0.0,0.0,1512.0,7891.0,0.0,0.0
2024-12,BANK OF BARODA,BANK OF BARODA,Public sector,8395.0,2383.0,47037.0,44909.0,22566.0,2295417.0,2937896.0,87335032.0,6803577.0,13816828.0,3172968.0,16982670.0,0.0,0.0,13104.0,66327.0,3376422.0,8311974.0,402051.0,2567196.0,25.0,60.0,23739493.0,118048467.0,41.0,45.0
2024-12,BANK OF INDIA,BANK OF INDIA,Public sector,5339.0,2897.0,18184.0,21901.0,0.0,1227145.0,73696.0,38747535.0,141428.0,616391.0,66297.0,318385.0,0.0,0.0,9719.0,57497.0,2238721.0,4925170.0,451900.0,990956.0,0.0,0.0,15265108.0,63750511.0,267.0,266.0
2024-12,BANK OF MAHARASHTRA,BANK OF MAHARASHTRA,Public sector,2173.0,243.0,1391.0,3773.0,355014.0,927987.0,31278.0,14022969.0,46320.0,213119.0,19055.0,99470.0,0.0,0.0,755.0,3744.0,1118280.0,2396278.0,216929.0,623367.0,5588.0,62020.0,6086661.0,28403102.0,0.0,0.0
2024-12,BARCLAYS BANK,BARCLAYS BANK PLC,Foreign,0.0,0.0,0.0,0.0,1.0,0.0,0.0,1058.0,0.0,0.0,0.0,0.0,0.0,0.0,0.0,0.0,100.0,580.0,0.0,0.0,0.0,0.0,605.0,5574.0,0.0,0.0
2024-12,CANARA BANK,CANARA BANK,Public sector,8217.0,3809.0,74536.0,13177.0,0.0,3344640.0,997943.0,59396108.0,1114470.0,4372177.0,469173.0,2707241.0,0.0,0.0,103464.0,581758.0,5852115.0,16562920.0,914454.0,3890117.0,4172.0,73509.0,30969820.0,149324314.0,75.0,64.0
2024-12,CAPITAL SMALL FINANCE BANK,CAPITAL SMALL FINANCE BANK LTD,Small finance,185.0,2.0,0.0,0.0,0.0,0.0,0.0,235870.0,0.0,0.0,0.0,0.0,0.0,0.0,0.0,0.0,25044.0,82977.0,2660.0,14203.0,0.0,0.0,111892.0,661834.0,0.0,0.0
2024-12,CENTRAL BANK OF INDIA,CENTRAL BANK OF INDIA,Public sector,2857.0,1144.0,3344.0,2755.0,34434.0,1959821.0,0.0,28178425.0,0.0,0.0,0.0,0.0,0.0,0.0,0.0,0.0,1462407.0,3636026.0,193709.0,685350.0,0.0,0.0,8659061.0,40488348.0,3538.0,3626.0
2024-12,CITI BANK,CITI BANK,Foreign,0.0,0.0,0.0,0.0,0.0,0.0,223969.0,0.0,143621.0,1129885.0,237890.0,4018713.0,0.0,0.0,603.0,5218.0,0.0,0.0,0.0,0.0,0.0,0.0,0.0,0.0,0.0,0.0
2024-12,CITY UNION BANK,CITY UNION BANK LTD.,Private sector,1170.0,523.0,7302.0,92325.0,0.0,81930.0,26844.0,2963830.0,50134.0,226150.0,21729.0,241970.0,0.0,0.0,248.0,1419.0,471838.0,1333532.0,34791.0,121217.0,0.0,0.0,2378022.0,13297319.0,0.0,0.0
2024-12,CSB BANK,CSB BANK LTD.,Private sector,737.0,40.0,0.0,0.0,16412.0,0.0,153576.0,906711.0,280338.0,799122.0,1535641.0,1642650.0,0.0,0.0,0.0,0.0,160077.0,360315.0,9811.0,40212.0,0.0,0.0,445332.0,2246526.0,3.0,6.0
2024-12,DBS BANK INDIA,DBS INDIA BANK LTD,Foreign,440.0,336.0,647.0,90.0,0.0,7414.0,508863.0,1739117.0,537559.0,2468444.0,300166.0,2539124.0,0.0,0.0,3162.0,9522.0,197333.0,517354.0,95823.0,315570.0,0.0,0.0,743589.0,3960854.0,0.0,0.0
2024-12,DCB BANK,DCB BANK LTD,Private sector,425.0,5.0,8012.0,0.0,17395.0,0.0,41.0,821559.0,43.0,117.0,18.0,28.0,0.0,0.0,2.0,2.0,80717.0,266741.0,46796.0,162991.0,279.0,7609.0,284603.0,1637803.0,0.0,0.0
2024-12,DEUTSCHE BANK,DEUTSCHE BANK LTD,Foreign,13.0,2.0,0.0,0.0,0.0,8.0,0.0,104832.0,0.0,0.0,0.0,0.0,0.0,0.0,0.0,0.0,27883.0,99482.0,13034.0,51965.0,0.0,0.0,29911.0,184799.0,0.0,0.0
2024-12,DHANALAXMI BANK,DHANALAXMI BANK LTD,Private sector,241.0,39.0,1475.0,0.0,0.0,36330.0,12941.0,574838.0,27512.0,67881.0,6512.0,28925.0,0.0,0.0,288.0,1030.0,141256.0,291051.0,5738.0,13074.0,0.0,0.0,436340.0,1917014.0,0.0,0.0
2024-12,DOHA BANK Q P S C,DOHA BANK Q.P.S.C.,Foreign,2.0,0.0,0.0,0.0,0.0,0.0,0.0,22614.0,0.0,0.0,0.0,0.0,0.0,0.0,0.0,0.0,1000.0,3383.0,240.0,431.0,0.0,0.0,2248.0,13664.0,0.0,0.0
2024-12,EQUITAS SMALL FINANCE BANK,EQUITAS SMALL FINANCE BANK LTD,Small finance,371.0,4.0,2793.0,331.0,54769.0,0.0,11.0,1423522.0,73.0,119.0,31.0,62.0,0.0,0.0,7.0,4.0,111842.0,267289.0,27500.0,135753.0,0.0,0.0,1999779.0,5915523.0,0.0,0.0
2024-12,ESAF SMALL FINANCE BANK,ESAF SMALL FINANCE BANK LTD,Small finance,667.0,2.0,0.0,6274.0,0.0,0.0,47.0,5804134.0,67.0,203.0,327.0,186.0,0.0,0.0,0.0,0.0,146986.0,286827.0,9472.0,30198.0,0.0,0.0,839700.0,4019327.0,0.0,0.0
2024-12,FEDERAL BANK,FEDERAL BANK LTD,Private sector,1739.0,314.0,21058.0,0.0,0.0,5737909.0,1095127.0,13980395.0,2589902.0,7477130.0,1763004.0,9946996.0,0.0,0.0,5599.0,26634.0,2923729.0,8192476.0,1166964.0,4273894.0,3188.0,45183.0,7938001.0,40424701.0,53.0,52.0
2024-12,FINO PAYMENTS BANK,FINO PAYMENTS BANK,Payments bank,0.0,0.0,0.0,445603.0,0.0,11246.0,0.0,10036287.0,0.0,0.0,0.0,0.0,0.0,0.0,0.0,0.0,132064.0,313722.0,10252.0,41460.0,0.0,0.0,2171864.0,7357331.0,6.0,3.0
2024-12,HDFC BANK,HDFC BANK LTD,Private sector,12403.0,8646.0,1695039.0,2267.0,2250508.0,814156.0,23145038.0,58395284.0,79622189.0,188356627.0,34752317.0,343296596.0,0.0,0.0,200644.0,1311483.0,10324091.0,40093324.0,6776493.0,34352983.0,70085.0,1004028.0,34278579.0,231886539.0,2382.0,2440.0
2024-12,HSBC,HSBC LTD,Foreign,46.0,27.0,0.0,0.0,0.0,0.0,801372.0,842628.0,1096494.0,4204872.0,1644977.0,15443401.0,0.0,0.0,3195.0,22258.0,288260.0,1530967.0,0.0,0.0,0.0,0.0,252444.0,1540882.0,0.0,0.0
2024-12,ICICI BANK,ICICI BANK LTD,Private sector,10186.0,6088.0,1802952.0,6289.0,597253.0,3682428.0,17901052.0,31819602.0,20478069.0,107681723.0,60374419.0,242481050.0,69.0,4570.0,69336.0,346519.0,6093733.0,26905801.0,3443590.0,21042596.0,5960.0,122333.0,15269145.0,111707973.0,2.0,1.0
2024-12,IDBI BANK,IDBI BANK LTD,Private sector,2377.0,807.0,13522.0,1197.0,0.0,352568.0,41023.0,12107833.0,81011.0,339283.0,66640.0,263019.0,0.0,0.0,537.0,3132.0,1109950.0,2757146.0,215688.0,681957.0,0.0,0.0,5068995.0,26263758.0,108.0,54.0
2024-12,IDFC FIRST BANK,IDFC FIRST BANK LTD,Private sector,913.0,295.0,44375.0,7647.0,0.0,120368.0,3291800.0,6705953.0,10892866.0,20275258.0,2401694.0,16946769.0,0.0,0.0,26787.0,128393.0,634543.0,2181735.0,262269.0,3062234.0,0.0,0.0,3539100.0,19173071.0,0.0,0.0
2024-12,INDIA POST PAYMENTS BANK,INDIA POST PAYMENTS BANK,Payments bank,0.0,0.0,0.0,196421.0,0.0,1685722.0,0.0,21861433.0,0.0,0.0,0.0,0.0,0.0,0.0,0.0,0.0,0.0,0.0,204691.0,93386.0,0.0,0.0,0.0,0.0,0.0,0.0
2024-12,INDIAN BANK,INDIAN BANK,Public sector,4617.0,607.0,20921.0,13292.0,0.0,2867071.0,282514.0,33020751.0,238832.0,1055577.0,269017.0,1347319.0,0.0,0.0,4777.0,36844.0,2998465.0,7125558.0,559298.0,1339331.0,158.0,494.0,19223516.0,91525693.0,1479.0,1489.0
2024-12,INDIAN OVERSEAS BANK,INDIAN OVERSEAS BANK,Public sector,2764.0,737.0,0.0,9041.0,0.0,434804.0,65086.0,20478463.0,79359.0,250667.0,25487.0,100885.0,0.0,0.0,2658.0,13563.0,2278214.0,5157939.0,391387.0,953459.0,0.0,0.0,12214319.0,51422876.0,0.0,0.0
2024-12,INDUSIND BANK,INDUSIND BANK LTD,Private sector,1922.0,1071.0,249297.0,141.0,45568.0,7134005.0,3117373.0,11057251.0,4237848.0,57201554.0,7826116.0,36892186.0,0.0,0.0,24081.0,129306.0,718956.0,2237587.0,533990.0,2809269.0,978.0,84345.0,3890127.0,23959818.0,0.0,0.0
2024-12,JAMMU AND KASHMIR BANK,JAMMU AND KASHMIR BANK LTD,Private sector,944.0,633.0,14349.0,942.0,0.0,591902.0,125283.0,4733915.0,190265.0,1682543.0,103415.0,402799.0,0.0,0.0,9751.0,41588.0,819833.0,2251916.0,907824.0,645730.0,0.0,0.0,5162516.0,27926297.0,0.0,0.0
2024-12,JANA SMALL FINANCE BANK,JANA SMALL FINANCE BANK LTD,Small finance,58.0,2.0,0.0,122.0,0.0,503843.0,0.0,3653288.0,0.0,0.0,0.0,0.0,0.0,0.0,0.0,0.0,41673.0,90537.0,7603.0,25103.0,0.0,0.0,341543.0,1567549.0,0.0,0.0
2024-12,JIO PAYMENTS BANK,JIO PAYMENTS BANK,Payments bank,0.0,0.0,0.0,0.0,0.0,97465.0,0.0,373897.0,0.0,0.0,0.0,0.0,0.0,0.0,0.0,0.0,13452.0,12230.0,15850.0,30343.0,1573.0,616.0,50148.0,187822.0,0.0,0.0
2024-12,KARNATAKA BANK,KARNATAKA BANK LTD,Private sector,944.0,562.0,10590.0,0.0,0.0,110467.0,0.0,5490143.0,0.0,0.0,0.0,0.0,0.0,0.0,0.0,0.0,746880.0,1576205.0,53031.0,165968.0,0.0,0.0,3783632.0,18429414.0,0.0,0.0
2024-12,KARUR VYSYA BANK,KARUR VYSYA BANK LTD,Private sector,1493.0,704.0,2740.0,0.0,0.0,44653.0,10248.0,5112105.0,23237.0,171223.0,6815.0,105678.0,0.0,0.0,530.0,4273.0,913923.0,2433800.0,133535.0,608426.0,0.0,0.0,4041537.0,20155296.0,0.0,0.0
2024-12,KEB HANA BANK,KEB HANA BANK,Foreign,1.0,0.0,0.0,0.0,0.0,0.0,0.0,1601.0,0.0,0.0,0.0,0.0,0.0,0.0,0.0,0.0,1126.0,4123.0,138.0,485.0,0.0,0.0,348.0,2305.0,0.0,0.0
2024-12,KOOKMIN BANK,KOOKMIN BANK,Foreign,0.0,0.0,0.0,0.0,0.0,0.0,0.0,481.0,0.0,0.0,0.0,0.0,0.0,0.0,0.0,0.0,614.0,2612.0,230.0,452.0,0.0,0.0,116.0,711.0,0.0,0.0
2024-12,KOTAK MAHINDRA BANK,KOTAK MAHINDRA BANK LTD,Private sector,1896.0,1441.0,80585.0,0.0,138361.0,680132.0,5021613.0,34694454.0,11913684.0,27640905.0,4394932.0,40001652.0,0.0,0.0,27564.0,136814.0,1946707.0,5344279.0,1634794.0,5437832.0,0.0,0.0,10353795.0,52946254.0,0.0,0.0
2024-12,NAINITAL BANK,NAINITAL BANK LTD,Private sector,0.0,0.0,0.0,0.0,0.0,0.0,0.0,284607.0,0.0,0.0,0.0,0.0,0.0,0.0,0.0,0.0,14023.0,28509.0,3355.0,11159.0,0.0,0.0,68387.0,337461.0,0.0,0.0
2024-12,NORTH EAST SMALL FINANCE BANK,NORTH EAST SMALL FINANCE BANK LTD,Small finance,17.0,1.0,0.0,0.0,0.0,0.0,0.0,379538.0,0.0,0.0,0.0,0.0,0.0,0.0,0.0,0.0,4179.0,6365.0,1608.0,1704.0,0.0,0.0,143444.0,338139.0,46.0,38.0
2024-12,NSDL PAYMENTS BANK,NSDL PAYMENTS BANK,Payments bank,0.0,0.0,0.0,308604.0,0.0,0.0,0.0,1350504.0,0.0,0.0,0.0,0.0,0.0,0.0,0.0,0.0,14286.0,21104.0,47684.0,41236.0,0.0,0.0,469985.0,1137298.0,0.0,0.0
2024-12,PAYTM PAYMENTS BANK,PAYTM PAYMENTS BANK,Payments bank,0.0,0.0,0.0,0.0,0.0,0.0,0.0,30605276.0,0.0,0.0,0.0,0.0,0.0,0.0,0.0,0.0,123.0,103.0,500.0,210.0,0.0,0.0,151.0,412.0,0.0,0.0
2024-12,PUNJAB AND SIND BANK,PUNJAB AND SIND BANK,Public sector,1016.0,27.0,958.0,1665.0,1104.0,163637.0,0.0,3480941.0,0.0,0.0,0.0,0.0,0.0,0.0,0.0,0.0,296211.0,777893.0,90694.0,240433.0,0.0,0.0,1397823.0,6935195.0,0.0,0.0
2024-12,PUNJAB NATIONAL BANK,PUNJAB NATIONAL BANK,Public sector,7826.0,4208.0,34302.0,0.0,675513.0,708854.0,574560.0,41015342.0,370982.0,1627720.0,270780.0,1563233.0,2.0,70.0,7839.0,24790.0,4107211.0,10857167.0,1123656.0,2975135.0,0.0,0.0,24874549.0,128392112.0,0.0,0.0
2024-12,RBL BANK,RBL BANK LTD,Private sector,376.0,35.0,2119293.0,0.0,3429.0,138274.0,5038440.0,1610758.0,5540360.0,30437322.0,5424398.0,44776305.0,0.0,0.0,35592.0,156871.0,157192.0,476897.0,91766.0,644532.0,71.0,3187.0,519098.0,2789844.0,0.0,0.0
2024-12,SBM BANK INDIA,SBM BANK INDIA LTD,Foreign,0.0,0.0,0.0,0.0,0.0,0.0,693987.0,820325.0,225432.0,367722.0,427934.0,957436.0,0.0,0.0,7397.0,34097.0,9276.0,26656.0,7131.0,21420.0,0.0,0.0,28748.0,86118.0,0.0,0.0
2024-12,SHIVALIK SMALL FINANCE BANK,SHIVALIK SMALL FINANCE BANK LTD,Small finance,0.0,0.0,0.0,0.0,0.0,0.0,0.0,70234.0,0.0,0.0,0.0,0.0,0.0,0.0,0.0,0.0,2918.0,7334.0,2095.0,10003.0,0.0,0.0,25210.0,137464.0,0.0,0.0
2024-12,SOUTH INDIAN BANK,SOUTH INDIAN BANK,Private sector,910.0,370.0,13940.0,0.0,38917.0,99928.0,385372.0,3777228.0,652597.0,2514753.0,673909.0,4326771.0,0.0,0.0,0.0,0.0,1033157.0,2793941.0,168593.0,801652.0,0.0,0.0,2870579.0,14604445.0,0.0,0.0
2024-12,STANDARD CHARTERED BANK,STANDARD CHARTERED BANK LTD,Foreign,101.0,46.0,0.0,0.0,0.0,0.0,928039.0,1029810.0,1120394.0,4261299.0,1169801.0,6374806.0,0.0,0.0,2172.0,14377.0,342183.0,1213449.0,146949.0,599237.0,37.0,706.0,612364.0,3271071.0,0.0,0.0
2024-12,STATE BANK OF INDIA,STATE BANK OF INDIA,Public sector,26468.0,37646.0,1480273.0,46525.0,970920.0,4584539.0,20246942.0,240315298.0,27523011.0,112074000.0,44953793.0,170060840.0,0.0,0.0,141564.0,588195.0,31287368.0,78587116.0,6488176.0,19458960.0,843.0,11915.0,159324615.0,846159589.0,16657.0,15314.0
2024-12,SURYODAY SMALL FINANCE BANK,SURYODAY SMALL FINANCE BANK LTD,Small finance,0.0,0.0,0.0,67.0,0.0,0.0,17.0,828938.0,2.0,0.0,19.0,6.0,0.0,0.0,0.0,0.0,50906.0,57606.0,973.0,4056.0,0.0,0.0,69171.0,273058.0,0.0,0.0
2024-12,TAMILNAD MERCANTILE BANK,TAMILNAD MERCANTILE BANK LTD,Private sector,508.0,654.0,2346.0,0.0,0.0,168891.0,33049.0,2384102.0,44678.0,205222.0,16647.0,105848.0,0.0,0.0,2039.0,8432.0,357803.0,951667.0,29642.0,131829.0,90.0,249.0,4702814.0,21639415.0,0.0,0.0
2024-12,UCO BANK,UCO BANK,Public sector,2254.0,223.0,10860.0,3568.0,241.0,1221759.0,0.0,12454245.0,0.0,0.0,0.0,0.0,0.0,0.0,0.0,0.0,874446.0,2273536.0,288847.0,714244.0,594.0,8358.0,6352610.0,30228287.0,218.0,203.0
2024-12,UJJIVAN SMALL FINANCE BANK,UJJIVAN SMALL FINANCE BANK LTD,Small finance,607.0,4.0,0.0,0.0,0.0,624349.0,0.0,7348988.0,0.0,0.0,0.0,0.0,0.0,0.0,0.0,0.0,141539.0,280875.0,37149.0,128106.0,0.0,0.0,2789698.0,10500820.0,11.0,8.0
2024-12,UNION BANK OF INDIA,UNION BANK OF INDIA,Public sector,5557.0,1206.0,49500.0,8005.0,304258.0,287913.0,551230.0,60574547.0,573594.0,2493392.0,1566213.0,3206909.0,0.0,0.0,10014.0,43377.0,4576671.0,10630462.0,1723015.0,3843064.0,2943.0,11101.0,44069604.0,133559127.0,995.0,6005.0
2024-12,UNITY SMALL FINANCE BANK,UNITY SMALL FINANCE BANK LTD,Small finance,180.0,0.0,0.0,0.0,0.0,0.0,0.0,59135.0,0.0,0.0,0.0,0.0,0.0,0.0,0.0,0.0,6884.0,12039.0,497.0,2063.0,0.0,0.0,23826.0,92368.0,0.0,0.0
2024-12,UTKARSH SMALL FINANCE BANK,UTKARSH SMALL FINANCE BANK LTD,Small finance,356.0,7.0,0.0,713.0,0.0,39171.0,66268.0,1688966.0,3074.0,5446.0,18456.0,15852.0,439519.0,73332.0,146.0,143.0,27257.0,105238.0,6817.0,64130.0,9.0,178.0,241866.0,1438709.0,0.0,0.0
2024-12,WOORI BANK,WOORI BANK,Foreign,0.0,0.0,0.0,0.0,0.0,0.0,0.0,1282.0,0.0,0.0,0.0,0.0,0.0,0.0,0.0,0.0,2222.0,8017.0,1046.0,2994.0,0.0,0.0,644.0,4807.0,0.0,0.0
2024-12,YES BANK,YES BANK LTD,Private sector,1168.0,157.0,98651.0,95092.0,197898.0,491987520.0,2407944.0,5022677.0,8607804.0,17484425.0,1113324.0,13531692.0,0.0,0.0,16453.0,85731.0,531199.0,1576969.0,138255.0,886384.0,32.0,426.0,2124479.0,11495120.0,248.0,248.0
